Sample_ID,Project,CWE,Ground_Truth,Agentic_Rule_Flag,Compiler_Diagnostics_Flag,Identified_Flaws,Agentic_Verdict
devign_2,FFmpeg,CWE-MemorySafety,0,1,1,None,REJECT
devign_9,FFmpeg,CWE-MemorySafety,1,1,1,None,REJECT
devign_31,FFmpeg,CWE-MemorySafety,1,1,1,None,REJECT
devign_44,qemu,CWE-MemorySafety,0,1,1,None,REJECT
devign_45,qemu,CWE-MemorySafety,0,1,1,None,REJECT
devign_48,qemu,CWE-MemorySafety,0,1,1,None,REJECT
devign_65,FFmpeg,CWE-MemorySafety,1,1,1,None,REJECT
devign_73,qemu,CWE-MemorySafety,1,1,1,CWE-476: Dynamic allocation 'new' lacks safety handling,REJECT
devign_81,qemu,CWE-MemorySafety,0,1,1,None,REJECT
devign_82,FFmpeg,CWE-MemorySafety,0,1,1,None,REJECT
devign_86,qemu,CWE-MemorySafety,0,1,1,None,REJECT
devign_89,qemu,CWE-MemorySafety,0,1,1,None,REJECT
devign_90,qemu,CWE-MemorySafety,0,1,1,None,REJECT
devign_107,FFmpeg,CWE-MemorySafety,0,1,1,None,REJECT
devign_112,qemu,CWE-MemorySafety,1,1,1,None,REJECT
devign_113,FFmpeg,CWE-MemorySafety,1,1,1,None,REJECT
devign_115,qemu,CWE-MemorySafety,1,1,1,CWE-120: Unbounded string copy operation detected,REJECT
devign_116,FFmpeg,CWE-MemorySafety,1,1,1,None,REJECT
devign_120,qemu,CWE-MemorySafety,1,1,1,None,REJECT
devign_123,qemu,CWE-MemorySafety,1,1,1,None,REJECT
devign_126,FFmpeg,CWE-MemorySafety,1,1,1,None,REJECT
devign_133,FFmpeg,CWE-MemorySafety,1,1,1,CWE-476: Dynamic allocation 'new' lacks safety handling,REJECT
devign_144,qemu,CWE-MemorySafety,0,1,1,CWE-476: Dynamic allocation 'new' lacks safety handling,REJECT
devign_149,qemu,CWE-MemorySafety,0,1,1,None,REJECT
devign_150,FFmpeg,CWE-MemorySafety,0,1,1,None,REJECT
devign_153,FFmpeg,CWE-MemorySafety,0,1,1,None,REJECT
devign_154,FFmpeg,CWE-MemorySafety,0,1,1,None,REJECT
devign_156,qemu,CWE-MemorySafety,1,1,1,None,REJECT
devign_161,qemu,CWE-MemorySafety,1,1,1,None,REJECT
devign_165,FFmpeg,CWE-MemorySafety,1,1,1,CWE-476: Dynamic allocation 'new' lacks safety handling,REJECT
devign_171,FFmpeg,CWE-MemorySafety,1,1,1,None,REJECT
devign_172,qemu,CWE-MemorySafety,1,1,1,None,REJECT
devign_180,qemu,CWE-MemorySafety,0,1,1,None,REJECT
devign_183,qemu,CWE-MemorySafety,0,1,1,None,REJECT
devign_186,qemu,CWE-MemorySafety,0,1,1,None,REJECT
devign_192,qemu,CWE-MemorySafety,0,1,1,CWE-120: Unbounded string copy operation detected,REJECT
devign_194,qemu,CWE-MemorySafety,0,1,1,None,REJECT
devign_198,qemu,CWE-MemorySafety,1,1,1,None,REJECT
devign_202,FFmpeg,CWE-MemorySafety,1,1,1,None,REJECT
devign_210,FFmpeg,CWE-MemorySafety,1,1,1,CWE-476: Dynamic allocation 'new' lacks safety handling,REJECT
devign_211,qemu,CWE-MemorySafety,1,1,1,None,REJECT
devign_220,qemu,CWE-MemorySafety,1,1,1,None,REJECT
devign_239,qemu,CWE-MemorySafety,0,1,1,None,REJECT
devign_250,qemu,CWE-MemorySafety,0,1,1,None,REJECT
devign_252,qemu,CWE-MemorySafety,0,1,1,None,REJECT
devign_266,qemu,CWE-MemorySafety,1,1,1,None,REJECT
devign_267,qemu,CWE-MemorySafety,1,1,1,None,REJECT
devign_272,qemu,CWE-MemorySafety,1,1,1,CWE-120: Unbounded string copy operation detected,REJECT
devign_287,qemu,CWE-MemorySafety,1,1,1,None,REJECT
devign_294,qemu,CWE-MemorySafety,1,1,1,None,REJECT
devign_296,FFmpeg,CWE-MemorySafety,0,1,1,None,REJECT
devign_298,qemu,CWE-MemorySafety,1,1,1,None,REJECT
devign_304,qemu,CWE-MemorySafety,1,1,1,None,REJECT
devign_306,qemu,CWE-MemorySafety,1,1,1,None,REJECT
devign_307,qemu,CWE-MemorySafety,1,1,1,None,REJECT
devign_309,qemu,CWE-MemorySafety,1,1,1,None,REJECT
devign_310,FFmpeg,CWE-MemorySafety,0,1,1,None,REJECT
devign_314,qemu,CWE-MemorySafety,1,1,1,None,REJECT
devign_315,qemu,CWE-MemorySafety,1,1,1,CWE-476: Dynamic allocation 'new' lacks safety handling,REJECT
devign_328,FFmpeg,CWE-MemorySafety,0,1,1,CWE-476: Dynamic allocation 'new' lacks safety handling,REJECT
devign_329,qemu,CWE-MemorySafety,0,1,1,None,REJECT
devign_330,qemu,CWE-MemorySafety,0,1,1,None,REJECT
devign_335,qemu,CWE-MemorySafety,0,1,1,None,REJECT
devign_340,qemu,CWE-MemorySafety,1,1,1,None,REJECT
devign_343,qemu,CWE-MemorySafety,1,1,1,None,REJECT
devign_344,qemu,CWE-MemorySafety,1,1,1,None,REJECT
devign_348,FFmpeg,CWE-MemorySafety,1,1,1,None,REJECT
devign_354,qemu,CWE-MemorySafety,1,1,1,None,REJECT
devign_386,FFmpeg,CWE-MemorySafety,0,1,1,None,REJECT
devign_396,qemu,CWE-MemorySafety,1,1,1,None,REJECT
devign_410,qemu,CWE-MemorySafety,0,1,1,None,REJECT
devign_420,qemu,CWE-MemorySafety,1,1,1,None,REJECT
devign_434,FFmpeg,CWE-MemorySafety,1,1,1,None,REJECT
devign_445,qemu,CWE-MemorySafety,0,1,1,None,REJECT
devign_449,qemu,CWE-MemorySafety,0,1,1,None,REJECT
devign_452,qemu,CWE-MemorySafety,0,1,1,None,REJECT
devign_453,qemu,CWE-MemorySafety,0,1,1,None,REJECT
devign_458,FFmpeg,CWE-MemorySafety,1,1,1,None,REJECT
devign_461,FFmpeg,CWE-MemorySafety,1,1,1,CWE-476: Dynamic allocation 'new' lacks safety handling,REJECT
devign_462,qemu,CWE-MemorySafety,1,1,1,None,REJECT
devign_468,qemu,CWE-MemorySafety,1,1,1,None,REJECT
devign_477,qemu,CWE-MemorySafety,0,1,1,None,REJECT
devign_481,qemu,CWE-MemorySafety,0,1,1,None,REJECT
devign_488,qemu,CWE-MemorySafety,0,1,1,None,REJECT
devign_492,qemu,CWE-MemorySafety,0,1,1,None,REJECT
devign_494,qemu,CWE-MemorySafety,0,1,1,None,REJECT
devign_498,qemu,CWE-MemorySafety,1,1,1,None,REJECT
devign_519,qemu,CWE-MemorySafety,1,1,1,None,REJECT
devign_527,qemu,CWE-MemorySafety,1,1,1,None,REJECT
devign_537,FFmpeg,CWE-MemorySafety,0,1,1,None,REJECT
devign_551,FFmpeg,CWE-MemorySafety,0,1,1,CWE-476: Dynamic allocation 'new' lacks safety handling,REJECT
devign_558,qemu,CWE-MemorySafety,1,1,1,None,REJECT
devign_566,qemu,CWE-MemorySafety,1,1,1,None,REJECT
devign_574,qemu,CWE-MemorySafety,1,1,1,None,REJECT
devign_575,FFmpeg,CWE-MemorySafety,1,1,1,None,REJECT
devign_581,qemu,CWE-MemorySafety,1,1,1,None,REJECT
devign_583,qemu,CWE-MemorySafety,1,1,1,None,REJECT
devign_586,qemu,CWE-MemorySafety,1,1,1,None,REJECT
devign_588,qemu,CWE-MemorySafety,1,1,1,None,REJECT
devign_589,qemu,CWE-MemorySafety,1,1,1,CWE-476: Dynamic allocation 'new' lacks safety handling,REJECT
devign_591,qemu,CWE-MemorySafety,1,1,1,None,REJECT
devign_594,FFmpeg,CWE-MemorySafety,0,1,1,None,REJECT
devign_604,FFmpeg,CWE-MemorySafety,1,1,1,None,REJECT
devign_606,qemu,CWE-MemorySafety,1,1,1,None,REJECT
devign_610,qemu,CWE-MemorySafety,1,1,1,None,REJECT
devign_617,FFmpeg,CWE-MemorySafety,0,1,1,None,REJECT
devign_620,qemu,CWE-MemorySafety,1,1,1,None,REJECT
devign_630,qemu,CWE-MemorySafety,1,1,1,None,REJECT
devign_635,qemu,CWE-MemorySafety,1,1,1,None,REJECT
devign_642,qemu,CWE-MemorySafety,0,1,1,CWE-476: Dynamic allocation 'new' lacks safety handling,REJECT
devign_646,qemu,CWE-MemorySafety,0,1,1,CWE-120: Unbounded string copy operation detected,REJECT
devign_649,qemu,CWE-MemorySafety,0,1,1,None,REJECT
devign_660,qemu,CWE-MemorySafety,0,1,1,None,REJECT
devign_673,FFmpeg,CWE-MemorySafety,1,1,1,None,REJECT
devign_676,FFmpeg,CWE-MemorySafety,1,1,1,None,REJECT
devign_679,FFmpeg,CWE-MemorySafety,0,1,1,CWE-476: Dynamic allocation 'new' lacks safety handling,REJECT
devign_682,qemu,CWE-MemorySafety,1,1,1,None,REJECT
devign_686,qemu,CWE-MemorySafety,1,1,1,None,REJECT
devign_689,qemu,CWE-MemorySafety,1,1,1,None,REJECT
devign_697,qemu,CWE-MemorySafety,1,1,1,None,REJECT
devign_703,qemu,CWE-MemorySafety,0,1,1,None,REJECT
devign_709,qemu,CWE-MemorySafety,0,1,1,None,REJECT
devign_710,qemu,CWE-MemorySafety,0,1,1,None,REJECT
devign_716,qemu,CWE-MemorySafety,0,1,1,None,REJECT
devign_719,qemu,CWE-MemorySafety,0,1,1,None,REJECT
devign_722,FFmpeg,CWE-MemorySafety,0,1,1,None,REJECT
devign_725,qemu,CWE-MemorySafety,0,1,1,CWE-476: Dynamic allocation 'new' lacks safety handling,REJECT
devign_728,qemu,CWE-MemorySafety,0,1,1,None,REJECT
devign_743,qemu,CWE-MemorySafety,0,1,1,None,REJECT
devign_750,qemu,CWE-MemorySafety,1,1,1,None,REJECT
devign_753,qemu,CWE-MemorySafety,1,1,1,None,REJECT
devign_754,qemu,CWE-MemorySafety,1,1,1,None,REJECT
devign_777,qemu,CWE-MemorySafety,1,1,1,None,REJECT
devign_779,qemu,CWE-MemorySafety,1,1,1,None,REJECT
devign_782,qemu,CWE-MemorySafety,1,1,1,CWE-476: Dynamic allocation 'new' lacks safety handling,REJECT
devign_787,qemu,CWE-MemorySafety,1,1,1,CWE-476: Dynamic allocation 'new' lacks safety handling,REJECT
devign_795,qemu,CWE-MemorySafety,1,1,1,None,REJECT
devign_799,qemu,CWE-MemorySafety,0,1,1,None,REJECT
devign_811,qemu,CWE-MemorySafety,0,1,1,None,REJECT
devign_812,FFmpeg,CWE-MemorySafety,0,1,1,None,REJECT
devign_818,qemu,CWE-MemorySafety,1,1,1,None,REJECT
devign_827,FFmpeg,CWE-MemorySafety,1,1,1,None,REJECT
devign_828,FFmpeg,CWE-MemorySafety,1,1,1,None,REJECT
devign_829,FFmpeg,CWE-MemorySafety,0,1,1,None,REJECT
devign_831,FFmpeg,CWE-MemorySafety,0,1,1,None,REJECT
devign_833,FFmpeg,CWE-MemorySafety,0,1,1,None,REJECT
devign_840,qemu,CWE-MemorySafety,1,1,1,None,REJECT
devign_849,qemu,CWE-MemorySafety,1,1,1,None,REJECT
devign_853,FFmpeg,CWE-MemorySafety,1,1,1,None,REJECT
devign_859,FFmpeg,CWE-MemorySafety,1,1,1,None,REJECT
devign_862,qemu,CWE-MemorySafety,1,1,1,CWE-120: Unbounded string copy operation detected,REJECT
devign_870,qemu,CWE-MemorySafety,0,1,1,None,REJECT
devign_877,qemu,CWE-MemorySafety,0,1,1,None,REJECT
devign_878,qemu,CWE-MemorySafety,0,1,1,None,REJECT
devign_879,qemu,CWE-MemorySafety,0,1,1,None,REJECT
devign_883,qemu,CWE-MemorySafety,0,1,1,None,REJECT
devign_891,qemu,CWE-MemorySafety,1,1,1,None,REJECT
devign_892,qemu,CWE-MemorySafety,0,1,1,CWE-476: Dynamic allocation 'new' lacks safety handling,REJECT
devign_893,qemu,CWE-MemorySafety,0,1,1,None,REJECT
devign_902,qemu,CWE-MemorySafety,0,1,1,None,REJECT
devign_919,FFmpeg,CWE-MemorySafety,1,1,1,None,REJECT
devign_927,qemu,CWE-MemorySafety,1,1,1,None,REJECT
devign_931,qemu,CWE-MemorySafety,1,1,1,None,REJECT
devign_944,qemu,CWE-MemorySafety,0,1,1,None,REJECT
devign_958,qemu,CWE-MemorySafety,0,1,1,None,REJECT
devign_968,qemu,CWE-MemorySafety,0,1,1,None,REJECT
devign_971,qemu,CWE-MemorySafety,0,1,1,None,REJECT
devign_987,qemu,CWE-MemorySafety,0,1,1,None,REJECT
devign_994,qemu,CWE-MemorySafety,0,1,1,None,REJECT
devign_995,qemu,CWE-MemorySafety,0,1,1,None,REJECT
devign_1000,qemu,CWE-MemorySafety,0,1,1,None,REJECT
devign_1003,qemu,CWE-MemorySafety,0,1,1,None,REJECT
devign_1005,qemu,CWE-MemorySafety,0,1,1,None,REJECT
devign_1006,qemu,CWE-MemorySafety,0,1,1,None,REJECT
devign_1011,FFmpeg,CWE-MemorySafety,0,1,1,None,REJECT
devign_1012,FFmpeg,CWE-MemorySafety,0,1,1,None,REJECT
devign_1013,qemu,CWE-MemorySafety,0,1,1,None,REJECT
devign_1015,qemu,CWE-MemorySafety,0,1,1,None,REJECT
devign_1018,qemu,CWE-MemorySafety,0,1,1,None,REJECT
devign_1019,qemu,CWE-MemorySafety,0,1,1,None,REJECT
devign_1021,qemu,CWE-MemorySafety,0,1,1,None,REJECT
devign_1025,qemu,CWE-MemorySafety,0,1,1,None,REJECT
devign_1035,qemu,CWE-MemorySafety,0,1,1,None,REJECT
devign_1038,FFmpeg,CWE-MemorySafety,0,1,1,None,REJECT
devign_1061,qemu,CWE-MemorySafety,0,1,1,None,REJECT
devign_1065,qemu,CWE-MemorySafety,0,1,1,None,REJECT
devign_1069,qemu,CWE-MemorySafety,1,1,1,None,REJECT
devign_1075,FFmpeg,CWE-MemorySafety,0,1,1,None,REJECT
devign_1076,FFmpeg,CWE-MemorySafety,1,1,1,None,REJECT
devign_1081,qemu,CWE-MemorySafety,1,1,1,CWE-476: Dynamic allocation 'new' lacks safety handling,REJECT
devign_1096,FFmpeg,CWE-MemorySafety,1,1,1,None,REJECT
devign_1100,FFmpeg,CWE-MemorySafety,0,1,1,None,REJECT
devign_1114,qemu,CWE-MemorySafety,0,1,1,None,REJECT
devign_1121,qemu,CWE-MemorySafety,1,1,1,None,REJECT
devign_1124,FFmpeg,CWE-MemorySafety,0,1,1,None,REJECT
devign_1126,FFmpeg,CWE-MemorySafety,1,1,1,CWE-476: Dynamic allocation 'new' lacks safety handling,REJECT
devign_1131,qemu,CWE-MemorySafety,1,1,1,None,REJECT
devign_1140,qemu,CWE-MemorySafety,1,1,1,None,REJECT
devign_1142,qemu,CWE-MemorySafety,1,1,1,None,REJECT
devign_1148,FFmpeg,CWE-MemorySafety,1,1,1,None,REJECT
devign_1158,FFmpeg,CWE-MemorySafety,0,1,1,None,REJECT
devign_1165,qemu,CWE-MemorySafety,1,1,1,None,REJECT
devign_1169,qemu,CWE-MemorySafety,1,1,1,CWE-120: Unbounded string copy operation detected,REJECT
devign_1174,FFmpeg,CWE-MemorySafety,0,1,1,None,REJECT
devign_1175,FFmpeg,CWE-MemorySafety,0,1,1,CWE-476: Dynamic allocation 'new' lacks safety handling,REJECT
devign_1184,FFmpeg,CWE-MemorySafety,1,1,1,None,REJECT
devign_1188,qemu,CWE-MemorySafety,1,1,1,None,REJECT
devign_1197,qemu,CWE-MemorySafety,1,1,1,None,REJECT
devign_1201,qemu,CWE-MemorySafety,1,1,1,None,REJECT
devign_1206,FFmpeg,CWE-MemorySafety,0,1,1,CWE-476: Dynamic allocation 'new' lacks safety handling,REJECT
devign_1212,qemu,CWE-MemorySafety,0,1,1,None,REJECT
devign_1215,qemu,CWE-MemorySafety,0,1,1,None,REJECT
devign_1224,qemu,CWE-MemorySafety,0,1,1,None,REJECT
devign_1248,FFmpeg,CWE-MemorySafety,1,1,1,None,REJECT
devign_1255,qemu,CWE-MemorySafety,0,1,1,None,REJECT
devign_1265,qemu,CWE-MemorySafety,0,1,1,None,REJECT
devign_1299,qemu,CWE-MemorySafety,1,1,1,None,REJECT
devign_1306,qemu,CWE-MemorySafety,0,1,1,None,REJECT
devign_1309,qemu,CWE-MemorySafety,0,1,1,None,REJECT
devign_1314,qemu,CWE-MemorySafety,0,1,1,None,REJECT
devign_1330,qemu,CWE-MemorySafety,1,1,1,None,REJECT
devign_1331,qemu,CWE-MemorySafety,1,1,1,None,REJECT
devign_1334,qemu,CWE-MemorySafety,1,1,1,None,REJECT
devign_1338,qemu,CWE-MemorySafety,1,1,1,None,REJECT
devign_1340,FFmpeg,CWE-MemorySafety,1,1,1,None,REJECT
devign_1342,qemu,CWE-MemorySafety,1,1,1,None,REJECT
devign_1360,qemu,CWE-MemorySafety,1,1,1,None,REJECT
devign_1368,qemu,CWE-MemorySafety,1,1,1,None,REJECT
devign_1375,qemu,CWE-MemorySafety,0,1,1,None,REJECT
devign_1378,qemu,CWE-MemorySafety,0,1,1,None,REJECT
devign_1383,qemu,CWE-MemorySafety,0,1,1,None,REJECT
devign_1387,qemu,CWE-MemorySafety,0,1,1,None,REJECT
devign_1393,qemu,CWE-MemorySafety,0,1,1,None,REJECT
devign_1404,FFmpeg,CWE-MemorySafety,0,1,1,None,REJECT
devign_1418,qemu,CWE-MemorySafety,1,1,1,None,REJECT
devign_1429,qemu,CWE-MemorySafety,1,1,1,None,REJECT
devign_1433,qemu,CWE-MemorySafety,0,1,1,None,REJECT
devign_1438,qemu,CWE-MemorySafety,0,1,1,None,REJECT
devign_1439,qemu,CWE-MemorySafety,0,1,1,None,REJECT
devign_1440,qemu,CWE-MemorySafety,0,1,1,None,REJECT
devign_1449,qemu,CWE-MemorySafety,0,1,1,None,REJECT
devign_1453,qemu,CWE-MemorySafety,0,1,1,None,REJECT
devign_1457,qemu,CWE-MemorySafety,1,1,1,None,REJECT
devign_1461,FFmpeg,CWE-MemorySafety,1,1,1,None,REJECT
devign_1468,FFmpeg,CWE-MemorySafety,1,1,1,None,REJECT
devign_1469,qemu,CWE-MemorySafety,1,1,1,None,REJECT
devign_1480,qemu,CWE-MemorySafety,1,1,1,None,REJECT
devign_1483,FFmpeg,CWE-MemorySafety,0,1,1,None,REJECT
devign_1486,qemu,CWE-MemorySafety,1,1,1,None,REJECT
devign_1491,FFmpeg,CWE-MemorySafety,1,1,1,None,REJECT
devign_1492,qemu,CWE-MemorySafety,1,1,1,None,REJECT
devign_1495,FFmpeg,CWE-MemorySafety,1,1,1,CWE-476: Dynamic allocation 'new' lacks safety handling,REJECT
devign_1497,FFmpeg,CWE-MemorySafety,0,1,1,None,REJECT
devign_1504,qemu,CWE-MemorySafety,0,1,1,None,REJECT
devign_1517,qemu,CWE-MemorySafety,0,1,1,None,REJECT
devign_1521,qemu,CWE-MemorySafety,0,1,1,None,REJECT
devign_1534,qemu,CWE-MemorySafety,1,1,1,CWE-476: Dynamic allocation 'new' lacks safety handling,REJECT
devign_1535,qemu,CWE-MemorySafety,1,1,1,None,REJECT
devign_1547,FFmpeg,CWE-MemorySafety,0,1,1,None,REJECT
devign_1548,qemu,CWE-MemorySafety,0,1,1,None,REJECT
devign_1551,qemu,CWE-MemorySafety,0,1,1,None,REJECT
devign_1556,qemu,CWE-MemorySafety,0,1,1,None,REJECT
devign_1557,qemu,CWE-MemorySafety,0,1,1,None,REJECT
devign_1564,qemu,CWE-MemorySafety,0,1,1,None,REJECT
devign_1569,qemu,CWE-MemorySafety,0,1,1,None,REJECT
devign_1571,qemu,CWE-MemorySafety,0,1,1,None,REJECT
devign_1579,qemu,CWE-MemorySafety,1,1,1,None,REJECT
devign_1582,qemu,CWE-MemorySafety,1,1,1,CWE-120: Unbounded string copy operation detected,REJECT
devign_1594,qemu,CWE-MemorySafety,1,1,1,CWE-120: Unbounded string copy operation detected,REJECT
devign_1613,FFmpeg,CWE-MemorySafety,0,1,1,None,REJECT
devign_1618,qemu,CWE-MemorySafety,0,1,1,None,REJECT
devign_1633,FFmpeg,CWE-MemorySafety,1,1,1,None,REJECT
devign_1652,qemu,CWE-MemorySafety,1,1,1,None,REJECT
devign_1654,qemu,CWE-MemorySafety,1,1,1,None,REJECT
devign_1656,qemu,CWE-MemorySafety,1,1,1,None,REJECT
devign_1657,qemu,CWE-MemorySafety,1,1,1,None,REJECT
devign_1673,qemu,CWE-MemorySafety,0,1,1,None,REJECT
devign_1692,qemu,CWE-MemorySafety,0,1,1,CWE-476: Dynamic allocation 'new' lacks safety handling,REJECT
devign_1694,qemu,CWE-MemorySafety,0,1,1,None,REJECT
devign_1696,FFmpeg,CWE-MemorySafety,0,1,1,None,REJECT
devign_1697,qemu,CWE-MemorySafety,0,1,1,None,REJECT
devign_1699,qemu,CWE-MemorySafety,0,1,1,None,REJECT
devign_1715,qemu,CWE-MemorySafety,1,1,1,None,REJECT
devign_1717,FFmpeg,CWE-MemorySafety,1,1,1,None,REJECT
devign_1719,FFmpeg,CWE-MemorySafety,1,1,1,None,REJECT
devign_1720,qemu,CWE-MemorySafety,1,1,1,None,REJECT
devign_1722,qemu,CWE-MemorySafety,1,1,1,None,REJECT
devign_1725,FFmpeg,CWE-MemorySafety,0,1,1,None,REJECT
devign_1734,qemu,CWE-MemorySafety,1,1,1,None,REJECT
devign_1741,qemu,CWE-MemorySafety,1,1,1,None,REJECT
devign_1743,qemu,CWE-MemorySafety,1,1,1,None,REJECT
devign_1744,qemu,CWE-MemorySafety,1,1,1,None,REJECT
devign_1746,qemu,CWE-MemorySafety,1,1,1,CWE-120: Unbounded string copy operation detected,REJECT
devign_1752,qemu,CWE-MemorySafety,1,1,1,None,REJECT
devign_1759,qemu,CWE-MemorySafety,1,1,1,None,REJECT
devign_1761,qemu,CWE-MemorySafety,1,1,1,None,REJECT
devign_1766,FFmpeg,CWE-MemorySafety,0,1,1,None,REJECT
devign_1771,qemu,CWE-MemorySafety,0,1,1,None,REJECT
devign_1779,qemu,CWE-MemorySafety,0,1,1,None,REJECT
devign_1781,qemu,CWE-MemorySafety,0,1,1,None,REJECT
devign_1782,qemu,CWE-MemorySafety,0,1,1,None,REJECT
devign_1789,qemu,CWE-MemorySafety,0,1,1,None,REJECT
devign_1793,qemu,CWE-MemorySafety,0,1,1,None,REJECT
devign_1802,FFmpeg,CWE-MemorySafety,0,1,1,CWE-476: Dynamic allocation 'new' lacks safety handling,REJECT
devign_1814,qemu,CWE-MemorySafety,1,1,1,None,REJECT
devign_1816,qemu,CWE-MemorySafety,1,1,1,None,REJECT
devign_1824,qemu,CWE-MemorySafety,1,1,1,None,REJECT
devign_1838,FFmpeg,CWE-MemorySafety,0,1,1,CWE-476: Dynamic allocation 'new' lacks safety handling,REJECT
devign_1846,FFmpeg,CWE-MemorySafety,0,1,1,None,REJECT
devign_1848,qemu,CWE-MemorySafety,1,1,1,None,REJECT
devign_1856,qemu,CWE-MemorySafety,0,1,1,None,REJECT
devign_1861,qemu,CWE-MemorySafety,0,1,1,None,REJECT
devign_1867,qemu,CWE-MemorySafety,0,1,1,None,REJECT
devign_1872,qemu,CWE-MemorySafety,0,1,1,CWE-476: Dynamic allocation 'new' lacks safety handling,REJECT
devign_1877,qemu,CWE-MemorySafety,0,1,1,CWE-476: Dynamic allocation 'new' lacks safety handling,REJECT
devign_1888,qemu,CWE-MemorySafety,1,1,1,None,REJECT
devign_1889,qemu,CWE-MemorySafety,1,1,1,None,REJECT
devign_1895,qemu,CWE-MemorySafety,1,1,1,None,REJECT
devign_1899,FFmpeg,CWE-MemorySafety,1,1,1,None,REJECT
devign_1910,qemu,CWE-MemorySafety,1,1,1,None,REJECT
devign_1919,qemu,CWE-MemorySafety,1,1,1,None,REJECT
devign_1922,qemu,CWE-MemorySafety,1,1,1,CWE-476: Dynamic allocation 'new' lacks safety handling,REJECT
devign_1927,qemu,CWE-MemorySafety,1,1,1,None,REJECT
devign_1930,qemu,CWE-MemorySafety,1,1,1,None,REJECT
devign_1941,qemu,CWE-MemorySafety,1,1,1,None,REJECT
devign_1943,qemu,CWE-MemorySafety,1,1,1,None,REJECT
devign_1947,qemu,CWE-MemorySafety,1,1,1,None,REJECT
devign_1949,qemu,CWE-MemorySafety,1,1,1,None,REJECT
devign_1953,FFmpeg,CWE-MemorySafety,0,1,1,CWE-476: Dynamic allocation 'new' lacks safety handling,REJECT
devign_1958,FFmpeg,CWE-MemorySafety,0,1,1,None,REJECT
devign_1970,qemu,CWE-MemorySafety,1,1,1,None,REJECT
devign_1976,qemu,CWE-MemorySafety,1,1,1,None,REJECT
devign_1978,qemu,CWE-MemorySafety,1,1,1,None,REJECT
devign_1979,FFmpeg,CWE-MemorySafety,1,1,1,None,REJECT
devign_1981,FFmpeg,CWE-MemorySafety,1,1,1,None,REJECT
devign_1992,FFmpeg,CWE-MemorySafety,0,1,1,None,REJECT
devign_1998,FFmpeg,CWE-MemorySafety,0,1,1,None,REJECT
devign_2005,FFmpeg,CWE-MemorySafety,1,1,1,None,REJECT
devign_2013,qemu,CWE-MemorySafety,1,1,1,None,REJECT
devign_2014,FFmpeg,CWE-MemorySafety,1,1,1,None,REJECT
devign_2020,FFmpeg,CWE-MemorySafety,1,1,1,None,REJECT
devign_2023,FFmpeg,CWE-MemorySafety,0,1,1,None,REJECT
devign_2024,FFmpeg,CWE-MemorySafety,0,1,1,None,REJECT
devign_2029,qemu,CWE-MemorySafety,0,1,1,None,REJECT
devign_2031,qemu,CWE-MemorySafety,0,1,1,None,REJECT
devign_2033,qemu,CWE-MemorySafety,0,1,1,None,REJECT
devign_2034,qemu,CWE-MemorySafety,0,1,1,None,REJECT
devign_2042,qemu,CWE-MemorySafety,0,1,1,None,REJECT
devign_2060,qemu,CWE-MemorySafety,0,1,1,None,REJECT
devign_2062,qemu,CWE-MemorySafety,0,1,1,None,REJECT
devign_2066,qemu,CWE-MemorySafety,0,1,1,None,REJECT
devign_2069,qemu,CWE-MemorySafety,0,1,1,None,REJECT
devign_2080,qemu,CWE-MemorySafety,0,1,1,None,REJECT
devign_2090,qemu,CWE-MemorySafety,0,1,1,CWE-476: Dynamic allocation 'new' lacks safety handling,REJECT
devign_2092,qemu,CWE-MemorySafety,0,1,1,None,REJECT
devign_2097,qemu,CWE-MemorySafety,0,1,1,None,REJECT
devign_2098,qemu,CWE-MemorySafety,0,1,1,None,REJECT
devign_2104,qemu,CWE-MemorySafety,0,1,1,CWE-476: Dynamic allocation 'new' lacks safety handling,REJECT
devign_2121,qemu,CWE-MemorySafety,0,1,1,None,REJECT
devign_2126,qemu,CWE-MemorySafety,0,1,1,None,REJECT
devign_2129,qemu,CWE-MemorySafety,0,1,1,None,REJECT
devign_2133,qemu,CWE-MemorySafety,0,1,1,None,REJECT
devign_2163,qemu,CWE-MemorySafety,0,1,1,None,REJECT
devign_2170,qemu,CWE-MemorySafety,0,1,1,None,REJECT
devign_2173,FFmpeg,CWE-MemorySafety,1,1,1,CWE-476: Dynamic allocation 'new' lacks safety handling,REJECT
devign_2174,qemu,CWE-MemorySafety,1,1,1,None,REJECT
devign_2181,qemu,CWE-MemorySafety,1,1,1,None,REJECT
devign_2184,qemu,CWE-MemorySafety,1,1,1,None,REJECT
devign_2185,qemu,CWE-MemorySafety,1,1,1,None,REJECT
devign_2187,FFmpeg,CWE-MemorySafety,0,1,1,None,REJECT
devign_2205,qemu,CWE-MemorySafety,1,1,1,None,REJECT
devign_2206,qemu,CWE-MemorySafety,1,1,1,None,REJECT
devign_2211,qemu,CWE-MemorySafety,1,1,1,None,REJECT
devign_2224,qemu,CWE-MemorySafety,0,1,1,None,REJECT
devign_2225,qemu,CWE-MemorySafety,0,1,1,None,REJECT
devign_2226,qemu,CWE-MemorySafety,0,1,1,None,REJECT
devign_2228,qemu,CWE-MemorySafety,0,1,1,CWE-120: Unbounded string copy operation detected,REJECT
devign_2229,qemu,CWE-MemorySafety,0,1,1,None,REJECT
devign_2236,qemu,CWE-MemorySafety,0,1,1,None,REJECT
devign_2240,qemu,CWE-MemorySafety,0,1,1,None,REJECT
devign_2247,qemu,CWE-MemorySafety,0,1,1,None,REJECT
devign_2249,qemu,CWE-MemorySafety,0,1,1,None,REJECT
devign_2255,qemu,CWE-MemorySafety,0,1,1,None,REJECT
devign_2257,qemu,CWE-MemorySafety,0,1,1,None,REJECT
devign_2280,qemu,CWE-MemorySafety,1,1,1,None,REJECT
devign_2291,FFmpeg,CWE-MemorySafety,0,1,1,CWE-476: Dynamic allocation 'new' lacks safety handling,REJECT
devign_2299,FFmpeg,CWE-MemorySafety,0,1,1,CWE-476: Dynamic allocation 'new' lacks safety handling,REJECT
devign_2304,FFmpeg,CWE-MemorySafety,0,1,1,None,REJECT
devign_2334,qemu,CWE-MemorySafety,1,1,1,None,REJECT
devign_2353,FFmpeg,CWE-MemorySafety,1,1,1,None,REJECT
devign_2354,qemu,CWE-MemorySafety,1,1,1,None,REJECT
devign_2356,qemu,CWE-MemorySafety,1,1,1,None,REJECT
devign_2362,qemu,CWE-MemorySafety,0,1,1,None,REJECT
devign_2364,qemu,CWE-MemorySafety,0,1,1,None,REJECT
devign_2369,qemu,CWE-MemorySafety,0,1,1,None,REJECT
devign_2370,qemu,CWE-MemorySafety,0,1,1,None,REJECT
devign_2379,qemu,CWE-MemorySafety,0,1,1,None,REJECT
devign_2384,qemu,CWE-MemorySafety,0,1,1,None,REJECT
devign_2395,qemu,CWE-MemorySafety,0,1,1,None,REJECT
devign_2409,FFmpeg,CWE-MemorySafety,0,1,1,None,REJECT
devign_2419,qemu,CWE-MemorySafety,1,1,1,None,REJECT
devign_2421,qemu,CWE-MemorySafety,1,1,1,None,REJECT
devign_2427,qemu,CWE-MemorySafety,1,1,1,None,REJECT
devign_2437,qemu,CWE-MemorySafety,1,1,1,None,REJECT
devign_2439,qemu,CWE-MemorySafety,1,1,1,None,REJECT
devign_2444,qemu,CWE-MemorySafety,0,1,1,None,REJECT
devign_2449,qemu,CWE-MemorySafety,0,1,1,None,REJECT
devign_2454,qemu,CWE-MemorySafety,0,1,1,None,REJECT
devign_2463,qemu,CWE-MemorySafety,1,1,1,None,REJECT
devign_2466,qemu,CWE-MemorySafety,1,1,1,None,REJECT
devign_2471,qemu,CWE-MemorySafety,0,1,1,None,REJECT
devign_2488,qemu,CWE-MemorySafety,0,1,1,CWE-120: Unbounded string copy operation detected,REJECT
devign_2489,qemu,CWE-MemorySafety,0,1,1,None,REJECT
devign_2490,qemu,CWE-MemorySafety,0,1,1,None,REJECT
devign_2502,qemu,CWE-MemorySafety,0,1,1,None,REJECT
devign_2510,qemu,CWE-MemorySafety,0,1,1,None,REJECT
devign_2511,qemu,CWE-MemorySafety,0,1,1,None,REJECT
devign_2515,qemu,CWE-MemorySafety,0,1,1,None,REJECT
devign_2519,qemu,CWE-MemorySafety,0,1,1,None,REJECT
devign_2524,qemu,CWE-MemorySafety,1,1,1,None,REJECT
devign_2527,FFmpeg,CWE-MemorySafety,0,1,1,None,REJECT
devign_2530,qemu,CWE-MemorySafety,1,1,1,None,REJECT
devign_2531,qemu,CWE-MemorySafety,1,1,1,None,REJECT
devign_2535,qemu,CWE-MemorySafety,1,1,1,None,REJECT
devign_2545,FFmpeg,CWE-MemorySafety,1,1,1,None,REJECT
devign_2553,FFmpeg,CWE-MemorySafety,0,1,1,None,REJECT
devign_2561,qemu,CWE-MemorySafety,1,1,1,None,REJECT
devign_2566,qemu,CWE-MemorySafety,1,1,1,None,REJECT
devign_2570,qemu,CWE-MemorySafety,1,1,1,None,REJECT
devign_2575,FFmpeg,CWE-MemorySafety,1,1,1,CWE-476: Dynamic allocation 'new' lacks safety handling,REJECT
devign_2579,FFmpeg,CWE-MemorySafety,1,1,1,None,REJECT
devign_2581,FFmpeg,CWE-MemorySafety,1,1,1,None,REJECT
devign_2584,qemu,CWE-MemorySafety,1,1,1,None,REJECT
devign_2588,FFmpeg,CWE-MemorySafety,1,1,1,None,REJECT
devign_2599,FFmpeg,CWE-MemorySafety,0,1,1,CWE-476: Dynamic allocation 'new' lacks safety handling,REJECT
devign_2617,FFmpeg,CWE-MemorySafety,0,1,1,None,REJECT
devign_2620,qemu,CWE-MemorySafety,1,1,1,CWE-476: Dynamic allocation 'new' lacks safety handling,REJECT
devign_2623,FFmpeg,CWE-MemorySafety,0,1,1,None,REJECT
devign_2629,qemu,CWE-MemorySafety,1,1,1,None,REJECT
devign_2631,FFmpeg,CWE-MemorySafety,0,1,1,None,REJECT
devign_2637,FFmpeg,CWE-MemorySafety,0,1,1,CWE-476: Dynamic allocation 'new' lacks safety handling | CWE-120: Unbounded string copy operation detected,REJECT
devign_2640,qemu,CWE-MemorySafety,1,1,1,None,REJECT
devign_2644,FFmpeg,CWE-MemorySafety,0,1,1,None,REJECT
devign_2645,qemu,CWE-MemorySafety,1,1,1,None,REJECT
devign_2659,qemu,CWE-MemorySafety,1,1,1,None,REJECT
devign_2662,qemu,CWE-MemorySafety,1,1,1,None,REJECT
devign_2663,qemu,CWE-MemorySafety,0,1,1,CWE-476: Dynamic allocation 'new' lacks safety handling,REJECT
devign_2668,qemu,CWE-MemorySafety,0,1,1,None,REJECT
devign_2673,qemu,CWE-MemorySafety,0,1,1,None,REJECT
devign_2675,qemu,CWE-MemorySafety,0,1,1,CWE-476: Dynamic allocation 'new' lacks safety handling,REJECT
devign_2679,qemu,CWE-MemorySafety,0,1,1,None,REJECT
devign_2682,qemu,CWE-MemorySafety,0,1,1,None,REJECT
devign_2689,qemu,CWE-MemorySafety,1,1,1,None,REJECT
devign_2693,qemu,CWE-MemorySafety,1,1,1,None,REJECT
devign_2694,qemu,CWE-MemorySafety,1,1,1,None,REJECT
devign_2697,qemu,CWE-MemorySafety,1,1,1,None,REJECT
devign_2702,qemu,CWE-MemorySafety,0,1,1,None,REJECT
devign_2706,qemu,CWE-MemorySafety,0,1,1,None,REJECT
devign_2714,qemu,CWE-MemorySafety,0,1,1,None,REJECT
devign_2730,qemu,CWE-MemorySafety,0,1,1,None,REJECT
devign_2732,qemu,CWE-MemorySafety,0,1,1,None,REJECT
devign_2741,qemu,CWE-MemorySafety,0,1,1,None,REJECT
devign_2754,qemu,CWE-MemorySafety,0,1,1,None,REJECT
devign_2771,qemu,CWE-MemorySafety,1,1,1,None,REJECT
devign_2778,qemu,CWE-MemorySafety,1,1,1,None,REJECT
devign_2779,qemu,CWE-MemorySafety,1,1,1,None,REJECT
devign_2795,FFmpeg,CWE-MemorySafety,0,1,1,None,REJECT
devign_2814,qemu,CWE-MemorySafety,0,1,1,None,REJECT
devign_2841,FFmpeg,CWE-MemorySafety,1,1,1,None,REJECT
devign_2842,FFmpeg,CWE-MemorySafety,0,1,1,None,REJECT
devign_2845,FFmpeg,CWE-MemorySafety,1,1,1,None,REJECT
devign_2847,qemu,CWE-MemorySafety,1,1,1,None,REJECT
devign_2849,FFmpeg,CWE-MemorySafety,1,1,1,None,REJECT
devign_2853,qemu,CWE-MemorySafety,1,1,1,CWE-476: Dynamic allocation 'new' lacks safety handling,REJECT
devign_2859,FFmpeg,CWE-MemorySafety,1,1,1,None,REJECT
devign_2864,qemu,CWE-MemorySafety,1,1,1,CWE-120: Unbounded string copy operation detected,REJECT
devign_2868,qemu,CWE-MemorySafety,0,1,1,None,REJECT
devign_2871,qemu,CWE-MemorySafety,0,1,1,None,REJECT
devign_2885,FFmpeg,CWE-MemorySafety,1,1,1,None,REJECT
devign_2906,qemu,CWE-MemorySafety,1,1,1,None,REJECT
devign_2923,qemu,CWE-MemorySafety,1,1,1,CWE-120: Unbounded string copy operation detected,REJECT
devign_2926,qemu,CWE-MemorySafety,1,1,1,None,REJECT
devign_2928,FFmpeg,CWE-MemorySafety,0,1,1,None,REJECT
devign_2934,qemu,CWE-MemorySafety,1,1,1,None,REJECT
devign_2936,qemu,CWE-MemorySafety,1,1,1,None,REJECT
devign_2944,FFmpeg,CWE-MemorySafety,0,1,1,CWE-476: Dynamic allocation 'new' lacks safety handling,REJECT
devign_2948,FFmpeg,CWE-MemorySafety,0,1,1,None,REJECT
devign_2949,FFmpeg,CWE-MemorySafety,1,1,1,CWE-476: Dynamic allocation 'new' lacks safety handling,REJECT
devign_2952,FFmpeg,CWE-MemorySafety,1,1,1,None,REJECT
devign_2959,FFmpeg,CWE-MemorySafety,1,1,1,CWE-476: Dynamic allocation 'new' lacks safety handling,REJECT
devign_2961,qemu,CWE-MemorySafety,1,1,1,CWE-476: Dynamic allocation 'new' lacks safety handling,REJECT
devign_2976,qemu,CWE-MemorySafety,0,1,1,None,REJECT
devign_2979,qemu,CWE-MemorySafety,0,1,1,None,REJECT
devign_2981,qemu,CWE-MemorySafety,0,1,1,None,REJECT
devign_2993,qemu,CWE-MemorySafety,0,1,1,None,REJECT
devign_2996,FFmpeg,CWE-MemorySafety,1,1,1,None,REJECT
devign_2998,qemu,CWE-MemorySafety,1,1,1,None,REJECT
devign_3009,FFmpeg,CWE-MemorySafety,1,1,1,None,REJECT
devign_3010,qemu,CWE-MemorySafety,1,1,1,None,REJECT
devign_3011,FFmpeg,CWE-MemorySafety,0,1,1,None,REJECT
devign_3012,FFmpeg,CWE-MemorySafety,1,1,1,None,REJECT
devign_3015,qemu,CWE-MemorySafety,1,1,1,None,REJECT
devign_3017,qemu,CWE-MemorySafety,1,1,1,None,REJECT
devign_3019,FFmpeg,CWE-MemorySafety,1,1,1,None,REJECT
devign_3031,qemu,CWE-MemorySafety,1,1,1,None,REJECT
devign_3041,FFmpeg,CWE-MemorySafety,1,1,1,CWE-476: Dynamic allocation 'new' lacks safety handling,REJECT
devign_3045,qemu,CWE-MemorySafety,1,1,1,None,REJECT
devign_3046,qemu,CWE-MemorySafety,1,1,1,None,REJECT
devign_3051,qemu,CWE-MemorySafety,1,1,1,None,REJECT
devign_3077,qemu,CWE-MemorySafety,0,1,1,None,REJECT
devign_3116,qemu,CWE-MemorySafety,0,1,1,None,REJECT
devign_3129,qemu,CWE-MemorySafety,0,1,1,None,REJECT
devign_3130,qemu,CWE-MemorySafety,0,1,1,None,REJECT
devign_3132,FFmpeg,CWE-MemorySafety,0,1,1,None,REJECT
devign_3139,qemu,CWE-MemorySafety,0,1,1,None,REJECT
devign_3143,qemu,CWE-MemorySafety,0,1,1,None,REJECT
devign_3145,qemu,CWE-MemorySafety,0,1,1,None,REJECT
devign_3147,qemu,CWE-MemorySafety,0,1,1,None,REJECT
devign_3152,qemu,CWE-MemorySafety,1,1,1,CWE-476: Dynamic allocation 'new' lacks safety handling,REJECT
devign_3156,qemu,CWE-MemorySafety,1,1,1,None,REJECT
devign_3168,FFmpeg,CWE-MemorySafety,1,1,1,None,REJECT
devign_3174,FFmpeg,CWE-MemorySafety,1,1,1,None,REJECT
devign_3175,qemu,CWE-MemorySafety,1,1,1,None,REJECT
devign_3179,qemu,CWE-MemorySafety,1,1,1,None,REJECT
devign_3183,qemu,CWE-MemorySafety,1,1,1,CWE-476: Dynamic allocation 'new' lacks safety handling,REJECT
devign_3194,FFmpeg,CWE-MemorySafety,0,1,1,None,REJECT
devign_3195,qemu,CWE-MemorySafety,1,1,1,None,REJECT
devign_3197,qemu,CWE-MemorySafety,1,1,1,None,REJECT
devign_3202,qemu,CWE-MemorySafety,0,1,1,None,REJECT
devign_3208,qemu,CWE-MemorySafety,0,1,1,None,REJECT
devign_3209,qemu,CWE-MemorySafety,0,1,1,None,REJECT
devign_3211,qemu,CWE-MemorySafety,0,1,1,None,REJECT
devign_3214,qemu,CWE-MemorySafety,0,1,1,None,REJECT
devign_3227,FFmpeg,CWE-MemorySafety,1,1,1,CWE-476: Dynamic allocation 'new' lacks safety handling,REJECT
devign_3230,FFmpeg,CWE-MemorySafety,1,1,1,None,REJECT
devign_3235,qemu,CWE-MemorySafety,1,1,1,CWE-120: Unbounded string copy operation detected,REJECT
devign_3238,qemu,CWE-MemorySafety,1,1,1,None,REJECT
devign_3241,FFmpeg,CWE-MemorySafety,1,1,1,None,REJECT
devign_3245,qemu,CWE-MemorySafety,1,1,1,None,REJECT
devign_3257,FFmpeg,CWE-MemorySafety,1,1,1,None,REJECT
devign_3264,FFmpeg,CWE-MemorySafety,0,1,1,None,REJECT
devign_3266,FFmpeg,CWE-MemorySafety,0,1,1,None,REJECT
devign_3268,FFmpeg,CWE-MemorySafety,1,1,1,None,REJECT
devign_3276,FFmpeg,CWE-MemorySafety,1,1,1,CWE-476: Dynamic allocation 'new' lacks safety handling,REJECT
devign_3279,qemu,CWE-MemorySafety,1,1,1,None,REJECT
devign_3281,FFmpeg,CWE-MemorySafety,1,1,1,None,REJECT
devign_3288,qemu,CWE-MemorySafety,1,1,1,None,REJECT
devign_3292,qemu,CWE-MemorySafety,1,1,1,None,REJECT
devign_3299,qemu,CWE-MemorySafety,1,1,1,None,REJECT
devign_3301,qemu,CWE-MemorySafety,1,1,1,None,REJECT
devign_3302,FFmpeg,CWE-MemorySafety,1,1,1,None,REJECT
devign_3305,qemu,CWE-MemorySafety,1,1,1,None,REJECT
devign_3307,FFmpeg,CWE-MemorySafety,1,1,1,None,REJECT
devign_3317,qemu,CWE-MemorySafety,1,1,1,None,REJECT
devign_3322,FFmpeg,CWE-MemorySafety,1,1,1,None,REJECT
devign_3334,qemu,CWE-MemorySafety,1,1,1,None,REJECT
devign_3347,qemu,CWE-MemorySafety,0,1,1,None,REJECT
devign_3352,qemu,CWE-MemorySafety,0,1,1,CWE-120: Unbounded string copy operation detected,REJECT
devign_3362,qemu,CWE-MemorySafety,0,1,1,None,REJECT
devign_3372,qemu,CWE-MemorySafety,0,1,1,None,REJECT
devign_3381,qemu,CWE-MemorySafety,1,1,1,None,REJECT
devign_3383,qemu,CWE-MemorySafety,1,1,1,None,REJECT
devign_3390,qemu,CWE-MemorySafety,1,1,1,None,REJECT
devign_3394,qemu,CWE-MemorySafety,1,1,1,CWE-476: Dynamic allocation 'new' lacks safety handling,REJECT
devign_3399,qemu,CWE-MemorySafety,1,1,1,None,REJECT
devign_3401,qemu,CWE-MemorySafety,0,1,1,None,REJECT
devign_3406,qemu,CWE-MemorySafety,0,1,1,None,REJECT
devign_3422,FFmpeg,CWE-MemorySafety,0,1,1,None,REJECT
devign_3429,qemu,CWE-MemorySafety,0,1,1,None,REJECT
devign_3435,qemu,CWE-MemorySafety,0,1,1,None,REJECT
devign_3440,FFmpeg,CWE-MemorySafety,1,1,1,None,REJECT
devign_3444,FFmpeg,CWE-MemorySafety,1,1,1,None,REJECT
devign_3446,qemu,CWE-MemorySafety,1,1,1,None,REJECT
devign_3449,qemu,CWE-MemorySafety,1,1,1,None,REJECT
devign_3451,qemu,CWE-MemorySafety,1,1,1,None,REJECT
devign_3458,FFmpeg,CWE-MemorySafety,1,1,1,CWE-476: Dynamic allocation 'new' lacks safety handling,REJECT
devign_3459,qemu,CWE-MemorySafety,1,1,1,None,REJECT
devign_3464,FFmpeg,CWE-MemorySafety,1,1,1,None,REJECT
devign_3474,FFmpeg,CWE-MemorySafety,0,1,1,None,REJECT
devign_3476,qemu,CWE-MemorySafety,0,1,1,None,REJECT
devign_3477,qemu,CWE-MemorySafety,0,1,1,None,REJECT
devign_3481,qemu,CWE-MemorySafety,0,1,1,None,REJECT
devign_3486,qemu,CWE-MemorySafety,0,1,1,None,REJECT
devign_3498,qemu,CWE-MemorySafety,0,1,1,None,REJECT
devign_3503,qemu,CWE-MemorySafety,0,0,0,None,ACCEPT
devign_3511,qemu,CWE-MemorySafety,0,1,1,CWE-476: Dynamic allocation 'new' lacks safety handling,REJECT
devign_3517,qemu,CWE-MemorySafety,0,1,1,CWE-476: Dynamic allocation 'new' lacks safety handling,REJECT
devign_3521,qemu,CWE-MemorySafety,0,1,1,None,REJECT
devign_3528,qemu,CWE-MemorySafety,0,1,1,None,REJECT
devign_3534,qemu,CWE-MemorySafety,0,1,1,None,REJECT
devign_3544,FFmpeg,CWE-MemorySafety,1,1,1,CWE-476: Dynamic allocation 'new' lacks safety handling,REJECT
devign_3552,qemu,CWE-MemorySafety,1,1,1,CWE-476: Dynamic allocation 'new' lacks safety handling,REJECT
devign_3553,FFmpeg,CWE-MemorySafety,1,1,1,None,REJECT
devign_3570,qemu,CWE-MemorySafety,0,1,1,None,REJECT
devign_3576,qemu,CWE-MemorySafety,0,1,1,None,REJECT
devign_3577,FFmpeg,CWE-MemorySafety,0,1,1,None,REJECT
devign_3594,qemu,CWE-MemorySafety,1,1,1,None,REJECT
devign_3596,qemu,CWE-MemorySafety,1,1,1,None,REJECT
devign_3614,qemu,CWE-MemorySafety,0,1,1,None,REJECT
devign_3618,qemu,CWE-MemorySafety,0,1,1,CWE-120: Unbounded string copy operation detected,REJECT
devign_3622,qemu,CWE-MemorySafety,0,1,1,None,REJECT
devign_3624,qemu,CWE-MemorySafety,0,1,1,None,REJECT
devign_3627,qemu,CWE-MemorySafety,0,1,1,None,REJECT
devign_3629,qemu,CWE-MemorySafety,0,1,1,None,REJECT
devign_3630,FFmpeg,CWE-MemorySafety,0,1,1,None,REJECT
devign_3633,qemu,CWE-MemorySafety,0,1,1,None,REJECT
devign_3638,FFmpeg,CWE-MemorySafety,1,1,1,CWE-476: Dynamic allocation 'new' lacks safety handling,REJECT
devign_3642,qemu,CWE-MemorySafety,1,1,1,None,REJECT
devign_3643,qemu,CWE-MemorySafety,1,1,1,None,REJECT
devign_3646,FFmpeg,CWE-MemorySafety,0,1,1,None,REJECT
devign_3652,qemu,CWE-MemorySafety,0,1,1,None,REJECT
devign_3659,FFmpeg,CWE-MemorySafety,0,1,1,None,REJECT
devign_3672,qemu,CWE-MemorySafety,0,1,1,None,REJECT
devign_3675,qemu,CWE-MemorySafety,0,1,1,None,REJECT
devign_3678,FFmpeg,CWE-MemorySafety,0,1,1,None,REJECT
devign_3680,qemu,CWE-MemorySafety,1,1,1,None,REJECT
devign_3681,qemu,CWE-MemorySafety,1,1,1,None,REJECT
devign_3682,qemu,CWE-MemorySafety,1,1,1,None,REJECT
devign_3685,FFmpeg,CWE-MemorySafety,0,1,1,None,REJECT
devign_3687,FFmpeg,CWE-MemorySafety,0,1,1,None,REJECT
devign_3690,FFmpeg,CWE-MemorySafety,0,1,1,None,REJECT
devign_3698,qemu,CWE-MemorySafety,0,1,1,CWE-476: Dynamic allocation 'new' lacks safety handling,REJECT
devign_3703,qemu,CWE-MemorySafety,0,1,1,None,REJECT
devign_3708,qemu,CWE-MemorySafety,0,1,1,None,REJECT
devign_3737,FFmpeg,CWE-MemorySafety,1,1,1,None,REJECT
devign_3739,FFmpeg,CWE-MemorySafety,1,1,1,CWE-476: Dynamic allocation 'new' lacks safety handling,REJECT
devign_3743,FFmpeg,CWE-MemorySafety,1,1,1,None,REJECT
devign_3748,qemu,CWE-MemorySafety,0,1,1,None,REJECT
devign_3750,qemu,CWE-MemorySafety,0,1,1,None,REJECT
devign_3751,qemu,CWE-MemorySafety,0,1,1,None,REJECT
devign_3755,FFmpeg,CWE-MemorySafety,0,1,1,CWE-476: Dynamic allocation 'new' lacks safety handling,REJECT
devign_3757,qemu,CWE-MemorySafety,0,1,1,None,REJECT
devign_3760,qemu,CWE-MemorySafety,0,1,1,None,REJECT
devign_3763,qemu,CWE-MemorySafety,0,1,1,None,REJECT
devign_3764,qemu,CWE-MemorySafety,0,1,1,CWE-476: Dynamic allocation 'new' lacks safety handling,REJECT
devign_3769,qemu,CWE-MemorySafety,0,1,1,CWE-476: Dynamic allocation 'new' lacks safety handling,REJECT
devign_3770,qemu,CWE-MemorySafety,0,1,1,None,REJECT
devign_3773,qemu,CWE-MemorySafety,1,1,1,None,REJECT
devign_3775,qemu,CWE-MemorySafety,1,1,1,None,REJECT
devign_3776,qemu,CWE-MemorySafety,1,1,1,None,REJECT
devign_3778,FFmpeg,CWE-MemorySafety,0,1,1,None,REJECT
devign_3784,qemu,CWE-MemorySafety,1,1,1,None,REJECT
devign_3785,qemu,CWE-MemorySafety,1,1,1,None,REJECT
devign_3791,qemu,CWE-MemorySafety,1,1,1,None,REJECT
devign_3808,qemu,CWE-MemorySafety,1,1,1,None,REJECT
devign_3809,qemu,CWE-MemorySafety,1,1,1,None,REJECT
devign_3810,FFmpeg,CWE-MemorySafety,1,1,1,None,REJECT
devign_3812,qemu,CWE-MemorySafety,1,1,1,None,REJECT
devign_3814,qemu,CWE-MemorySafety,1,1,1,None,REJECT
devign_3820,qemu,CWE-MemorySafety,0,1,1,None,REJECT
devign_3823,qemu,CWE-MemorySafety,0,1,1,None,REJECT
devign_3827,qemu,CWE-MemorySafety,0,1,1,CWE-476: Dynamic allocation 'new' lacks safety handling,REJECT
devign_3834,qemu,CWE-MemorySafety,0,1,1,None,REJECT
devign_3838,qemu,CWE-MemorySafety,0,1,1,CWE-120: Unbounded string copy operation detected,REJECT
devign_3839,qemu,CWE-MemorySafety,0,1,1,None,REJECT
devign_3851,qemu,CWE-MemorySafety,1,1,1,None,REJECT
devign_3859,FFmpeg,CWE-MemorySafety,0,1,1,None,REJECT
devign_3877,FFmpeg,CWE-MemorySafety,1,1,1,CWE-476: Dynamic allocation 'new' lacks safety handling,REJECT
devign_3880,qemu,CWE-MemorySafety,1,1,1,None,REJECT
devign_3885,FFmpeg,CWE-MemorySafety,0,1,1,None,REJECT
devign_3889,qemu,CWE-MemorySafety,1,1,1,None,REJECT
devign_3891,qemu,CWE-MemorySafety,1,1,1,None,REJECT
devign_3892,FFmpeg,CWE-MemorySafety,1,1,1,None,REJECT
devign_3905,qemu,CWE-MemorySafety,1,1,1,None,REJECT
devign_3910,FFmpeg,CWE-MemorySafety,0,1,1,None,REJECT
devign_3914,FFmpeg,CWE-MemorySafety,0,1,1,CWE-120: Unbounded string copy operation detected,REJECT
devign_3917,qemu,CWE-MemorySafety,0,1,1,None,REJECT
devign_3923,qemu,CWE-MemorySafety,0,1,1,None,REJECT
devign_3925,FFmpeg,CWE-MemorySafety,0,1,1,None,REJECT
devign_3935,FFmpeg,CWE-MemorySafety,1,1,1,None,REJECT
devign_3938,qemu,CWE-MemorySafety,1,1,1,None,REJECT
devign_3949,FFmpeg,CWE-MemorySafety,0,1,1,CWE-120: Unbounded string copy operation detected,REJECT
devign_3960,FFmpeg,CWE-MemorySafety,1,1,1,CWE-476: Dynamic allocation 'new' lacks safety handling,REJECT
devign_3972,qemu,CWE-MemorySafety,0,1,1,CWE-476: Dynamic allocation 'new' lacks safety handling,REJECT
devign_3975,qemu,CWE-MemorySafety,0,1,1,None,REJECT
devign_3980,qemu,CWE-MemorySafety,0,1,1,None,REJECT
devign_3982,qemu,CWE-MemorySafety,0,1,1,None,REJECT
devign_3987,FFmpeg,CWE-MemorySafety,0,1,1,None,REJECT
devign_3989,qemu,CWE-MemorySafety,0,1,1,None,REJECT
devign_3994,FFmpeg,CWE-MemorySafety,0,1,1,None,REJECT
devign_3998,qemu,CWE-MemorySafety,0,1,1,None,REJECT
devign_4012,FFmpeg,CWE-MemorySafety,0,1,1,None,REJECT
devign_4015,qemu,CWE-MemorySafety,0,1,1,None,REJECT
devign_4024,FFmpeg,CWE-MemorySafety,0,1,1,None,REJECT
devign_4029,FFmpeg,CWE-MemorySafety,0,1,1,CWE-476: Dynamic allocation 'new' lacks safety handling,REJECT
devign_4030,qemu,CWE-MemorySafety,1,1,1,None,REJECT
devign_4032,qemu,CWE-MemorySafety,1,1,1,None,REJECT
devign_4034,qemu,CWE-MemorySafety,1,1,1,None,REJECT
devign_4035,qemu,CWE-MemorySafety,1,1,1,None,REJECT
devign_4036,qemu,CWE-MemorySafety,1,1,1,None,REJECT
devign_4038,qemu,CWE-MemorySafety,1,1,1,None,REJECT
devign_4045,qemu,CWE-MemorySafety,1,1,1,CWE-476: Dynamic allocation 'new' lacks safety handling,REJECT
devign_4052,qemu,CWE-MemorySafety,1,1,1,None,REJECT
devign_4061,qemu,CWE-MemorySafety,0,1,1,None,REJECT
devign_4062,qemu,CWE-MemorySafety,0,1,1,None,REJECT
devign_4064,qemu,CWE-MemorySafety,0,1,1,None,REJECT
devign_4067,qemu,CWE-MemorySafety,0,1,1,None,REJECT
devign_4071,qemu,CWE-MemorySafety,0,1,1,None,REJECT
devign_4072,qemu,CWE-MemorySafety,0,1,1,None,REJECT
devign_4077,qemu,CWE-MemorySafety,0,1,1,None,REJECT
devign_4078,qemu,CWE-MemorySafety,0,1,1,None,REJECT
devign_4079,qemu,CWE-MemorySafety,0,1,1,None,REJECT
devign_4087,qemu,CWE-MemorySafety,0,1,1,None,REJECT
devign_4093,qemu,CWE-MemorySafety,0,1,1,None,REJECT
devign_4095,qemu,CWE-MemorySafety,0,1,1,None,REJECT
devign_4098,qemu,CWE-MemorySafety,1,1,1,None,REJECT
devign_4112,FFmpeg,CWE-MemorySafety,0,1,1,None,REJECT
devign_4115,qemu,CWE-MemorySafety,0,1,1,None,REJECT
devign_4118,FFmpeg,CWE-MemorySafety,0,1,1,None,REJECT
devign_4128,qemu,CWE-MemorySafety,0,1,1,None,REJECT
devign_4129,qemu,CWE-MemorySafety,0,1,1,None,REJECT
devign_4137,qemu,CWE-MemorySafety,0,1,1,None,REJECT
devign_4138,qemu,CWE-MemorySafety,0,1,1,None,REJECT
devign_4139,qemu,CWE-MemorySafety,0,1,1,None,REJECT
devign_4141,qemu,CWE-MemorySafety,1,1,1,None,REJECT
devign_4144,FFmpeg,CWE-MemorySafety,0,1,1,None,REJECT
devign_4148,qemu,CWE-MemorySafety,1,1,1,None,REJECT
devign_4149,qemu,CWE-MemorySafety,1,1,1,None,REJECT
devign_4156,FFmpeg,CWE-MemorySafety,1,1,1,None,REJECT
devign_4165,FFmpeg,CWE-MemorySafety,1,1,1,None,REJECT
devign_4173,qemu,CWE-MemorySafety,1,1,1,CWE-120: Unbounded string copy operation detected,REJECT
devign_4176,qemu,CWE-MemorySafety,1,1,1,None,REJECT
devign_4177,qemu,CWE-MemorySafety,1,1,1,None,REJECT
devign_4178,qemu,CWE-MemorySafety,1,1,1,None,REJECT
devign_4185,qemu,CWE-MemorySafety,1,1,1,None,REJECT
devign_4196,qemu,CWE-MemorySafety,1,1,1,None,REJECT
devign_4201,qemu,CWE-MemorySafety,0,1,1,None,REJECT
devign_4203,qemu,CWE-MemorySafety,0,1,1,None,REJECT
devign_4207,qemu,CWE-MemorySafety,0,1,1,None,REJECT
devign_4218,qemu,CWE-MemorySafety,0,1,1,None,REJECT
devign_4219,qemu,CWE-MemorySafety,0,1,1,None,REJECT
devign_4220,qemu,CWE-MemorySafety,0,1,1,None,REJECT
devign_4237,qemu,CWE-MemorySafety,0,1,1,None,REJECT
devign_4245,qemu,CWE-MemorySafety,0,1,1,None,REJECT
devign_4246,qemu,CWE-MemorySafety,0,1,1,None,REJECT
devign_4250,FFmpeg,CWE-MemorySafety,1,1,1,None,REJECT
devign_4264,qemu,CWE-MemorySafety,1,1,1,None,REJECT
devign_4267,FFmpeg,CWE-MemorySafety,0,1,1,None,REJECT
devign_4273,qemu,CWE-MemorySafety,0,1,1,None,REJECT
devign_4275,FFmpeg,CWE-MemorySafety,0,1,1,CWE-120: Unbounded string copy operation detected,REJECT
devign_4277,qemu,CWE-MemorySafety,0,1,1,None,REJECT
devign_4280,qemu,CWE-MemorySafety,0,1,1,None,REJECT
devign_4286,qemu,CWE-MemorySafety,0,1,1,None,REJECT
devign_4288,qemu,CWE-MemorySafety,0,1,1,None,REJECT
devign_4308,FFmpeg,CWE-MemorySafety,0,1,1,None,REJECT
devign_4318,qemu,CWE-MemorySafety,1,1,1,None,REJECT
devign_4325,qemu,CWE-MemorySafety,1,1,1,None,REJECT
devign_4339,qemu,CWE-MemorySafety,0,1,1,None,REJECT
devign_4351,qemu,CWE-MemorySafety,0,1,1,None,REJECT
devign_4358,qemu,CWE-MemorySafety,0,1,1,CWE-120: Unbounded string copy operation detected,REJECT
devign_4362,FFmpeg,CWE-MemorySafety,0,1,1,None,REJECT
devign_4370,qemu,CWE-MemorySafety,1,1,1,None,REJECT
devign_4371,qemu,CWE-MemorySafety,1,1,1,None,REJECT
devign_4384,FFmpeg,CWE-MemorySafety,1,1,1,None,REJECT
devign_4385,FFmpeg,CWE-MemorySafety,1,1,1,CWE-476: Dynamic allocation 'new' lacks safety handling,REJECT
devign_4386,qemu,CWE-MemorySafety,1,1,1,None,REJECT
devign_4399,FFmpeg,CWE-MemorySafety,0,1,1,CWE-476: Dynamic allocation 'new' lacks safety handling,REJECT
devign_4415,qemu,CWE-MemorySafety,0,1,1,None,REJECT
devign_4419,qemu,CWE-MemorySafety,0,1,1,None,REJECT
devign_4426,qemu,CWE-MemorySafety,0,1,1,None,REJECT
devign_4427,qemu,CWE-MemorySafety,0,1,1,None,REJECT
devign_4447,qemu,CWE-MemorySafety,1,1,1,None,REJECT
devign_4452,qemu,CWE-MemorySafety,1,1,1,None,REJECT
devign_4458,qemu,CWE-MemorySafety,1,1,1,None,REJECT
devign_4465,FFmpeg,CWE-MemorySafety,1,1,1,None,REJECT
devign_4468,qemu,CWE-MemorySafety,1,1,1,None,REJECT
devign_4470,qemu,CWE-MemorySafety,1,1,1,None,REJECT
devign_4471,qemu,CWE-MemorySafety,1,1,1,None,REJECT
devign_4473,FFmpeg,CWE-MemorySafety,0,1,1,None,REJECT
devign_4479,qemu,CWE-MemorySafety,1,1,1,None,REJECT
devign_4483,qemu,CWE-MemorySafety,1,1,1,None,REJECT
devign_4489,qemu,CWE-MemorySafety,0,1,1,None,REJECT
devign_4490,qemu,CWE-MemorySafety,0,1,1,None,REJECT
devign_4492,qemu,CWE-MemorySafety,0,1,1,None,REJECT
devign_4494,qemu,CWE-MemorySafety,0,1,1,None,REJECT
devign_4496,qemu,CWE-MemorySafety,0,1,1,CWE-476: Dynamic allocation 'new' lacks safety handling | CWE-120: Unbounded string copy operation detected,REJECT
devign_4504,qemu,CWE-MemorySafety,0,1,1,CWE-120: Unbounded string copy operation detected,REJECT
devign_4505,qemu,CWE-MemorySafety,0,1,1,None,REJECT
devign_4510,qemu,CWE-MemorySafety,0,1,1,None,REJECT
devign_4516,FFmpeg,CWE-MemorySafety,0,1,1,None,REJECT
devign_4517,FFmpeg,CWE-MemorySafety,0,1,1,None,REJECT
devign_4523,qemu,CWE-MemorySafety,1,1,1,None,REJECT
devign_4528,qemu,CWE-MemorySafety,1,1,1,None,REJECT
devign_4530,qemu,CWE-MemorySafety,1,1,1,None,REJECT
devign_4533,qemu,CWE-MemorySafety,1,1,1,None,REJECT
devign_4535,qemu,CWE-MemorySafety,1,1,1,CWE-120: Unbounded string copy operation detected,REJECT
devign_4541,FFmpeg,CWE-MemorySafety,0,1,1,None,REJECT
devign_4543,FFmpeg,CWE-MemorySafety,1,1,1,None,REJECT
devign_4544,qemu,CWE-MemorySafety,1,1,1,None,REJECT
devign_4550,FFmpeg,CWE-MemorySafety,0,1,1,None,REJECT
devign_4565,qemu,CWE-MemorySafety,0,1,1,None,REJECT
devign_4570,qemu,CWE-MemorySafety,0,1,1,None,REJECT
devign_4571,qemu,CWE-MemorySafety,0,1,1,None,REJECT
devign_4576,qemu,CWE-MemorySafety,0,1,1,None,REJECT
devign_4589,qemu,CWE-MemorySafety,0,1,1,None,REJECT
devign_4598,qemu,CWE-MemorySafety,0,1,1,None,REJECT
devign_4606,qemu,CWE-MemorySafety,0,1,1,None,REJECT
devign_4608,qemu,CWE-MemorySafety,0,1,1,None,REJECT
devign_4609,qemu,CWE-MemorySafety,0,1,1,None,REJECT
devign_4615,qemu,CWE-MemorySafety,1,1,1,None,REJECT
devign_4619,qemu,CWE-MemorySafety,1,1,1,CWE-476: Dynamic allocation 'new' lacks safety handling,REJECT
devign_4620,FFmpeg,CWE-MemorySafety,0,1,1,None,REJECT
devign_4622,FFmpeg,CWE-MemorySafety,1,1,1,None,REJECT
devign_4627,qemu,CWE-MemorySafety,1,1,1,None,REJECT
devign_4629,FFmpeg,CWE-MemorySafety,0,1,1,CWE-476: Dynamic allocation 'new' lacks safety handling,REJECT
devign_4631,FFmpeg,CWE-MemorySafety,0,1,1,None,REJECT
devign_4632,FFmpeg,CWE-MemorySafety,0,1,1,None,REJECT
devign_4634,FFmpeg,CWE-MemorySafety,0,1,1,None,REJECT
devign_4635,qemu,CWE-MemorySafety,1,1,1,None,REJECT
devign_4639,qemu,CWE-MemorySafety,1,1,1,None,REJECT
devign_4653,FFmpeg,CWE-MemorySafety,0,1,1,None,REJECT
devign_4655,FFmpeg,CWE-MemorySafety,0,1,1,None,REJECT
devign_4664,qemu,CWE-MemorySafety,1,1,1,None,REJECT
devign_4668,qemu,CWE-MemorySafety,1,1,1,None,REJECT
devign_4670,FFmpeg,CWE-MemorySafety,0,1,1,None,REJECT
devign_4679,qemu,CWE-MemorySafety,1,1,1,None,REJECT
devign_4684,FFmpeg,CWE-MemorySafety,0,1,1,None,REJECT
devign_4686,qemu,CWE-MemorySafety,0,1,1,None,REJECT
devign_4694,qemu,CWE-MemorySafety,0,1,1,None,REJECT
devign_4695,qemu,CWE-MemorySafety,0,1,1,None,REJECT
devign_4697,qemu,CWE-MemorySafety,0,1,1,None,REJECT
devign_4722,qemu,CWE-MemorySafety,1,1,1,None,REJECT
devign_4724,FFmpeg,CWE-MemorySafety,1,1,1,None,REJECT
devign_4725,qemu,CWE-MemorySafety,1,1,1,None,REJECT
devign_4729,qemu,CWE-MemorySafety,1,1,1,None,REJECT
devign_4740,qemu,CWE-MemorySafety,0,1,1,None,REJECT
devign_4741,FFmpeg,CWE-MemorySafety,0,1,1,None,REJECT
devign_4756,qemu,CWE-MemorySafety,0,1,1,None,REJECT
devign_4763,qemu,CWE-MemorySafety,1,1,1,None,REJECT
devign_4778,qemu,CWE-MemorySafety,1,1,1,None,REJECT
devign_4780,FFmpeg,CWE-MemorySafety,1,1,1,None,REJECT
devign_4782,qemu,CWE-MemorySafety,1,1,1,None,REJECT
devign_4792,qemu,CWE-MemorySafety,1,1,1,None,REJECT
devign_4795,qemu,CWE-MemorySafety,1,1,1,None,REJECT
devign_4806,qemu,CWE-MemorySafety,1,1,1,None,REJECT
devign_4811,qemu,CWE-MemorySafety,1,1,1,None,REJECT
devign_4814,FFmpeg,CWE-MemorySafety,0,1,1,None,REJECT
devign_4816,FFmpeg,CWE-MemorySafety,0,1,1,None,REJECT
devign_4817,qemu,CWE-MemorySafety,1,1,1,None,REJECT
devign_4818,qemu,CWE-MemorySafety,1,1,1,None,REJECT
devign_4822,qemu,CWE-MemorySafety,1,1,1,None,REJECT
devign_4831,qemu,CWE-MemorySafety,1,1,1,None,REJECT
devign_4836,qemu,CWE-MemorySafety,1,1,1,None,REJECT
devign_4840,qemu,CWE-MemorySafety,0,1,1,None,REJECT
devign_4842,qemu,CWE-MemorySafety,0,1,1,None,REJECT
devign_4845,qemu,CWE-MemorySafety,0,1,1,None,REJECT
devign_4860,qemu,CWE-MemorySafety,1,1,1,None,REJECT
devign_4861,qemu,CWE-MemorySafety,1,1,1,None,REJECT
devign_4863,qemu,CWE-MemorySafety,0,1,1,None,REJECT
devign_4865,qemu,CWE-MemorySafety,0,1,1,CWE-120: Unbounded string copy operation detected,REJECT
devign_4867,qemu,CWE-MemorySafety,0,1,1,None,REJECT
devign_4871,qemu,CWE-MemorySafety,0,1,1,None,REJECT
devign_4878,FFmpeg,CWE-MemorySafety,0,1,1,None,REJECT
devign_4890,qemu,CWE-MemorySafety,0,1,1,None,REJECT
devign_4891,FFmpeg,CWE-MemorySafety,0,1,1,None,REJECT
devign_4907,qemu,CWE-MemorySafety,0,1,1,None,REJECT
devign_4911,qemu,CWE-MemorySafety,0,1,1,None,REJECT
devign_4918,qemu,CWE-MemorySafety,1,1,1,None,REJECT
devign_4923,qemu,CWE-MemorySafety,1,1,1,None,REJECT
devign_4933,qemu,CWE-MemorySafety,1,1,1,None,REJECT
devign_4939,qemu,CWE-MemorySafety,1,1,1,None,REJECT
devign_4941,FFmpeg,CWE-MemorySafety,1,1,1,None,REJECT
devign_4955,FFmpeg,CWE-MemorySafety,1,1,1,CWE-476: Dynamic allocation 'new' lacks safety handling,REJECT
devign_4956,qemu,CWE-MemorySafety,1,1,1,CWE-476: Dynamic allocation 'new' lacks safety handling,REJECT
devign_4957,qemu,CWE-MemorySafety,1,1,1,None,REJECT
devign_4960,qemu,CWE-MemorySafety,1,1,1,None,REJECT
devign_4963,qemu,CWE-MemorySafety,1,1,1,None,REJECT
devign_4967,qemu,CWE-MemorySafety,1,1,1,None,REJECT
devign_4968,qemu,CWE-MemorySafety,1,1,1,CWE-476: Dynamic allocation 'new' lacks safety handling,REJECT
devign_4970,qemu,CWE-MemorySafety,1,1,1,None,REJECT
devign_4974,FFmpeg,CWE-MemorySafety,1,1,1,None,REJECT
devign_4975,qemu,CWE-MemorySafety,1,1,1,None,REJECT
devign_4977,qemu,CWE-MemorySafety,1,1,1,None,REJECT
devign_4982,qemu,CWE-MemorySafety,0,1,1,None,REJECT
devign_4984,qemu,CWE-MemorySafety,0,1,1,None,REJECT
devign_4990,qemu,CWE-MemorySafety,0,1,1,None,REJECT
devign_4994,FFmpeg,CWE-MemorySafety,1,1,1,None,REJECT
devign_4996,FFmpeg,CWE-MemorySafety,1,1,1,CWE-476: Dynamic allocation 'new' lacks safety handling,REJECT
devign_5010,qemu,CWE-MemorySafety,0,1,1,CWE-476: Dynamic allocation 'new' lacks safety handling,REJECT
devign_5013,qemu,CWE-MemorySafety,0,1,1,CWE-476: Dynamic allocation 'new' lacks safety handling,REJECT
devign_5017,FFmpeg,CWE-MemorySafety,0,1,1,None,REJECT
devign_5018,qemu,CWE-MemorySafety,0,1,1,None,REJECT
devign_5020,qemu,CWE-MemorySafety,0,1,1,None,REJECT
devign_5023,qemu,CWE-MemorySafety,0,1,1,None,REJECT
devign_5030,qemu,CWE-MemorySafety,0,1,1,None,REJECT
devign_5032,qemu,CWE-MemorySafety,0,1,1,CWE-1079: Base class has virtual methods but lacks virtual destructor,REJECT
devign_5043,qemu,CWE-MemorySafety,0,1,1,None,REJECT
devign_5046,qemu,CWE-MemorySafety,0,1,1,None,REJECT
devign_5047,qemu,CWE-MemorySafety,1,1,1,None,REJECT
devign_5053,FFmpeg,CWE-MemorySafety,1,1,1,None,REJECT
devign_5059,qemu,CWE-MemorySafety,0,1,1,None,REJECT
devign_5062,qemu,CWE-MemorySafety,0,1,1,None,REJECT
devign_5072,qemu,CWE-MemorySafety,0,1,1,None,REJECT
devign_5086,qemu,CWE-MemorySafety,1,1,1,None,REJECT
devign_5104,FFmpeg,CWE-MemorySafety,1,1,1,None,REJECT
devign_5105,qemu,CWE-MemorySafety,1,1,1,None,REJECT
devign_5112,qemu,CWE-MemorySafety,1,1,1,None,REJECT
devign_5122,FFmpeg,CWE-MemorySafety,1,1,1,None,REJECT
devign_5124,qemu,CWE-MemorySafety,1,1,1,None,REJECT
devign_5127,qemu,CWE-MemorySafety,1,1,1,None,REJECT
devign_5139,FFmpeg,CWE-MemorySafety,1,1,1,None,REJECT
devign_5141,qemu,CWE-MemorySafety,1,1,1,None,REJECT
devign_5145,qemu,CWE-MemorySafety,1,1,1,None,REJECT
devign_5161,qemu,CWE-MemorySafety,0,1,1,None,REJECT
devign_5162,qemu,CWE-MemorySafety,0,1,1,None,REJECT
devign_5164,qemu,CWE-MemorySafety,0,1,1,None,REJECT
devign_5165,qemu,CWE-MemorySafety,0,1,1,None,REJECT
devign_5179,qemu,CWE-MemorySafety,1,1,1,None,REJECT
devign_5182,qemu,CWE-MemorySafety,1,1,1,None,REJECT
devign_5190,qemu,CWE-MemorySafety,1,1,1,None,REJECT
devign_5199,FFmpeg,CWE-MemorySafety,0,1,1,None,REJECT
devign_5204,qemu,CWE-MemorySafety,1,1,1,None,REJECT
devign_5206,qemu,CWE-MemorySafety,1,1,1,None,REJECT
devign_5207,FFmpeg,CWE-MemorySafety,0,1,1,None,REJECT
devign_5214,qemu,CWE-MemorySafety,1,1,1,None,REJECT
devign_5216,FFmpeg,CWE-MemorySafety,0,1,1,None,REJECT
devign_5217,qemu,CWE-MemorySafety,1,1,1,CWE-476: Dynamic allocation 'new' lacks safety handling,REJECT
devign_5222,FFmpeg,CWE-MemorySafety,1,1,1,CWE-476: Dynamic allocation 'new' lacks safety handling,REJECT
devign_5227,FFmpeg,CWE-MemorySafety,0,1,1,None,REJECT
devign_5239,qemu,CWE-MemorySafety,1,1,1,None,REJECT
devign_5242,qemu,CWE-MemorySafety,1,1,1,None,REJECT
devign_5248,FFmpeg,CWE-MemorySafety,0,1,1,CWE-476: Dynamic allocation 'new' lacks safety handling,REJECT
devign_5249,FFmpeg,CWE-MemorySafety,0,1,1,None,REJECT
devign_5251,qemu,CWE-MemorySafety,1,1,1,None,REJECT
devign_5253,qemu,CWE-MemorySafety,1,1,1,None,REJECT
devign_5259,qemu,CWE-MemorySafety,0,1,1,None,REJECT
devign_5269,qemu,CWE-MemorySafety,0,1,1,None,REJECT
devign_5279,qemu,CWE-MemorySafety,1,1,1,None,REJECT
devign_5290,qemu,CWE-MemorySafety,1,1,1,None,REJECT
devign_5291,FFmpeg,CWE-MemorySafety,1,1,1,None,REJECT
devign_5296,FFmpeg,CWE-MemorySafety,1,1,1,None,REJECT
devign_5297,FFmpeg,CWE-MemorySafety,1,1,1,None,REJECT
devign_5309,qemu,CWE-MemorySafety,0,1,1,None,REJECT
devign_5312,qemu,CWE-MemorySafety,0,1,1,None,REJECT
devign_5318,qemu,CWE-MemorySafety,0,1,1,None,REJECT
devign_5322,qemu,CWE-MemorySafety,0,1,1,None,REJECT
devign_5323,FFmpeg,CWE-MemorySafety,0,1,1,None,REJECT
devign_5326,qemu,CWE-MemorySafety,0,1,1,None,REJECT
devign_5329,qemu,CWE-MemorySafety,0,1,1,None,REJECT
devign_5339,qemu,CWE-MemorySafety,1,1,1,None,REJECT
devign_5344,qemu,CWE-MemorySafety,1,1,1,None,REJECT
devign_5352,FFmpeg,CWE-MemorySafety,1,1,1,None,REJECT
devign_5359,FFmpeg,CWE-MemorySafety,0,1,1,None,REJECT
devign_5369,qemu,CWE-MemorySafety,1,1,1,None,REJECT
devign_5379,qemu,CWE-MemorySafety,1,1,1,CWE-120: Unbounded string copy operation detected,REJECT
devign_5384,qemu,CWE-MemorySafety,1,1,1,None,REJECT
devign_5388,FFmpeg,CWE-MemorySafety,1,1,1,None,REJECT
devign_5390,FFmpeg,CWE-MemorySafety,1,1,1,None,REJECT
devign_5395,FFmpeg,CWE-MemorySafety,0,1,1,None,REJECT
devign_5399,FFmpeg,CWE-MemorySafety,1,1,1,None,REJECT
devign_5400,qemu,CWE-MemorySafety,1,1,1,None,REJECT
devign_5401,qemu,CWE-MemorySafety,1,1,1,None,REJECT
devign_5402,FFmpeg,CWE-MemorySafety,1,1,1,None,REJECT
devign_5406,qemu,CWE-MemorySafety,1,1,1,CWE-120: Unbounded string copy operation detected,REJECT
devign_5412,qemu,CWE-MemorySafety,1,1,1,CWE-476: Dynamic allocation 'new' lacks safety handling,REJECT
devign_5417,FFmpeg,CWE-MemorySafety,0,1,1,CWE-476: Dynamic allocation 'new' lacks safety handling,REJECT
devign_5419,FFmpeg,CWE-MemorySafety,0,1,1,None,REJECT
devign_5421,FFmpeg,CWE-MemorySafety,0,1,1,None,REJECT
devign_5425,qemu,CWE-MemorySafety,0,1,1,None,REJECT
devign_5428,qemu,CWE-MemorySafety,0,1,1,None,REJECT
devign_5429,qemu,CWE-MemorySafety,0,1,1,None,REJECT
devign_5431,qemu,CWE-MemorySafety,0,1,1,None,REJECT
devign_5436,FFmpeg,CWE-MemorySafety,0,1,1,None,REJECT
devign_5437,qemu,CWE-MemorySafety,0,1,1,CWE-476: Dynamic allocation 'new' lacks safety handling,REJECT
devign_5445,FFmpeg,CWE-MemorySafety,0,1,1,None,REJECT
devign_5449,qemu,CWE-MemorySafety,1,1,1,None,REJECT
devign_5450,qemu,CWE-MemorySafety,1,1,1,CWE-476: Dynamic allocation 'new' lacks safety handling,REJECT
devign_5452,qemu,CWE-MemorySafety,1,1,1,None,REJECT
devign_5454,qemu,CWE-MemorySafety,1,1,1,None,REJECT
devign_5460,FFmpeg,CWE-MemorySafety,1,1,1,None,REJECT
devign_5468,qemu,CWE-MemorySafety,1,1,1,None,REJECT
devign_5470,FFmpeg,CWE-MemorySafety,1,1,1,None,REJECT
devign_5472,FFmpeg,CWE-MemorySafety,1,1,1,None,REJECT
devign_5480,FFmpeg,CWE-MemorySafety,0,1,1,None,REJECT
devign_5484,qemu,CWE-MemorySafety,1,1,1,None,REJECT
devign_5486,FFmpeg,CWE-MemorySafety,0,1,1,None,REJECT
devign_5494,qemu,CWE-MemorySafety,0,1,1,None,REJECT
devign_5497,qemu,CWE-MemorySafety,0,1,1,None,REJECT
devign_5499,qemu,CWE-MemorySafety,0,1,1,None,REJECT
devign_5503,qemu,CWE-MemorySafety,0,1,1,None,REJECT
devign_5507,qemu,CWE-MemorySafety,0,1,1,None,REJECT
devign_5518,qemu,CWE-MemorySafety,0,1,1,None,REJECT
devign_5520,qemu,CWE-MemorySafety,0,1,1,CWE-476: Dynamic allocation 'new' lacks safety handling,REJECT
devign_5522,qemu,CWE-MemorySafety,0,1,1,CWE-120: Unbounded string copy operation detected,REJECT
devign_5532,FFmpeg,CWE-MemorySafety,0,1,1,None,REJECT
devign_5547,qemu,CWE-MemorySafety,1,1,1,None,REJECT
devign_5549,qemu,CWE-MemorySafety,1,1,1,None,REJECT
devign_5550,qemu,CWE-MemorySafety,1,1,1,None,REJECT
devign_5565,FFmpeg,CWE-MemorySafety,0,1,1,None,REJECT
devign_5570,FFmpeg,CWE-MemorySafety,0,1,1,None,REJECT
devign_5575,FFmpeg,CWE-MemorySafety,0,1,1,CWE-476: Dynamic allocation 'new' lacks safety handling,REJECT
devign_5579,qemu,CWE-MemorySafety,0,1,1,None,REJECT
devign_5581,qemu,CWE-MemorySafety,0,1,1,None,REJECT
devign_5585,qemu,CWE-MemorySafety,0,1,1,None,REJECT
devign_5604,FFmpeg,CWE-MemorySafety,1,1,1,None,REJECT
devign_5608,FFmpeg,CWE-MemorySafety,1,1,1,None,REJECT
devign_5614,qemu,CWE-MemorySafety,1,1,1,None,REJECT
devign_5637,FFmpeg,CWE-MemorySafety,1,1,1,None,REJECT
devign_5638,FFmpeg,CWE-MemorySafety,1,1,1,CWE-476: Dynamic allocation 'new' lacks safety handling,REJECT
devign_5642,FFmpeg,CWE-MemorySafety,1,1,1,None,REJECT
devign_5644,qemu,CWE-MemorySafety,1,1,1,CWE-476: Dynamic allocation 'new' lacks safety handling,REJECT
devign_5645,qemu,CWE-MemorySafety,1,1,1,None,REJECT
devign_5654,qemu,CWE-MemorySafety,0,1,1,None,REJECT
devign_5656,qemu,CWE-MemorySafety,0,1,1,None,REJECT
devign_5668,qemu,CWE-MemorySafety,0,1,1,None,REJECT
devign_5676,qemu,CWE-MemorySafety,1,1,1,None,REJECT
devign_5701,qemu,CWE-MemorySafety,0,1,1,None,REJECT
devign_5703,qemu,CWE-MemorySafety,0,1,1,None,REJECT
devign_5704,qemu,CWE-MemorySafety,0,1,1,None,REJECT
devign_5705,qemu,CWE-MemorySafety,0,1,1,None,REJECT
devign_5707,qemu,CWE-MemorySafety,0,1,1,None,REJECT
devign_5711,qemu,CWE-MemorySafety,0,1,1,None,REJECT
devign_5712,qemu,CWE-MemorySafety,0,1,1,None,REJECT
devign_5721,qemu,CWE-MemorySafety,0,1,1,None,REJECT
devign_5735,FFmpeg,CWE-MemorySafety,1,1,1,None,REJECT
devign_5739,qemu,CWE-MemorySafety,1,1,1,CWE-476: Dynamic allocation 'new' lacks safety handling,REJECT
devign_5750,qemu,CWE-MemorySafety,1,1,1,None,REJECT
devign_5751,qemu,CWE-MemorySafety,1,1,1,None,REJECT
devign_5755,FFmpeg,CWE-MemorySafety,1,1,1,None,REJECT
devign_5758,qemu,CWE-MemorySafety,1,1,1,None,REJECT
devign_5785,qemu,CWE-MemorySafety,1,1,1,None,REJECT
devign_5788,qemu,CWE-MemorySafety,1,1,1,None,REJECT
devign_5790,qemu,CWE-MemorySafety,1,1,1,CWE-476: Dynamic allocation 'new' lacks safety handling,REJECT
devign_5807,qemu,CWE-MemorySafety,0,1,1,None,REJECT
devign_5814,FFmpeg,CWE-MemorySafety,0,1,1,None,REJECT
devign_5816,qemu,CWE-MemorySafety,0,1,1,None,REJECT
devign_5823,FFmpeg,CWE-MemorySafety,0,1,1,None,REJECT
devign_5826,qemu,CWE-MemorySafety,1,1,1,None,REJECT
devign_5836,qemu,CWE-MemorySafety,1,1,1,None,REJECT
devign_5840,FFmpeg,CWE-MemorySafety,0,1,1,None,REJECT
devign_5845,qemu,CWE-MemorySafety,1,1,1,None,REJECT
devign_5854,FFmpeg,CWE-MemorySafety,0,1,1,None,REJECT
devign_5857,FFmpeg,CWE-MemorySafety,0,1,1,None,REJECT
devign_5862,FFmpeg,CWE-MemorySafety,1,1,1,None,REJECT
devign_5874,qemu,CWE-MemorySafety,1,1,1,None,REJECT
devign_5878,qemu,CWE-MemorySafety,1,1,1,None,REJECT
devign_5881,qemu,CWE-MemorySafety,1,1,1,None,REJECT
devign_5883,qemu,CWE-MemorySafety,1,1,1,None,REJECT
devign_5893,FFmpeg,CWE-MemorySafety,0,1,1,CWE-476: Dynamic allocation 'new' lacks safety handling,REJECT
devign_5894,qemu,CWE-MemorySafety,0,1,1,None,REJECT
devign_5896,qemu,CWE-MemorySafety,0,1,1,None,REJECT
devign_5898,qemu,CWE-MemorySafety,0,1,1,None,REJECT
devign_5904,FFmpeg,CWE-MemorySafety,1,1,1,None,REJECT
devign_5906,qemu,CWE-MemorySafety,1,1,1,None,REJECT
devign_5912,qemu,CWE-MemorySafety,1,1,1,None,REJECT
devign_5921,qemu,CWE-MemorySafety,0,1,1,None,REJECT
devign_5922,qemu,CWE-MemorySafety,0,1,1,None,REJECT
devign_5923,qemu,CWE-MemorySafety,0,1,1,None,REJECT
devign_5929,qemu,CWE-MemorySafety,0,1,1,None,REJECT
devign_5933,qemu,CWE-MemorySafety,0,1,1,None,REJECT
devign_5934,qemu,CWE-MemorySafety,0,1,1,None,REJECT
devign_5936,qemu,CWE-MemorySafety,0,1,1,None,REJECT
devign_5954,qemu,CWE-MemorySafety,0,1,1,None,REJECT
devign_5958,qemu,CWE-MemorySafety,0,1,1,None,REJECT
devign_5959,qemu,CWE-MemorySafety,0,1,1,None,REJECT
devign_5960,qemu,CWE-MemorySafety,0,1,1,None,REJECT
devign_5961,qemu,CWE-MemorySafety,0,1,1,None,REJECT
devign_5968,qemu,CWE-MemorySafety,0,1,1,None,REJECT
devign_5969,qemu,CWE-MemorySafety,0,1,1,None,REJECT
devign_5979,FFmpeg,CWE-MemorySafety,0,1,1,None,REJECT
devign_5983,qemu,CWE-MemorySafety,0,1,1,CWE-476: Dynamic allocation 'new' lacks safety handling,REJECT
devign_5989,qemu,CWE-MemorySafety,0,1,1,None,REJECT
devign_5991,qemu,CWE-MemorySafety,0,1,1,None,REJECT
devign_5995,qemu,CWE-MemorySafety,0,1,1,None,REJECT
devign_5996,qemu,CWE-MemorySafety,0,1,1,CWE-476: Dynamic allocation 'new' lacks safety handling,REJECT
devign_5997,qemu,CWE-MemorySafety,0,1,1,None,REJECT
devign_6011,qemu,CWE-MemorySafety,0,1,1,None,REJECT
devign_6013,qemu,CWE-MemorySafety,0,1,1,None,REJECT
devign_6015,qemu,CWE-MemorySafety,0,1,1,None,REJECT
devign_6029,qemu,CWE-MemorySafety,0,1,1,None,REJECT
devign_6044,FFmpeg,CWE-MemorySafety,1,1,1,None,REJECT
devign_6059,qemu,CWE-MemorySafety,1,1,1,None,REJECT
devign_6062,FFmpeg,CWE-MemorySafety,1,1,1,None,REJECT
devign_6063,qemu,CWE-MemorySafety,1,1,1,None,REJECT
devign_6064,FFmpeg,CWE-MemorySafety,1,1,1,None,REJECT
devign_6075,qemu,CWE-MemorySafety,0,1,1,None,REJECT
devign_6087,qemu,CWE-MemorySafety,0,1,1,None,REJECT
devign_6096,qemu,CWE-MemorySafety,0,1,1,None,REJECT
devign_6101,qemu,CWE-MemorySafety,0,1,1,None,REJECT
devign_6104,qemu,CWE-MemorySafety,1,1,1,None,REJECT
devign_6116,FFmpeg,CWE-MemorySafety,1,1,1,None,REJECT
devign_6119,qemu,CWE-MemorySafety,1,1,1,None,REJECT
devign_6121,qemu,CWE-MemorySafety,1,1,1,None,REJECT
devign_6122,qemu,CWE-MemorySafety,1,1,1,None,REJECT
devign_6123,qemu,CWE-MemorySafety,1,1,1,CWE-120: Unbounded string copy operation detected,REJECT
devign_6126,qemu,CWE-MemorySafety,1,1,1,None,REJECT
devign_6128,qemu,CWE-MemorySafety,1,1,1,None,REJECT
devign_6134,FFmpeg,CWE-MemorySafety,1,1,1,None,REJECT
devign_6135,qemu,CWE-MemorySafety,1,1,1,None,REJECT
devign_6157,qemu,CWE-MemorySafety,1,1,1,CWE-476: Dynamic allocation 'new' lacks safety handling,REJECT
devign_6160,qemu,CWE-MemorySafety,1,1,1,None,REJECT
devign_6163,FFmpeg,CWE-MemorySafety,1,1,1,None,REJECT
devign_6165,qemu,CWE-MemorySafety,1,1,1,None,REJECT
devign_6167,qemu,CWE-MemorySafety,1,1,1,CWE-476: Dynamic allocation 'new' lacks safety handling,REJECT
devign_6168,FFmpeg,CWE-MemorySafety,1,1,1,None,REJECT
devign_6171,FFmpeg,CWE-MemorySafety,1,1,1,None,REJECT
devign_6176,FFmpeg,CWE-MemorySafety,0,1,1,None,REJECT
devign_6179,qemu,CWE-MemorySafety,1,1,1,None,REJECT
devign_6180,qemu,CWE-MemorySafety,1,1,1,CWE-476: Dynamic allocation 'new' lacks safety handling,REJECT
devign_6190,qemu,CWE-MemorySafety,1,1,1,None,REJECT
devign_6198,FFmpeg,CWE-MemorySafety,1,1,1,CWE-476: Dynamic allocation 'new' lacks safety handling,REJECT
devign_6202,qemu,CWE-MemorySafety,1,1,1,None,REJECT
devign_6204,qemu,CWE-MemorySafety,1,1,1,None,REJECT
devign_6205,FFmpeg,CWE-MemorySafety,1,1,1,None,REJECT
devign_6212,qemu,CWE-MemorySafety,1,1,1,None,REJECT
devign_6223,qemu,CWE-MemorySafety,1,1,1,CWE-476: Dynamic allocation 'new' lacks safety handling,REJECT
devign_6226,qemu,CWE-MemorySafety,1,1,1,CWE-476: Dynamic allocation 'new' lacks safety handling,REJECT
devign_6229,qemu,CWE-MemorySafety,1,1,1,None,REJECT
devign_6233,qemu,CWE-MemorySafety,0,1,1,None,REJECT
devign_6241,qemu,CWE-MemorySafety,0,1,1,CWE-476: Dynamic allocation 'new' lacks safety handling,REJECT
devign_6246,qemu,CWE-MemorySafety,1,1,1,CWE-476: Dynamic allocation 'new' lacks safety handling,REJECT
devign_6247,FFmpeg,CWE-MemorySafety,1,1,1,None,REJECT
devign_6261,qemu,CWE-MemorySafety,0,1,1,CWE-476: Dynamic allocation 'new' lacks safety handling,REJECT
devign_6265,FFmpeg,CWE-MemorySafety,0,1,1,CWE-476: Dynamic allocation 'new' lacks safety handling,REJECT
devign_6267,qemu,CWE-MemorySafety,0,1,1,None,REJECT
devign_6271,qemu,CWE-MemorySafety,0,1,1,None,REJECT
devign_6272,FFmpeg,CWE-MemorySafety,0,1,1,None,REJECT
devign_6276,FFmpeg,CWE-MemorySafety,0,1,1,None,REJECT
devign_6279,FFmpeg,CWE-MemorySafety,0,1,1,None,REJECT
devign_6299,qemu,CWE-MemorySafety,0,1,1,None,REJECT
devign_6303,qemu,CWE-MemorySafety,0,1,1,None,REJECT
devign_6304,qemu,CWE-MemorySafety,0,1,1,None,REJECT
devign_6314,qemu,CWE-MemorySafety,0,1,1,None,REJECT
devign_6320,qemu,CWE-MemorySafety,0,1,1,None,REJECT
devign_6322,qemu,CWE-MemorySafety,0,1,1,None,REJECT
devign_6323,FFmpeg,CWE-MemorySafety,0,1,1,None,REJECT
devign_6327,qemu,CWE-MemorySafety,0,1,1,None,REJECT
devign_6329,qemu,CWE-MemorySafety,0,1,1,None,REJECT
devign_6331,FFmpeg,CWE-MemorySafety,1,1,1,None,REJECT
devign_6342,FFmpeg,CWE-MemorySafety,1,1,1,None,REJECT
devign_6344,qemu,CWE-MemorySafety,1,1,1,None,REJECT
devign_6353,FFmpeg,CWE-MemorySafety,0,1,1,None,REJECT
devign_6354,FFmpeg,CWE-MemorySafety,0,1,1,None,REJECT
devign_6357,FFmpeg,CWE-MemorySafety,1,1,1,None,REJECT
devign_6359,qemu,CWE-MemorySafety,1,1,1,None,REJECT
devign_6360,qemu,CWE-MemorySafety,1,1,1,None,REJECT
devign_6370,qemu,CWE-MemorySafety,0,1,1,CWE-476: Dynamic allocation 'new' lacks safety handling,REJECT
devign_6374,FFmpeg,CWE-MemorySafety,0,1,1,None,REJECT
devign_6378,qemu,CWE-MemorySafety,0,1,1,None,REJECT
devign_6379,qemu,CWE-MemorySafety,0,1,1,None,REJECT
devign_6389,qemu,CWE-MemorySafety,1,1,1,CWE-476: Dynamic allocation 'new' lacks safety handling,REJECT
devign_6390,qemu,CWE-MemorySafety,1,1,1,None,REJECT
devign_6393,qemu,CWE-MemorySafety,0,1,1,None,REJECT
devign_6398,qemu,CWE-MemorySafety,0,1,1,None,REJECT
devign_6410,qemu,CWE-MemorySafety,1,1,1,None,REJECT
devign_6420,qemu,CWE-MemorySafety,0,1,1,None,REJECT
devign_6430,qemu,CWE-MemorySafety,0,1,1,CWE-120: Unbounded string copy operation detected,REJECT
devign_6437,FFmpeg,CWE-MemorySafety,0,1,1,None,REJECT
devign_6438,qemu,CWE-MemorySafety,0,1,1,None,REJECT
devign_6441,qemu,CWE-MemorySafety,1,1,1,None,REJECT
devign_6444,qemu,CWE-MemorySafety,1,1,1,None,REJECT
devign_6451,FFmpeg,CWE-MemorySafety,1,1,1,None,REJECT
devign_6458,FFmpeg,CWE-MemorySafety,0,1,1,None,REJECT
devign_6461,qemu,CWE-MemorySafety,0,1,1,None,REJECT
devign_6462,qemu,CWE-MemorySafety,0,1,1,None,REJECT
devign_6463,qemu,CWE-MemorySafety,0,1,1,CWE-476: Dynamic allocation 'new' lacks safety handling,REJECT
devign_6476,qemu,CWE-MemorySafety,0,1,1,None,REJECT
devign_6482,qemu,CWE-MemorySafety,0,1,1,CWE-120: Unbounded string copy operation detected,REJECT
devign_6485,FFmpeg,CWE-MemorySafety,0,1,1,None,REJECT
devign_6492,qemu,CWE-MemorySafety,0,1,1,CWE-476: Dynamic allocation 'new' lacks safety handling,REJECT
devign_6502,qemu,CWE-MemorySafety,1,1,1,None,REJECT
devign_6506,qemu,CWE-MemorySafety,1,1,1,CWE-120: Unbounded string copy operation detected,REJECT
devign_6511,FFmpeg,CWE-MemorySafety,1,1,1,None,REJECT
devign_6521,qemu,CWE-MemorySafety,1,1,1,None,REJECT
devign_6530,qemu,CWE-MemorySafety,0,1,1,CWE-476: Dynamic allocation 'new' lacks safety handling,REJECT
devign_6539,FFmpeg,CWE-MemorySafety,0,1,1,None,REJECT
devign_6542,qemu,CWE-MemorySafety,0,1,1,None,REJECT
devign_6543,qemu,CWE-MemorySafety,0,1,1,None,REJECT
devign_6547,qemu,CWE-MemorySafety,1,1,1,None,REJECT
devign_6548,qemu,CWE-MemorySafety,1,1,1,None,REJECT
devign_6553,FFmpeg,CWE-MemorySafety,1,1,1,CWE-476: Dynamic allocation 'new' lacks safety handling,REJECT
devign_6557,qemu,CWE-MemorySafety,1,1,1,CWE-476: Dynamic allocation 'new' lacks safety handling,REJECT
devign_6562,FFmpeg,CWE-MemorySafety,0,1,1,None,REJECT
devign_6565,FFmpeg,CWE-MemorySafety,0,1,1,CWE-476: Dynamic allocation 'new' lacks safety handling,REJECT
devign_6569,qemu,CWE-MemorySafety,1,1,1,None,REJECT
devign_6575,FFmpeg,CWE-MemorySafety,0,1,1,None,REJECT
devign_6576,FFmpeg,CWE-MemorySafety,1,1,1,None,REJECT
devign_6595,FFmpeg,CWE-MemorySafety,1,1,1,None,REJECT
devign_6597,qemu,CWE-MemorySafety,1,1,1,None,REJECT
devign_6600,qemu,CWE-MemorySafety,1,1,1,None,REJECT
devign_6602,qemu,CWE-MemorySafety,1,1,1,None,REJECT
devign_6604,qemu,CWE-MemorySafety,1,1,1,None,REJECT
devign_6605,qemu,CWE-MemorySafety,1,1,1,None,REJECT
devign_6606,FFmpeg,CWE-MemorySafety,0,1,1,None,REJECT
devign_6614,qemu,CWE-MemorySafety,0,1,1,None,REJECT
devign_6617,qemu,CWE-MemorySafety,0,1,1,None,REJECT
devign_6621,qemu,CWE-MemorySafety,0,1,1,None,REJECT
devign_6645,qemu,CWE-MemorySafety,0,1,1,None,REJECT
devign_6646,FFmpeg,CWE-MemorySafety,0,1,1,None,REJECT
devign_6647,qemu,CWE-MemorySafety,0,1,1,None,REJECT
devign_6657,qemu,CWE-MemorySafety,0,1,1,None,REJECT
devign_6679,FFmpeg,CWE-MemorySafety,0,1,1,CWE-476: Dynamic allocation 'new' lacks safety handling,REJECT
devign_6686,qemu,CWE-MemorySafety,1,1,1,None,REJECT
devign_6687,qemu,CWE-MemorySafety,1,1,1,None,REJECT
devign_6699,qemu,CWE-MemorySafety,1,1,1,None,REJECT
devign_6705,qemu,CWE-MemorySafety,1,1,1,None,REJECT
devign_6710,qemu,CWE-MemorySafety,1,1,1,None,REJECT
devign_6728,qemu,CWE-MemorySafety,0,1,1,None,REJECT
devign_6746,qemu,CWE-MemorySafety,0,1,1,None,REJECT
devign_6757,FFmpeg,CWE-MemorySafety,1,1,1,None,REJECT
devign_6773,qemu,CWE-MemorySafety,1,1,1,None,REJECT
devign_6778,qemu,CWE-MemorySafety,1,1,1,None,REJECT
devign_6790,FFmpeg,CWE-MemorySafety,1,1,1,None,REJECT
devign_6791,qemu,CWE-MemorySafety,1,1,1,None,REJECT
devign_6793,qemu,CWE-MemorySafety,1,1,1,None,REJECT
devign_6795,qemu,CWE-MemorySafety,1,1,1,None,REJECT
devign_6796,qemu,CWE-MemorySafety,1,1,1,None,REJECT
devign_6802,FFmpeg,CWE-MemorySafety,0,1,1,CWE-476: Dynamic allocation 'new' lacks safety handling,REJECT
devign_6803,qemu,CWE-MemorySafety,1,1,1,None,REJECT
devign_6808,FFmpeg,CWE-MemorySafety,0,1,1,None,REJECT
devign_6809,FFmpeg,CWE-MemorySafety,0,1,1,None,REJECT
devign_6812,FFmpeg,CWE-MemorySafety,0,1,1,CWE-476: Dynamic allocation 'new' lacks safety handling,REJECT
devign_6818,qemu,CWE-MemorySafety,1,1,1,CWE-476: Dynamic allocation 'new' lacks safety handling,REJECT
devign_6822,qemu,CWE-MemorySafety,1,1,1,CWE-476: Dynamic allocation 'new' lacks safety handling,REJECT
devign_6835,FFmpeg,CWE-MemorySafety,1,1,1,None,REJECT
devign_6837,qemu,CWE-MemorySafety,1,1,1,None,REJECT
devign_6844,FFmpeg,CWE-MemorySafety,1,1,1,None,REJECT
devign_6845,FFmpeg,CWE-MemorySafety,1,1,1,CWE-476: Dynamic allocation 'new' lacks safety handling,REJECT
devign_6849,FFmpeg,CWE-MemorySafety,0,1,1,None,REJECT
devign_6861,FFmpeg,CWE-MemorySafety,1,1,1,None,REJECT
devign_6865,FFmpeg,CWE-MemorySafety,1,1,1,None,REJECT
devign_6868,FFmpeg,CWE-MemorySafety,0,1,1,None,REJECT
devign_6870,qemu,CWE-MemorySafety,0,1,1,None,REJECT
devign_6881,qemu,CWE-MemorySafety,0,1,1,None,REJECT
devign_6883,qemu,CWE-MemorySafety,0,1,1,None,REJECT
devign_6885,qemu,CWE-MemorySafety,0,1,1,None,REJECT
devign_6886,qemu,CWE-MemorySafety,0,1,1,None,REJECT
devign_6892,qemu,CWE-MemorySafety,1,1,1,None,REJECT
devign_6894,qemu,CWE-MemorySafety,1,1,1,None,REJECT
devign_6902,FFmpeg,CWE-MemorySafety,0,1,1,None,REJECT
devign_6904,FFmpeg,CWE-MemorySafety,0,1,1,None,REJECT
devign_6912,qemu,CWE-MemorySafety,1,1,1,CWE-476: Dynamic allocation 'new' lacks safety handling,REJECT
devign_6914,FFmpeg,CWE-MemorySafety,0,1,1,None,REJECT
devign_6916,qemu,CWE-MemorySafety,1,1,1,None,REJECT
devign_6918,qemu,CWE-MemorySafety,1,1,1,None,REJECT
devign_6921,qemu,CWE-MemorySafety,1,1,1,None,REJECT
devign_6925,qemu,CWE-MemorySafety,0,1,1,None,REJECT
devign_6926,qemu,CWE-MemorySafety,0,1,1,CWE-476: Dynamic allocation 'new' lacks safety handling,REJECT
devign_6933,qemu,CWE-MemorySafety,0,1,1,None,REJECT
devign_6935,qemu,CWE-MemorySafety,0,1,1,None,REJECT
devign_6942,qemu,CWE-MemorySafety,0,1,1,None,REJECT
devign_6958,qemu,CWE-MemorySafety,0,1,1,None,REJECT
devign_6965,qemu,CWE-MemorySafety,0,1,1,None,REJECT
devign_6971,qemu,CWE-MemorySafety,0,1,1,CWE-120: Unbounded string copy operation detected,REJECT
devign_6972,qemu,CWE-MemorySafety,0,1,1,None,REJECT
devign_6974,qemu,CWE-MemorySafety,0,1,1,None,REJECT
devign_6981,qemu,CWE-MemorySafety,0,1,1,None,REJECT
devign_6983,qemu,CWE-MemorySafety,0,1,1,None,REJECT
devign_6991,qemu,CWE-MemorySafety,1,1,1,None,REJECT
devign_6996,qemu,CWE-MemorySafety,1,1,1,None,REJECT
devign_6999,FFmpeg,CWE-MemorySafety,1,1,1,None,REJECT
devign_7001,qemu,CWE-MemorySafety,1,1,1,CWE-476: Dynamic allocation 'new' lacks safety handling | CWE-120: Unbounded string copy operation detected,REJECT
devign_7018,FFmpeg,CWE-MemorySafety,1,1,1,None,REJECT
devign_7020,qemu,CWE-MemorySafety,1,1,1,CWE-120: Unbounded string copy operation detected,REJECT
devign_7025,FFmpeg,CWE-MemorySafety,1,1,1,None,REJECT
devign_7026,qemu,CWE-MemorySafety,1,1,1,None,REJECT
devign_7051,qemu,CWE-MemorySafety,0,1,1,None,REJECT
devign_7053,FFmpeg,CWE-MemorySafety,0,1,1,None,REJECT
devign_7060,qemu,CWE-MemorySafety,1,1,1,None,REJECT
devign_7061,FFmpeg,CWE-MemorySafety,1,1,1,None,REJECT
devign_7063,qemu,CWE-MemorySafety,1,1,1,None,REJECT
devign_7069,FFmpeg,CWE-MemorySafety,0,1,1,None,REJECT
devign_7082,FFmpeg,CWE-MemorySafety,1,1,1,None,REJECT
devign_7099,FFmpeg,CWE-MemorySafety,1,1,1,CWE-476: Dynamic allocation 'new' lacks safety handling,REJECT
devign_7103,qemu,CWE-MemorySafety,1,1,1,CWE-476: Dynamic allocation 'new' lacks safety handling,REJECT
devign_7110,qemu,CWE-MemorySafety,1,1,1,None,REJECT
devign_7114,FFmpeg,CWE-MemorySafety,0,1,1,CWE-476: Dynamic allocation 'new' lacks safety handling,REJECT
devign_7115,FFmpeg,CWE-MemorySafety,0,1,1,None,REJECT
devign_7117,qemu,CWE-MemorySafety,0,1,1,None,REJECT
devign_7120,qemu,CWE-MemorySafety,0,1,1,None,REJECT
devign_7121,qemu,CWE-MemorySafety,0,1,1,None,REJECT
devign_7122,qemu,CWE-MemorySafety,0,1,1,None,REJECT
devign_7123,qemu,CWE-MemorySafety,0,1,1,None,REJECT
devign_7125,FFmpeg,CWE-MemorySafety,0,1,1,None,REJECT
devign_7126,qemu,CWE-MemorySafety,0,1,1,None,REJECT
devign_7127,qemu,CWE-MemorySafety,0,1,1,None,REJECT
devign_7134,qemu,CWE-MemorySafety,0,1,1,None,REJECT
devign_7143,FFmpeg,CWE-MemorySafety,0,1,1,None,REJECT
devign_7155,FFmpeg,CWE-MemorySafety,1,1,1,None,REJECT
devign_7156,qemu,CWE-MemorySafety,1,1,1,None,REJECT
devign_7161,qemu,CWE-MemorySafety,1,1,1,None,REJECT
devign_7163,qemu,CWE-MemorySafety,1,1,1,None,REJECT
devign_7165,qemu,CWE-MemorySafety,1,1,1,None,REJECT
devign_7167,qemu,CWE-MemorySafety,1,1,1,None,REJECT
devign_7171,FFmpeg,CWE-MemorySafety,1,1,1,None,REJECT
devign_7174,qemu,CWE-MemorySafety,0,1,1,None,REJECT
devign_7182,qemu,CWE-MemorySafety,0,1,1,None,REJECT
devign_7188,qemu,CWE-MemorySafety,0,1,1,None,REJECT
devign_7194,qemu,CWE-MemorySafety,0,1,1,None,REJECT
devign_7198,FFmpeg,CWE-MemorySafety,0,1,1,None,REJECT
devign_7205,qemu,CWE-MemorySafety,0,1,1,None,REJECT
devign_7209,qemu,CWE-MemorySafety,0,1,1,None,REJECT
devign_7216,qemu,CWE-MemorySafety,0,1,1,CWE-476: Dynamic allocation 'new' lacks safety handling,REJECT
devign_7222,qemu,CWE-MemorySafety,0,1,1,None,REJECT
devign_7227,FFmpeg,CWE-MemorySafety,0,1,1,None,REJECT
devign_7229,qemu,CWE-MemorySafety,0,1,1,None,REJECT
devign_7230,qemu,CWE-MemorySafety,0,1,1,None,REJECT
devign_7231,qemu,CWE-MemorySafety,0,1,1,None,REJECT
devign_7234,qemu,CWE-MemorySafety,0,1,1,None,REJECT
devign_7240,FFmpeg,CWE-MemorySafety,0,1,1,None,REJECT
devign_7245,qemu,CWE-MemorySafety,0,1,1,None,REJECT
devign_7247,qemu,CWE-MemorySafety,0,1,1,None,REJECT
devign_7250,qemu,CWE-MemorySafety,1,1,1,None,REJECT
devign_7251,qemu,CWE-MemorySafety,1,1,1,None,REJECT
devign_7254,qemu,CWE-MemorySafety,1,1,1,None,REJECT
devign_7262,FFmpeg,CWE-MemorySafety,1,1,1,None,REJECT
devign_7266,qemu,CWE-MemorySafety,1,1,1,None,REJECT
devign_7271,qemu,CWE-MemorySafety,1,1,1,None,REJECT
devign_7273,qemu,CWE-MemorySafety,0,1,1,None,REJECT
devign_7275,qemu,CWE-MemorySafety,0,1,1,None,REJECT
devign_7276,qemu,CWE-MemorySafety,0,1,1,None,REJECT
devign_7280,qemu,CWE-MemorySafety,0,1,1,None,REJECT
devign_7284,qemu,CWE-MemorySafety,0,1,1,None,REJECT
devign_7288,qemu,CWE-MemorySafety,0,1,1,None,REJECT
devign_7295,qemu,CWE-MemorySafety,0,1,1,None,REJECT
devign_7297,qemu,CWE-MemorySafety,0,1,1,None,REJECT
devign_7298,qemu,CWE-MemorySafety,0,1,1,None,REJECT
devign_7302,qemu,CWE-MemorySafety,0,1,1,CWE-120: Unbounded string copy operation detected,REJECT
devign_7304,qemu,CWE-MemorySafety,0,1,1,None,REJECT
devign_7306,qemu,CWE-MemorySafety,0,1,1,None,REJECT
devign_7309,qemu,CWE-MemorySafety,1,1,1,None,REJECT
devign_7310,qemu,CWE-MemorySafety,1,1,1,None,REJECT
devign_7313,qemu,CWE-MemorySafety,1,1,1,None,REJECT
devign_7315,qemu,CWE-MemorySafety,1,1,1,None,REJECT
devign_7316,qemu,CWE-MemorySafety,1,1,1,None,REJECT
devign_7324,FFmpeg,CWE-MemorySafety,1,1,1,None,REJECT
devign_7331,FFmpeg,CWE-MemorySafety,1,1,1,None,REJECT
devign_7341,FFmpeg,CWE-MemorySafety,0,1,1,None,REJECT
devign_7344,qemu,CWE-MemorySafety,1,1,1,None,REJECT
devign_7348,qemu,CWE-MemorySafety,1,1,1,None,REJECT
devign_7359,qemu,CWE-MemorySafety,1,1,1,None,REJECT
devign_7367,qemu,CWE-MemorySafety,1,1,1,None,REJECT
devign_7369,qemu,CWE-MemorySafety,1,1,1,None,REJECT
devign_7371,qemu,CWE-MemorySafety,1,1,1,None,REJECT
devign_7378,qemu,CWE-MemorySafety,1,1,1,None,REJECT
devign_7379,qemu,CWE-MemorySafety,1,1,1,CWE-476: Dynamic allocation 'new' lacks safety handling,REJECT
devign_7388,FFmpeg,CWE-MemorySafety,1,1,1,None,REJECT
devign_7392,qemu,CWE-MemorySafety,1,1,1,CWE-476: Dynamic allocation 'new' lacks safety handling,REJECT
devign_7402,qemu,CWE-MemorySafety,1,1,1,None,REJECT
devign_7404,qemu,CWE-MemorySafety,1,1,1,None,REJECT
devign_7409,qemu,CWE-MemorySafety,1,1,1,None,REJECT
devign_7410,FFmpeg,CWE-MemorySafety,0,1,1,None,REJECT
devign_7417,qemu,CWE-MemorySafety,0,1,1,None,REJECT
devign_7433,qemu,CWE-MemorySafety,1,1,1,CWE-476: Dynamic allocation 'new' lacks safety handling,REJECT
devign_7434,FFmpeg,CWE-MemorySafety,1,1,1,None,REJECT
devign_7443,qemu,CWE-MemorySafety,0,1,1,None,REJECT
devign_7453,qemu,CWE-MemorySafety,0,1,1,None,REJECT
devign_7457,FFmpeg,CWE-MemorySafety,0,1,1,CWE-120: Unbounded string copy operation detected,REJECT
devign_7467,qemu,CWE-MemorySafety,1,1,1,None,REJECT
devign_7473,qemu,CWE-MemorySafety,1,1,1,None,REJECT
devign_7478,qemu,CWE-MemorySafety,1,1,1,None,REJECT
devign_7482,FFmpeg,CWE-MemorySafety,1,1,1,None,REJECT
devign_7494,qemu,CWE-MemorySafety,0,1,1,None,REJECT
devign_7497,qemu,CWE-MemorySafety,0,1,1,None,REJECT
devign_7498,qemu,CWE-MemorySafety,0,1,1,CWE-476: Dynamic allocation 'new' lacks safety handling,REJECT
devign_7505,qemu,CWE-MemorySafety,0,1,1,None,REJECT
devign_7506,qemu,CWE-MemorySafety,0,1,1,CWE-476: Dynamic allocation 'new' lacks safety handling,REJECT
devign_7510,qemu,CWE-MemorySafety,1,1,1,None,REJECT
devign_7516,qemu,CWE-MemorySafety,1,1,1,None,REJECT
devign_7517,FFmpeg,CWE-MemorySafety,1,1,1,None,REJECT
devign_7518,qemu,CWE-MemorySafety,1,1,1,None,REJECT
devign_7520,qemu,CWE-MemorySafety,1,1,1,None,REJECT
devign_7526,qemu,CWE-MemorySafety,1,1,1,None,REJECT
devign_7528,FFmpeg,CWE-MemorySafety,0,1,1,None,REJECT
devign_7534,qemu,CWE-MemorySafety,1,1,1,None,REJECT
devign_7540,qemu,CWE-MemorySafety,1,1,1,None,REJECT
devign_7549,qemu,CWE-MemorySafety,0,1,1,None,REJECT
devign_7551,FFmpeg,CWE-MemorySafety,0,1,1,None,REJECT
devign_7561,qemu,CWE-MemorySafety,0,1,1,None,REJECT
devign_7580,qemu,CWE-MemorySafety,1,1,1,None,REJECT
devign_7586,FFmpeg,CWE-MemorySafety,1,1,1,None,REJECT
devign_7608,qemu,CWE-MemorySafety,1,1,1,None,REJECT
devign_7609,qemu,CWE-MemorySafety,1,1,1,None,REJECT
devign_7616,FFmpeg,CWE-MemorySafety,1,1,1,None,REJECT
devign_7626,qemu,CWE-MemorySafety,1,1,1,None,REJECT
devign_7627,FFmpeg,CWE-MemorySafety,0,1,1,None,REJECT
devign_7632,FFmpeg,CWE-MemorySafety,1,1,1,None,REJECT
devign_7645,FFmpeg,CWE-MemorySafety,1,1,1,None,REJECT
devign_7650,qemu,CWE-MemorySafety,1,1,1,None,REJECT
devign_7659,qemu,CWE-MemorySafety,1,1,1,None,REJECT
devign_7669,qemu,CWE-MemorySafety,0,1,1,None,REJECT
devign_7671,qemu,CWE-MemorySafety,0,1,1,None,REJECT
devign_7672,qemu,CWE-MemorySafety,0,1,1,None,REJECT
devign_7676,qemu,CWE-MemorySafety,0,1,1,None,REJECT
devign_7683,qemu,CWE-MemorySafety,0,1,1,None,REJECT
devign_7685,qemu,CWE-MemorySafety,0,1,1,None,REJECT
devign_7694,qemu,CWE-MemorySafety,0,1,1,None,REJECT
devign_7695,qemu,CWE-MemorySafety,0,1,1,None,REJECT
devign_7700,qemu,CWE-MemorySafety,0,1,1,None,REJECT
devign_7705,qemu,CWE-MemorySafety,0,1,1,None,REJECT
devign_7708,qemu,CWE-MemorySafety,0,1,1,None,REJECT
devign_7710,qemu,CWE-MemorySafety,0,1,1,None,REJECT
devign_7712,qemu,CWE-MemorySafety,0,1,1,None,REJECT
devign_7713,qemu,CWE-MemorySafety,0,1,1,CWE-476: Dynamic allocation 'new' lacks safety handling,REJECT
devign_7719,qemu,CWE-MemorySafety,1,1,1,None,REJECT
devign_7722,qemu,CWE-MemorySafety,1,1,1,None,REJECT
devign_7735,FFmpeg,CWE-MemorySafety,1,1,1,CWE-476: Dynamic allocation 'new' lacks safety handling,REJECT
devign_7741,qemu,CWE-MemorySafety,0,1,1,None,REJECT
devign_7745,qemu,CWE-MemorySafety,0,1,1,None,REJECT
devign_7748,FFmpeg,CWE-MemorySafety,0,1,1,None,REJECT
devign_7756,FFmpeg,CWE-MemorySafety,0,1,1,CWE-476: Dynamic allocation 'new' lacks safety handling,REJECT
devign_7766,qemu,CWE-MemorySafety,1,1,1,None,REJECT
devign_7767,FFmpeg,CWE-MemorySafety,0,1,1,None,REJECT
devign_7778,qemu,CWE-MemorySafety,0,1,1,CWE-120: Unbounded string copy operation detected,REJECT
devign_7780,qemu,CWE-MemorySafety,0,1,1,CWE-476: Dynamic allocation 'new' lacks safety handling,REJECT
devign_7782,qemu,CWE-MemorySafety,0,1,1,None,REJECT
devign_7784,qemu,CWE-MemorySafety,0,1,1,None,REJECT
devign_7785,FFmpeg,CWE-MemorySafety,0,1,1,None,REJECT
devign_7787,qemu,CWE-MemorySafety,0,1,1,None,REJECT
devign_7797,qemu,CWE-MemorySafety,0,1,1,None,REJECT
devign_7799,FFmpeg,CWE-MemorySafety,0,1,1,None,REJECT
devign_7820,qemu,CWE-MemorySafety,0,1,1,None,REJECT
devign_7821,qemu,CWE-MemorySafety,0,1,1,None,REJECT
devign_7827,qemu,CWE-MemorySafety,0,1,1,None,REJECT
devign_7828,qemu,CWE-MemorySafety,0,1,1,None,REJECT
devign_7829,qemu,CWE-MemorySafety,0,1,1,None,REJECT
devign_7830,qemu,CWE-MemorySafety,0,1,1,None,REJECT
devign_7852,FFmpeg,CWE-MemorySafety,1,1,1,CWE-476: Dynamic allocation 'new' lacks safety handling,REJECT
devign_7864,FFmpeg,CWE-MemorySafety,0,1,1,None,REJECT
devign_7865,qemu,CWE-MemorySafety,0,1,1,None,REJECT
devign_7870,qemu,CWE-MemorySafety,0,1,1,None,REJECT
devign_7878,qemu,CWE-MemorySafety,0,1,1,None,REJECT
devign_7881,qemu,CWE-MemorySafety,0,1,1,None,REJECT
devign_7890,FFmpeg,CWE-MemorySafety,1,1,1,None,REJECT
devign_7903,qemu,CWE-MemorySafety,1,1,1,None,REJECT
devign_7905,FFmpeg,CWE-MemorySafety,1,1,1,None,REJECT
devign_7915,qemu,CWE-MemorySafety,0,1,1,None,REJECT
devign_7916,qemu,CWE-MemorySafety,0,1,1,None,REJECT
devign_7918,qemu,CWE-MemorySafety,0,1,1,None,REJECT
devign_7927,qemu,CWE-MemorySafety,1,1,1,None,REJECT
devign_7928,qemu,CWE-MemorySafety,1,1,1,None,REJECT
devign_7934,qemu,CWE-MemorySafety,1,1,1,None,REJECT
devign_7936,qemu,CWE-MemorySafety,1,1,1,None,REJECT
devign_7938,FFmpeg,CWE-MemorySafety,0,1,1,None,REJECT
devign_7955,qemu,CWE-MemorySafety,1,1,1,None,REJECT
devign_7963,FFmpeg,CWE-MemorySafety,1,1,1,None,REJECT
devign_7964,qemu,CWE-MemorySafety,1,1,1,None,REJECT
devign_7972,qemu,CWE-MemorySafety,1,1,1,CWE-476: Dynamic allocation 'new' lacks safety handling,REJECT
devign_7986,qemu,CWE-MemorySafety,0,1,1,None,REJECT
devign_7991,qemu,CWE-MemorySafety,0,1,1,None,REJECT
devign_7994,qemu,CWE-MemorySafety,0,1,1,None,REJECT
devign_8019,qemu,CWE-MemorySafety,1,1,1,None,REJECT
devign_8023,FFmpeg,CWE-MemorySafety,0,1,1,None,REJECT
devign_8031,qemu,CWE-MemorySafety,0,1,1,None,REJECT
devign_8035,qemu,CWE-MemorySafety,0,1,1,CWE-476: Dynamic allocation 'new' lacks safety handling,REJECT
devign_8044,qemu,CWE-MemorySafety,0,1,1,None,REJECT
devign_8050,qemu,CWE-MemorySafety,0,1,1,None,REJECT
devign_8057,qemu,CWE-MemorySafety,0,1,1,None,REJECT
devign_8058,qemu,CWE-MemorySafety,0,1,1,None,REJECT
devign_8059,qemu,CWE-MemorySafety,0,1,1,None,REJECT
devign_8073,qemu,CWE-MemorySafety,0,1,1,None,REJECT
devign_8076,qemu,CWE-MemorySafety,0,1,1,None,REJECT
devign_8090,qemu,CWE-MemorySafety,0,1,1,None,REJECT
devign_8100,qemu,CWE-MemorySafety,0,1,1,None,REJECT
devign_8104,qemu,CWE-MemorySafety,0,1,1,None,REJECT
devign_8105,qemu,CWE-MemorySafety,0,1,1,None,REJECT
devign_8113,FFmpeg,CWE-MemorySafety,0,1,1,None,REJECT
devign_8115,qemu,CWE-MemorySafety,1,1,1,None,REJECT
devign_8120,FFmpeg,CWE-MemorySafety,1,1,1,None,REJECT
devign_8135,qemu,CWE-MemorySafety,0,1,1,None,REJECT
devign_8143,qemu,CWE-MemorySafety,0,1,1,None,REJECT
devign_8149,FFmpeg,CWE-MemorySafety,0,1,1,None,REJECT
devign_8153,FFmpeg,CWE-MemorySafety,0,1,1,None,REJECT
devign_8160,FFmpeg,CWE-MemorySafety,1,1,1,None,REJECT
devign_8161,qemu,CWE-MemorySafety,1,1,1,None,REJECT
devign_8163,qemu,CWE-MemorySafety,1,1,1,None,REJECT
devign_8182,FFmpeg,CWE-MemorySafety,1,1,1,None,REJECT
devign_8185,qemu,CWE-MemorySafety,1,1,1,None,REJECT
devign_8189,qemu,CWE-MemorySafety,0,1,1,None,REJECT
devign_8192,FFmpeg,CWE-MemorySafety,0,1,1,None,REJECT
devign_8200,FFmpeg,CWE-MemorySafety,0,1,1,None,REJECT
devign_8205,qemu,CWE-MemorySafety,0,1,1,None,REJECT
devign_8211,qemu,CWE-MemorySafety,1,1,1,None,REJECT
devign_8215,qemu,CWE-MemorySafety,0,1,1,None,REJECT
devign_8216,qemu,CWE-MemorySafety,0,1,1,None,REJECT
devign_8223,qemu,CWE-MemorySafety,0,1,1,None,REJECT
devign_8227,qemu,CWE-MemorySafety,0,1,1,None,REJECT
devign_8251,qemu,CWE-MemorySafety,0,1,1,None,REJECT
devign_8253,qemu,CWE-MemorySafety,0,1,1,None,REJECT
devign_8257,qemu,CWE-MemorySafety,0,1,1,None,REJECT
devign_8262,qemu,CWE-MemorySafety,0,1,1,None,REJECT
devign_8265,qemu,CWE-MemorySafety,0,1,1,None,REJECT
devign_8269,qemu,CWE-MemorySafety,0,1,1,None,REJECT
devign_8273,FFmpeg,CWE-MemorySafety,0,1,1,None,REJECT
devign_8278,qemu,CWE-MemorySafety,0,1,1,None,REJECT
devign_8290,qemu,CWE-MemorySafety,0,1,1,None,REJECT
devign_8295,FFmpeg,CWE-MemorySafety,0,1,1,None,REJECT
devign_8310,qemu,CWE-MemorySafety,0,1,1,None,REJECT
devign_8315,qemu,CWE-MemorySafety,1,1,1,None,REJECT
devign_8324,FFmpeg,CWE-MemorySafety,0,1,1,None,REJECT
devign_8325,qemu,CWE-MemorySafety,0,1,1,None,REJECT
devign_8333,qemu,CWE-MemorySafety,0,1,1,None,REJECT
devign_8342,qemu,CWE-MemorySafety,0,1,1,None,REJECT
devign_8346,qemu,CWE-MemorySafety,1,1,1,None,REJECT
devign_8352,FFmpeg,CWE-MemorySafety,0,1,1,CWE-476: Dynamic allocation 'new' lacks safety handling,REJECT
devign_8363,FFmpeg,CWE-MemorySafety,1,1,1,None,REJECT
devign_8366,qemu,CWE-MemorySafety,1,1,1,None,REJECT
devign_8369,FFmpeg,CWE-MemorySafety,1,1,1,CWE-120: Unbounded string copy operation detected,REJECT
devign_8372,FFmpeg,CWE-MemorySafety,1,1,1,None,REJECT
devign_8383,qemu,CWE-MemorySafety,1,1,1,None,REJECT
devign_8390,FFmpeg,CWE-MemorySafety,0,1,1,None,REJECT
devign_8394,qemu,CWE-MemorySafety,1,1,1,CWE-1079: Base class has virtual methods but lacks virtual destructor,REJECT
devign_8395,qemu,CWE-MemorySafety,1,1,1,None,REJECT
devign_8397,qemu,CWE-MemorySafety,1,1,1,CWE-476: Dynamic allocation 'new' lacks safety handling,REJECT
devign_8402,FFmpeg,CWE-MemorySafety,1,1,1,None,REJECT
devign_8405,qemu,CWE-MemorySafety,1,1,1,None,REJECT
devign_8407,FFmpeg,CWE-MemorySafety,1,1,1,None,REJECT
devign_8414,FFmpeg,CWE-MemorySafety,0,1,1,None,REJECT
devign_8415,FFmpeg,CWE-MemorySafety,0,1,1,CWE-476: Dynamic allocation 'new' lacks safety handling,REJECT
devign_8418,qemu,CWE-MemorySafety,0,1,1,None,REJECT
devign_8426,qemu,CWE-MemorySafety,0,1,1,None,REJECT
devign_8436,qemu,CWE-MemorySafety,1,1,1,None,REJECT
devign_8444,FFmpeg,CWE-MemorySafety,1,1,1,None,REJECT
devign_8446,FFmpeg,CWE-MemorySafety,0,1,1,None,REJECT
devign_8447,FFmpeg,CWE-MemorySafety,1,1,1,None,REJECT
devign_8454,qemu,CWE-MemorySafety,0,1,1,None,REJECT
devign_8463,qemu,CWE-MemorySafety,0,1,1,CWE-476: Dynamic allocation 'new' lacks safety handling,REJECT
devign_8465,qemu,CWE-MemorySafety,0,1,1,None,REJECT
devign_8466,qemu,CWE-MemorySafety,0,1,1,None,REJECT
devign_8472,qemu,CWE-MemorySafety,0,1,1,None,REJECT
devign_8478,FFmpeg,CWE-MemorySafety,0,1,1,None,REJECT
devign_8484,FFmpeg,CWE-MemorySafety,0,1,1,CWE-476: Dynamic allocation 'new' lacks safety handling,REJECT
devign_8493,qemu,CWE-MemorySafety,0,1,1,None,REJECT
devign_8497,qemu,CWE-MemorySafety,0,1,1,CWE-476: Dynamic allocation 'new' lacks safety handling,REJECT
devign_8502,qemu,CWE-MemorySafety,0,1,1,None,REJECT
devign_8507,qemu,CWE-MemorySafety,0,1,1,None,REJECT
devign_8526,qemu,CWE-MemorySafety,1,1,1,None,REJECT
devign_8545,qemu,CWE-MemorySafety,1,1,1,None,REJECT
devign_8552,qemu,CWE-MemorySafety,1,1,1,None,REJECT
devign_8555,FFmpeg,CWE-MemorySafety,1,1,1,None,REJECT
devign_8559,qemu,CWE-MemorySafety,1,1,1,CWE-476: Dynamic allocation 'new' lacks safety handling,REJECT
devign_8560,FFmpeg,CWE-MemorySafety,1,1,1,None,REJECT
devign_8567,FFmpeg,CWE-MemorySafety,0,1,1,None,REJECT
devign_8570,FFmpeg,CWE-MemorySafety,1,1,1,CWE-476: Dynamic allocation 'new' lacks safety handling,REJECT
devign_8575,FFmpeg,CWE-MemorySafety,0,1,1,None,REJECT
devign_8579,FFmpeg,CWE-MemorySafety,1,1,1,None,REJECT
devign_8589,FFmpeg,CWE-MemorySafety,1,1,1,None,REJECT
devign_8594,FFmpeg,CWE-MemorySafety,1,1,1,CWE-476: Dynamic allocation 'new' lacks safety handling,REJECT
devign_8613,qemu,CWE-MemorySafety,0,1,1,CWE-476: Dynamic allocation 'new' lacks safety handling,REJECT
devign_8624,qemu,CWE-MemorySafety,1,1,1,None,REJECT
devign_8631,FFmpeg,CWE-MemorySafety,1,1,1,CWE-476: Dynamic allocation 'new' lacks safety handling,REJECT
devign_8634,FFmpeg,CWE-MemorySafety,0,1,1,None,REJECT
devign_8636,FFmpeg,CWE-MemorySafety,0,1,1,None,REJECT
devign_8639,qemu,CWE-MemorySafety,1,1,1,None,REJECT
devign_8641,FFmpeg,CWE-MemorySafety,1,1,1,None,REJECT
devign_8645,FFmpeg,CWE-MemorySafety,0,1,1,None,REJECT
devign_8653,qemu,CWE-MemorySafety,1,1,1,None,REJECT
devign_8655,FFmpeg,CWE-MemorySafety,0,1,1,None,REJECT
devign_8661,FFmpeg,CWE-MemorySafety,1,1,1,None,REJECT
devign_8668,qemu,CWE-MemorySafety,1,1,1,None,REJECT
devign_8673,qemu,CWE-MemorySafety,1,1,1,None,REJECT
devign_8674,FFmpeg,CWE-MemorySafety,1,1,1,None,REJECT
devign_8676,qemu,CWE-MemorySafety,1,1,1,None,REJECT
devign_8689,FFmpeg,CWE-MemorySafety,1,1,1,None,REJECT
devign_8695,qemu,CWE-MemorySafety,1,1,1,CWE-120: Unbounded string copy operation detected,REJECT
devign_8698,FFmpeg,CWE-MemorySafety,0,1,1,None,REJECT
devign_8707,qemu,CWE-MemorySafety,1,1,1,None,REJECT
devign_8716,qemu,CWE-MemorySafety,1,1,1,None,REJECT
devign_8718,FFmpeg,CWE-MemorySafety,1,1,1,None,REJECT
devign_8724,qemu,CWE-MemorySafety,1,1,1,None,REJECT
devign_8726,qemu,CWE-MemorySafety,1,1,1,None,REJECT
devign_8731,qemu,CWE-MemorySafety,0,1,1,None,REJECT
devign_8741,qemu,CWE-MemorySafety,0,1,1,None,REJECT
devign_8746,qemu,CWE-MemorySafety,0,1,1,None,REJECT
devign_8757,qemu,CWE-MemorySafety,1,1,1,None,REJECT
devign_8759,qemu,CWE-MemorySafety,1,1,1,None,REJECT
devign_8760,FFmpeg,CWE-MemorySafety,0,1,1,None,REJECT
devign_8776,qemu,CWE-MemorySafety,0,1,1,None,REJECT
devign_8781,qemu,CWE-MemorySafety,0,1,1,None,REJECT
devign_8784,qemu,CWE-MemorySafety,0,1,1,None,REJECT
devign_8786,qemu,CWE-MemorySafety,0,1,1,None,REJECT
devign_8787,qemu,CWE-MemorySafety,0,1,1,None,REJECT
devign_8788,qemu,CWE-MemorySafety,0,1,1,None,REJECT
devign_8801,qemu,CWE-MemorySafety,1,1,1,None,REJECT
devign_8803,FFmpeg,CWE-MemorySafety,1,1,1,None,REJECT
devign_8805,qemu,CWE-MemorySafety,1,1,1,None,REJECT
devign_8806,FFmpeg,CWE-MemorySafety,1,1,1,CWE-476: Dynamic allocation 'new' lacks safety handling,REJECT
devign_8808,FFmpeg,CWE-MemorySafety,1,1,1,None,REJECT
devign_8810,qemu,CWE-MemorySafety,1,1,1,None,REJECT
devign_8812,qemu,CWE-MemorySafety,1,1,1,None,REJECT
devign_8813,qemu,CWE-MemorySafety,0,1,1,None,REJECT
devign_8820,qemu,CWE-MemorySafety,0,1,1,None,REJECT
devign_8823,qemu,CWE-MemorySafety,0,1,1,None,REJECT
devign_8825,qemu,CWE-MemorySafety,0,1,1,None,REJECT
devign_8826,qemu,CWE-MemorySafety,0,1,1,None,REJECT
devign_8829,FFmpeg,CWE-MemorySafety,0,1,1,None,REJECT
devign_8836,qemu,CWE-MemorySafety,0,1,1,None,REJECT
devign_8842,qemu,CWE-MemorySafety,0,1,1,CWE-476: Dynamic allocation 'new' lacks safety handling | CWE-120: Unbounded string copy operation detected,REJECT
devign_8852,FFmpeg,CWE-MemorySafety,0,1,1,None,REJECT
devign_8855,FFmpeg,CWE-MemorySafety,0,1,1,None,REJECT
devign_8857,FFmpeg,CWE-MemorySafety,0,1,1,None,REJECT
devign_8872,qemu,CWE-MemorySafety,1,1,1,None,REJECT
devign_8884,qemu,CWE-MemorySafety,1,1,1,None,REJECT
devign_8885,FFmpeg,CWE-MemorySafety,1,1,1,CWE-476: Dynamic allocation 'new' lacks safety handling,REJECT
devign_8890,FFmpeg,CWE-MemorySafety,1,1,1,None,REJECT
devign_8892,FFmpeg,CWE-MemorySafety,1,1,1,CWE-476: Dynamic allocation 'new' lacks safety handling,REJECT
devign_8893,qemu,CWE-MemorySafety,1,1,1,None,REJECT
devign_8894,FFmpeg,CWE-MemorySafety,1,1,1,None,REJECT
devign_8898,qemu,CWE-MemorySafety,1,1,1,CWE-476: Dynamic allocation 'new' lacks safety handling,REJECT
devign_8903,FFmpeg,CWE-MemorySafety,0,1,1,None,REJECT
devign_8910,qemu,CWE-MemorySafety,1,1,1,None,REJECT
devign_8923,qemu,CWE-MemorySafety,1,1,1,None,REJECT
devign_8924,qemu,CWE-MemorySafety,1,1,1,None,REJECT
devign_8926,qemu,CWE-MemorySafety,1,1,1,None,REJECT
devign_8927,FFmpeg,CWE-MemorySafety,1,1,1,None,REJECT
devign_8929,qemu,CWE-MemorySafety,1,1,1,None,REJECT
devign_8933,FFmpeg,CWE-MemorySafety,0,1,1,None,REJECT
devign_8934,FFmpeg,CWE-MemorySafety,0,1,1,None,REJECT
devign_8937,qemu,CWE-MemorySafety,0,1,1,CWE-120: Unbounded string copy operation detected,REJECT
devign_8941,qemu,CWE-MemorySafety,0,1,1,None,REJECT
devign_8943,qemu,CWE-MemorySafety,0,1,1,None,REJECT
devign_8945,qemu,CWE-MemorySafety,0,1,1,None,REJECT
devign_8949,qemu,CWE-MemorySafety,0,1,1,None,REJECT
devign_8950,qemu,CWE-MemorySafety,0,1,1,None,REJECT
devign_8952,qemu,CWE-MemorySafety,0,1,1,None,REJECT
devign_8965,qemu,CWE-MemorySafety,0,1,1,None,REJECT
devign_8970,qemu,CWE-MemorySafety,0,1,1,None,REJECT
devign_8973,qemu,CWE-MemorySafety,0,1,1,CWE-120: Unbounded string copy operation detected,REJECT
devign_8974,qemu,CWE-MemorySafety,0,1,1,CWE-476: Dynamic allocation 'new' lacks safety handling,REJECT
devign_8975,qemu,CWE-MemorySafety,0,1,1,None,REJECT
devign_8981,qemu,CWE-MemorySafety,0,1,1,CWE-476: Dynamic allocation 'new' lacks safety handling,REJECT
devign_8993,FFmpeg,CWE-MemorySafety,1,1,1,None,REJECT
devign_9004,qemu,CWE-MemorySafety,1,1,1,None,REJECT
devign_9007,qemu,CWE-MemorySafety,1,1,1,None,REJECT
devign_9008,qemu,CWE-MemorySafety,1,1,1,None,REJECT
devign_9012,qemu,CWE-MemorySafety,1,1,1,CWE-120: Unbounded string copy operation detected,REJECT
devign_9013,qemu,CWE-MemorySafety,1,1,1,None,REJECT
devign_9016,qemu,CWE-MemorySafety,1,1,1,None,REJECT
devign_9028,qemu,CWE-MemorySafety,1,1,1,None,REJECT
devign_9040,FFmpeg,CWE-MemorySafety,1,1,1,None,REJECT
devign_9041,qemu,CWE-MemorySafety,1,1,1,None,REJECT
devign_9055,qemu,CWE-MemorySafety,0,1,1,None,REJECT
devign_9064,FFmpeg,CWE-MemorySafety,0,1,1,None,REJECT
devign_9066,FFmpeg,CWE-MemorySafety,0,1,1,None,REJECT
devign_9069,FFmpeg,CWE-MemorySafety,1,1,1,None,REJECT
devign_9073,qemu,CWE-MemorySafety,1,1,1,None,REJECT
devign_9076,qemu,CWE-MemorySafety,1,1,1,None,REJECT
devign_9078,qemu,CWE-MemorySafety,1,1,1,None,REJECT
devign_9089,qemu,CWE-MemorySafety,0,1,1,None,REJECT
devign_9103,qemu,CWE-MemorySafety,1,1,1,None,REJECT
devign_9106,FFmpeg,CWE-MemorySafety,1,1,1,CWE-476: Dynamic allocation 'new' lacks safety handling,REJECT
devign_9112,FFmpeg,CWE-MemorySafety,1,1,1,None,REJECT
devign_9116,qemu,CWE-MemorySafety,1,1,1,CWE-120: Unbounded string copy operation detected,REJECT
devign_9117,qemu,CWE-MemorySafety,1,1,1,None,REJECT
devign_9120,qemu,CWE-MemorySafety,1,1,1,CWE-120: Unbounded string copy operation detected,REJECT
devign_9121,FFmpeg,CWE-MemorySafety,1,1,1,None,REJECT
devign_9129,FFmpeg,CWE-MemorySafety,1,1,1,None,REJECT
devign_9130,qemu,CWE-MemorySafety,1,1,1,None,REJECT
devign_9137,qemu,CWE-MemorySafety,1,1,1,CWE-476: Dynamic allocation 'new' lacks safety handling | CWE-120: Unbounded string copy operation detected,REJECT
devign_9147,FFmpeg,CWE-MemorySafety,1,1,1,None,REJECT
devign_9152,FFmpeg,CWE-MemorySafety,0,1,1,None,REJECT
devign_9155,FFmpeg,CWE-MemorySafety,1,1,1,None,REJECT
devign_9159,FFmpeg,CWE-MemorySafety,1,1,1,None,REJECT
devign_9163,qemu,CWE-MemorySafety,0,1,1,None,REJECT
devign_9172,qemu,CWE-MemorySafety,0,1,1,None,REJECT
devign_9177,qemu,CWE-MemorySafety,0,1,1,CWE-1079: Base class has virtual methods but lacks virtual destructor,REJECT
devign_9189,qemu,CWE-MemorySafety,1,1,1,None,REJECT
devign_9204,qemu,CWE-MemorySafety,1,1,1,None,REJECT
devign_9208,qemu,CWE-MemorySafety,1,1,1,None,REJECT
devign_9214,qemu,CWE-MemorySafety,1,1,1,None,REJECT
devign_9222,qemu,CWE-MemorySafety,1,1,1,None,REJECT
devign_9223,FFmpeg,CWE-MemorySafety,1,1,1,None,REJECT
devign_9224,FFmpeg,CWE-MemorySafety,1,1,1,None,REJECT
devign_9227,qemu,CWE-MemorySafety,1,1,1,None,REJECT
devign_9229,qemu,CWE-MemorySafety,1,1,1,CWE-120: Unbounded string copy operation detected,REJECT
devign_9232,qemu,CWE-MemorySafety,1,1,1,None,REJECT
devign_9236,qemu,CWE-MemorySafety,1,1,1,None,REJECT
devign_9239,qemu,CWE-MemorySafety,1,1,1,None,REJECT
devign_9242,FFmpeg,CWE-MemorySafety,1,1,1,None,REJECT
devign_9244,qemu,CWE-MemorySafety,1,1,1,CWE-476: Dynamic allocation 'new' lacks safety handling,REJECT
devign_9245,qemu,CWE-MemorySafety,1,1,1,None,REJECT
devign_9251,qemu,CWE-MemorySafety,1,1,1,None,REJECT
devign_9252,qemu,CWE-MemorySafety,1,1,1,None,REJECT
devign_9254,FFmpeg,CWE-MemorySafety,1,1,1,None,REJECT
devign_9275,qemu,CWE-MemorySafety,1,1,1,None,REJECT
devign_9277,qemu,CWE-MemorySafety,1,1,1,None,REJECT
devign_9287,qemu,CWE-MemorySafety,1,1,1,None,REJECT
devign_9296,FFmpeg,CWE-MemorySafety,1,1,1,None,REJECT
devign_9302,FFmpeg,CWE-MemorySafety,0,1,1,None,REJECT
devign_9307,FFmpeg,CWE-MemorySafety,1,1,1,None,REJECT
devign_9309,qemu,CWE-MemorySafety,1,1,1,CWE-120: Unbounded string copy operation detected,REJECT
devign_9315,qemu,CWE-MemorySafety,1,1,1,None,REJECT
devign_9320,qemu,CWE-MemorySafety,0,1,1,CWE-476: Dynamic allocation 'new' lacks safety handling,REJECT
devign_9331,qemu,CWE-MemorySafety,0,1,1,None,REJECT
devign_9339,FFmpeg,CWE-MemorySafety,0,1,1,None,REJECT
devign_9348,qemu,CWE-MemorySafety,0,1,1,None,REJECT
devign_9354,qemu,CWE-MemorySafety,0,1,1,None,REJECT
devign_9356,FFmpeg,CWE-MemorySafety,0,1,1,None,REJECT
devign_9360,FFmpeg,CWE-MemorySafety,1,1,1,None,REJECT
devign_9365,FFmpeg,CWE-MemorySafety,0,1,1,None,REJECT
devign_9367,qemu,CWE-MemorySafety,1,1,1,None,REJECT
devign_9369,FFmpeg,CWE-MemorySafety,1,1,1,None,REJECT
devign_9372,FFmpeg,CWE-MemorySafety,0,1,1,CWE-476: Dynamic allocation 'new' lacks safety handling,REJECT
devign_9376,qemu,CWE-MemorySafety,0,1,1,None,REJECT
devign_9385,qemu,CWE-MemorySafety,0,1,1,None,REJECT
devign_9387,qemu,CWE-MemorySafety,0,1,1,None,REJECT
devign_9389,qemu,CWE-MemorySafety,0,1,1,None,REJECT
devign_9390,qemu,CWE-MemorySafety,0,1,1,None,REJECT
devign_9397,FFmpeg,CWE-MemorySafety,1,1,1,CWE-476: Dynamic allocation 'new' lacks safety handling,REJECT
devign_9398,qemu,CWE-MemorySafety,1,1,1,None,REJECT
devign_9403,qemu,CWE-MemorySafety,1,1,1,None,REJECT
devign_9405,FFmpeg,CWE-MemorySafety,0,1,1,None,REJECT
devign_9413,qemu,CWE-MemorySafety,1,1,1,CWE-476: Dynamic allocation 'new' lacks safety handling,REJECT
devign_9414,FFmpeg,CWE-MemorySafety,1,1,1,None,REJECT
devign_9415,qemu,CWE-MemorySafety,1,1,1,None,REJECT
devign_9417,qemu,CWE-MemorySafety,1,1,1,None,REJECT
devign_9418,qemu,CWE-MemorySafety,1,1,1,CWE-476: Dynamic allocation 'new' lacks safety handling,REJECT
devign_9439,FFmpeg,CWE-MemorySafety,1,1,1,CWE-476: Dynamic allocation 'new' lacks safety handling,REJECT
devign_9443,qemu,CWE-MemorySafety,1,1,1,CWE-476: Dynamic allocation 'new' lacks safety handling,REJECT
devign_9451,qemu,CWE-MemorySafety,0,1,1,None,REJECT
devign_9456,qemu,CWE-MemorySafety,0,1,1,None,REJECT
devign_9459,qemu,CWE-MemorySafety,0,1,1,None,REJECT
devign_9483,FFmpeg,CWE-MemorySafety,1,1,1,None,REJECT
devign_9489,qemu,CWE-MemorySafety,1,1,1,None,REJECT
devign_9509,FFmpeg,CWE-MemorySafety,0,1,1,None,REJECT
devign_9512,qemu,CWE-MemorySafety,0,1,1,None,REJECT
devign_9527,qemu,CWE-MemorySafety,0,1,1,None,REJECT
devign_9538,FFmpeg,CWE-MemorySafety,0,1,1,None,REJECT
devign_9542,qemu,CWE-MemorySafety,1,1,1,None,REJECT
devign_9545,qemu,CWE-MemorySafety,1,1,1,CWE-1079: Base class has virtual methods but lacks virtual destructor | CWE-476: Dynamic allocation 'new' lacks safety handling,REJECT
devign_9552,qemu,CWE-MemorySafety,1,1,1,None,REJECT
devign_9558,FFmpeg,CWE-MemorySafety,0,1,1,CWE-476: Dynamic allocation 'new' lacks safety handling,REJECT
devign_9569,qemu,CWE-MemorySafety,0,1,1,None,REJECT
devign_9574,qemu,CWE-MemorySafety,0,1,1,None,REJECT
devign_9575,qemu,CWE-MemorySafety,0,1,1,None,REJECT
devign_9589,FFmpeg,CWE-MemorySafety,1,1,1,CWE-476: Dynamic allocation 'new' lacks safety handling,REJECT
devign_9603,qemu,CWE-MemorySafety,0,1,1,None,REJECT
devign_9607,FFmpeg,CWE-MemorySafety,0,1,1,CWE-476: Dynamic allocation 'new' lacks safety handling,REJECT
devign_9610,qemu,CWE-MemorySafety,0,1,1,None,REJECT
devign_9613,qemu,CWE-MemorySafety,0,1,1,None,REJECT
devign_9618,qemu,CWE-MemorySafety,0,1,1,None,REJECT
devign_9619,qemu,CWE-MemorySafety,1,1,1,None,REJECT
devign_9623,qemu,CWE-MemorySafety,1,1,1,CWE-120: Unbounded string copy operation detected,REJECT
devign_9624,qemu,CWE-MemorySafety,1,1,1,None,REJECT
devign_9630,qemu,CWE-MemorySafety,1,1,1,CWE-476: Dynamic allocation 'new' lacks safety handling,REJECT
devign_9644,FFmpeg,CWE-MemorySafety,0,1,1,None,REJECT
devign_9646,FFmpeg,CWE-MemorySafety,0,1,1,None,REJECT
devign_9647,FFmpeg,CWE-MemorySafety,0,1,1,None,REJECT
devign_9656,qemu,CWE-MemorySafety,0,1,1,None,REJECT
devign_9660,qemu,CWE-MemorySafety,0,1,1,None,REJECT
devign_9675,qemu,CWE-MemorySafety,0,1,1,CWE-476: Dynamic allocation 'new' lacks safety handling,REJECT
devign_9683,qemu,CWE-MemorySafety,1,1,1,None,REJECT
devign_9686,qemu,CWE-MemorySafety,1,1,1,None,REJECT
devign_9691,qemu,CWE-MemorySafety,1,1,1,None,REJECT
devign_9693,qemu,CWE-MemorySafety,1,1,1,None,REJECT
devign_9698,qemu,CWE-MemorySafety,1,1,1,None,REJECT
devign_9707,qemu,CWE-MemorySafety,1,1,1,CWE-476: Dynamic allocation 'new' lacks safety handling,REJECT
devign_9711,FFmpeg,CWE-MemorySafety,0,1,1,None,REJECT
devign_9712,FFmpeg,CWE-MemorySafety,0,1,1,CWE-476: Dynamic allocation 'new' lacks safety handling,REJECT
devign_9721,qemu,CWE-MemorySafety,0,1,1,None,REJECT
devign_9730,qemu,CWE-MemorySafety,0,1,1,None,REJECT
devign_9735,qemu,CWE-MemorySafety,0,1,1,None,REJECT
devign_9750,qemu,CWE-MemorySafety,1,1,1,None,REJECT
devign_9752,qemu,CWE-MemorySafety,1,1,1,None,REJECT
devign_9754,qemu,CWE-MemorySafety,1,1,1,None,REJECT
devign_9755,qemu,CWE-MemorySafety,1,1,1,None,REJECT
devign_9767,qemu,CWE-MemorySafety,1,1,1,None,REJECT
devign_9770,FFmpeg,CWE-MemorySafety,1,1,1,None,REJECT
devign_9771,qemu,CWE-MemorySafety,1,1,1,None,REJECT
devign_9773,qemu,CWE-MemorySafety,1,1,1,None,REJECT
devign_9781,qemu,CWE-MemorySafety,1,1,1,None,REJECT
devign_9788,qemu,CWE-MemorySafety,1,1,1,None,REJECT
devign_9806,qemu,CWE-MemorySafety,1,1,1,None,REJECT
devign_9809,FFmpeg,CWE-MemorySafety,1,1,1,None,REJECT
devign_9810,qemu,CWE-MemorySafety,1,1,1,None,REJECT
devign_9818,FFmpeg,CWE-MemorySafety,1,1,1,None,REJECT
devign_9828,qemu,CWE-MemorySafety,1,1,1,None,REJECT
devign_9831,qemu,CWE-MemorySafety,1,1,1,None,REJECT
devign_9838,FFmpeg,CWE-MemorySafety,1,1,1,None,REJECT
devign_9846,qemu,CWE-MemorySafety,1,1,1,None,REJECT
devign_9859,FFmpeg,CWE-MemorySafety,1,1,1,None,REJECT
devign_9869,qemu,CWE-MemorySafety,0,1,1,None,REJECT
devign_9871,qemu,CWE-MemorySafety,0,1,1,None,REJECT
devign_9873,qemu,CWE-MemorySafety,0,1,1,None,REJECT
devign_9880,qemu,CWE-MemorySafety,0,1,1,None,REJECT
devign_9885,qemu,CWE-MemorySafety,0,1,1,None,REJECT
devign_9893,FFmpeg,CWE-MemorySafety,0,1,1,None,REJECT
devign_9899,qemu,CWE-MemorySafety,1,1,1,None,REJECT
devign_9904,qemu,CWE-MemorySafety,1,1,1,None,REJECT
devign_9920,qemu,CWE-MemorySafety,0,1,1,None,REJECT
devign_9927,qemu,CWE-MemorySafety,0,1,1,CWE-476: Dynamic allocation 'new' lacks safety handling,REJECT
devign_9928,qemu,CWE-MemorySafety,0,1,1,None,REJECT
devign_9935,qemu,CWE-MemorySafety,1,1,1,None,REJECT
devign_9951,FFmpeg,CWE-MemorySafety,0,1,1,CWE-476: Dynamic allocation 'new' lacks safety handling,REJECT
devign_9954,qemu,CWE-MemorySafety,1,1,1,None,REJECT
devign_9958,qemu,CWE-MemorySafety,1,1,1,None,REJECT
devign_9963,FFmpeg,CWE-MemorySafety,1,1,1,CWE-476: Dynamic allocation 'new' lacks safety handling,REJECT
devign_9972,qemu,CWE-MemorySafety,0,1,1,None,REJECT
devign_9983,FFmpeg,CWE-MemorySafety,0,1,1,None,REJECT
