Sample_ID,Project,CWE,Ground_Truth,Security_Flaw_Flag,Identified_Flaws,Agentic_Verdict
devign_1,FFmpeg,CWE-MemorySafety,0,0,None,ACCEPT
devign_3,FFmpeg,CWE-MemorySafety,0,0,None,ACCEPT
devign_4,FFmpeg,CWE-MemorySafety,0,0,None,ACCEPT
devign_5,FFmpeg,CWE-MemorySafety,1,1,CWE-252: Unchecked Dynamic Allocation Return,REJECT
devign_6,FFmpeg,CWE-MemorySafety,1,0,None,ACCEPT
devign_7,FFmpeg,CWE-MemorySafety,1,0,None,ACCEPT
devign_8,qemu,CWE-MemorySafety,1,0,None,ACCEPT
devign_10,qemu,CWE-MemorySafety,1,0,None,ACCEPT
devign_11,qemu,CWE-MemorySafety,1,0,None,ACCEPT
devign_12,qemu,CWE-MemorySafety,1,0,None,ACCEPT
devign_13,FFmpeg,CWE-MemorySafety,1,0,None,ACCEPT
devign_14,qemu,CWE-MemorySafety,1,0,None,ACCEPT
devign_15,FFmpeg,CWE-MemorySafety,0,0,None,ACCEPT
devign_16,qemu,CWE-MemorySafety,1,0,None,ACCEPT
devign_17,FFmpeg,CWE-MemorySafety,1,0,None,ACCEPT
devign_18,qemu,CWE-MemorySafety,1,0,None,ACCEPT
devign_19,qemu,CWE-MemorySafety,1,0,None,ACCEPT
devign_20,qemu,CWE-MemorySafety,1,0,None,ACCEPT
devign_21,FFmpeg,CWE-MemorySafety,1,1,CWE-252: Unchecked Dynamic Allocation Return,REJECT
devign_22,FFmpeg,CWE-MemorySafety,0,0,None,ACCEPT
devign_23,FFmpeg,CWE-MemorySafety,0,0,None,ACCEPT
devign_24,FFmpeg,CWE-MemorySafety,0,0,None,ACCEPT
devign_25,FFmpeg,CWE-MemorySafety,0,0,None,ACCEPT
devign_26,FFmpeg,CWE-MemorySafety,0,0,None,ACCEPT
devign_27,FFmpeg,CWE-MemorySafety,1,0,None,ACCEPT
devign_28,qemu,CWE-MemorySafety,1,0,None,ACCEPT
devign_29,qemu,CWE-MemorySafety,1,0,None,ACCEPT
devign_30,FFmpeg,CWE-MemorySafety,1,0,None,ACCEPT
devign_32,qemu,CWE-MemorySafety,1,0,None,ACCEPT
devign_33,FFmpeg,CWE-MemorySafety,1,0,None,ACCEPT
devign_34,FFmpeg,CWE-MemorySafety,0,1,CWE-252: Unchecked Dynamic Allocation Return,REJECT
devign_35,qemu,CWE-MemorySafety,1,0,None,ACCEPT
devign_36,FFmpeg,CWE-MemorySafety,1,0,None,ACCEPT
devign_37,qemu,CWE-MemorySafety,0,0,None,ACCEPT
devign_38,qemu,CWE-MemorySafety,0,1,CWE-252: Unchecked Dynamic Allocation Return,REJECT
devign_39,qemu,CWE-MemorySafety,0,0,None,ACCEPT
devign_40,qemu,CWE-MemorySafety,0,0,None,ACCEPT
devign_41,qemu,CWE-MemorySafety,0,0,None,ACCEPT
devign_42,FFmpeg,CWE-MemorySafety,0,0,None,ACCEPT
devign_43,qemu,CWE-MemorySafety,0,0,None,ACCEPT
devign_46,qemu,CWE-MemorySafety,0,0,None,ACCEPT
devign_47,qemu,CWE-MemorySafety,0,0,None,ACCEPT
devign_49,qemu,CWE-MemorySafety,0,0,None,ACCEPT
devign_50,qemu,CWE-MemorySafety,0,0,None,ACCEPT
devign_51,qemu,CWE-MemorySafety,0,0,None,ACCEPT
devign_52,FFmpeg,CWE-MemorySafety,0,0,None,ACCEPT
devign_53,qemu,CWE-MemorySafety,0,0,None,ACCEPT
devign_54,qemu,CWE-MemorySafety,0,0,None,ACCEPT
devign_55,qemu,CWE-MemorySafety,0,0,None,ACCEPT
devign_56,qemu,CWE-MemorySafety,0,0,None,ACCEPT
devign_57,qemu,CWE-MemorySafety,0,0,None,ACCEPT
devign_58,qemu,CWE-MemorySafety,0,0,None,ACCEPT
devign_59,qemu,CWE-MemorySafety,0,0,None,ACCEPT
devign_60,FFmpeg,CWE-MemorySafety,0,0,None,ACCEPT
devign_61,qemu,CWE-MemorySafety,0,0,None,ACCEPT
devign_62,qemu,CWE-MemorySafety,0,0,None,ACCEPT
devign_63,qemu,CWE-MemorySafety,0,0,None,ACCEPT
devign_64,qemu,CWE-MemorySafety,1,0,None,ACCEPT
devign_66,qemu,CWE-MemorySafety,1,0,None,ACCEPT
devign_67,qemu,CWE-MemorySafety,1,0,None,ACCEPT
devign_68,qemu,CWE-MemorySafety,1,0,None,ACCEPT
devign_69,qemu,CWE-MemorySafety,1,0,None,ACCEPT
devign_70,qemu,CWE-MemorySafety,1,0,None,ACCEPT
devign_71,qemu,CWE-MemorySafety,1,0,None,ACCEPT
devign_72,FFmpeg,CWE-MemorySafety,1,0,None,ACCEPT
devign_74,FFmpeg,CWE-MemorySafety,1,0,None,ACCEPT
devign_75,qemu,CWE-MemorySafety,1,0,None,ACCEPT
devign_76,qemu,CWE-MemorySafety,1,0,None,ACCEPT
devign_77,FFmpeg,CWE-MemorySafety,1,0,None,ACCEPT
devign_78,FFmpeg,CWE-MemorySafety,0,0,None,ACCEPT
devign_79,FFmpeg,CWE-MemorySafety,0,0,None,ACCEPT
devign_80,FFmpeg,CWE-MemorySafety,0,0,None,ACCEPT
devign_83,qemu,CWE-MemorySafety,0,0,None,ACCEPT
devign_84,qemu,CWE-MemorySafety,0,0,None,ACCEPT
devign_85,qemu,CWE-MemorySafety,0,0,None,ACCEPT
devign_87,qemu,CWE-MemorySafety,0,0,None,ACCEPT
devign_88,qemu,CWE-MemorySafety,0,0,None,ACCEPT
devign_91,qemu,CWE-MemorySafety,0,0,None,ACCEPT
devign_92,FFmpeg,CWE-MemorySafety,0,0,None,ACCEPT
devign_93,qemu,CWE-MemorySafety,0,0,None,ACCEPT
devign_94,qemu,CWE-MemorySafety,0,0,None,ACCEPT
devign_95,qemu,CWE-MemorySafety,0,0,None,ACCEPT
devign_96,qemu,CWE-MemorySafety,0,0,None,ACCEPT
devign_97,qemu,CWE-MemorySafety,0,0,None,ACCEPT
devign_98,qemu,CWE-MemorySafety,0,1,CWE-120: Unbounded String Operation,REJECT
devign_99,qemu,CWE-MemorySafety,0,0,None,ACCEPT
devign_100,FFmpeg,CWE-MemorySafety,0,0,None,ACCEPT
devign_101,FFmpeg,CWE-MemorySafety,0,0,None,ACCEPT
devign_102,FFmpeg,CWE-MemorySafety,1,0,None,ACCEPT
devign_103,qemu,CWE-MemorySafety,1,0,None,ACCEPT
devign_104,FFmpeg,CWE-MemorySafety,1,0,None,ACCEPT
devign_105,FFmpeg,CWE-MemorySafety,1,0,None,ACCEPT
devign_106,FFmpeg,CWE-MemorySafety,0,0,None,ACCEPT
devign_108,FFmpeg,CWE-MemorySafety,0,0,None,ACCEPT
devign_109,FFmpeg,CWE-MemorySafety,0,0,None,ACCEPT
devign_110,qemu,CWE-MemorySafety,1,0,None,ACCEPT
devign_111,qemu,CWE-MemorySafety,1,1,CWE-252: Unchecked Dynamic Allocation Return,REJECT
devign_114,qemu,CWE-MemorySafety,1,0,None,ACCEPT
devign_117,FFmpeg,CWE-MemorySafety,1,0,None,ACCEPT
devign_118,qemu,CWE-MemorySafety,1,0,None,ACCEPT
devign_119,FFmpeg,CWE-MemorySafety,1,0,None,ACCEPT
devign_121,qemu,CWE-MemorySafety,1,0,None,ACCEPT
devign_122,qemu,CWE-MemorySafety,1,1,CWE-252: Unchecked Dynamic Allocation Return,REJECT
devign_124,qemu,CWE-MemorySafety,1,0,None,ACCEPT
devign_125,qemu,CWE-MemorySafety,1,0,None,ACCEPT
devign_127,FFmpeg,CWE-MemorySafety,1,1,CWE-252: Unchecked Dynamic Allocation Return,REJECT
devign_128,FFmpeg,CWE-MemorySafety,1,0,None,ACCEPT
devign_129,qemu,CWE-MemorySafety,1,0,None,ACCEPT
devign_130,FFmpeg,CWE-MemorySafety,1,0,None,ACCEPT
devign_131,FFmpeg,CWE-MemorySafety,1,0,None,ACCEPT
devign_132,FFmpeg,CWE-MemorySafety,1,0,None,ACCEPT
devign_134,qemu,CWE-MemorySafety,1,0,None,ACCEPT
devign_135,qemu,CWE-MemorySafety,1,0,None,ACCEPT
devign_136,qemu,CWE-MemorySafety,0,0,None,ACCEPT
devign_137,qemu,CWE-MemorySafety,0,0,None,ACCEPT
devign_138,qemu,CWE-MemorySafety,0,0,None,ACCEPT
devign_139,qemu,CWE-MemorySafety,0,0,None,ACCEPT
devign_140,qemu,CWE-MemorySafety,0,0,None,ACCEPT
devign_141,qemu,CWE-MemorySafety,0,0,None,ACCEPT
devign_142,FFmpeg,CWE-MemorySafety,0,0,None,ACCEPT
devign_143,qemu,CWE-MemorySafety,0,0,None,ACCEPT
devign_145,qemu,CWE-MemorySafety,0,0,None,ACCEPT
devign_146,qemu,CWE-MemorySafety,0,0,None,ACCEPT
devign_147,qemu,CWE-MemorySafety,0,0,None,ACCEPT
devign_148,qemu,CWE-MemorySafety,0,0,None,ACCEPT
devign_151,FFmpeg,CWE-MemorySafety,0,0,None,ACCEPT
devign_152,FFmpeg,CWE-MemorySafety,0,0,None,ACCEPT
devign_155,FFmpeg,CWE-MemorySafety,0,0,None,ACCEPT
devign_157,FFmpeg,CWE-MemorySafety,1,0,None,ACCEPT
devign_158,FFmpeg,CWE-MemorySafety,0,0,None,ACCEPT
devign_159,FFmpeg,CWE-MemorySafety,1,0,None,ACCEPT
devign_160,FFmpeg,CWE-MemorySafety,1,0,None,ACCEPT
devign_162,qemu,CWE-MemorySafety,1,0,None,ACCEPT
devign_163,qemu,CWE-MemorySafety,1,0,None,ACCEPT
devign_164,qemu,CWE-MemorySafety,1,0,None,ACCEPT
devign_166,qemu,CWE-MemorySafety,1,0,None,ACCEPT
devign_167,qemu,CWE-MemorySafety,1,0,None,ACCEPT
devign_168,qemu,CWE-MemorySafety,1,0,None,ACCEPT
devign_169,qemu,CWE-MemorySafety,1,0,None,ACCEPT
devign_170,qemu,CWE-MemorySafety,1,0,None,ACCEPT
devign_173,qemu,CWE-MemorySafety,0,0,None,ACCEPT
devign_174,qemu,CWE-MemorySafety,0,0,None,ACCEPT
devign_175,qemu,CWE-MemorySafety,0,0,None,ACCEPT
devign_176,qemu,CWE-MemorySafety,0,1,CWE-120: Unbounded String Operation,REJECT
devign_177,qemu,CWE-MemorySafety,0,0,None,ACCEPT
devign_178,FFmpeg,CWE-MemorySafety,0,0,None,ACCEPT
devign_179,FFmpeg,CWE-MemorySafety,0,0,None,ACCEPT
devign_181,qemu,CWE-MemorySafety,0,0,None,ACCEPT
devign_182,qemu,CWE-MemorySafety,0,1,CWE-252: Unchecked Dynamic Allocation Return,REJECT
devign_184,qemu,CWE-MemorySafety,0,0,None,ACCEPT
devign_185,qemu,CWE-MemorySafety,0,0,None,ACCEPT
devign_187,qemu,CWE-MemorySafety,0,0,None,ACCEPT
devign_188,FFmpeg,CWE-MemorySafety,0,0,None,ACCEPT
devign_189,qemu,CWE-MemorySafety,0,0,None,ACCEPT
devign_190,qemu,CWE-MemorySafety,0,0,None,ACCEPT
devign_191,qemu,CWE-MemorySafety,0,0,None,ACCEPT
devign_193,qemu,CWE-MemorySafety,0,0,None,ACCEPT
devign_195,qemu,CWE-MemorySafety,0,0,None,ACCEPT
devign_196,FFmpeg,CWE-MemorySafety,0,0,None,ACCEPT
devign_197,FFmpeg,CWE-MemorySafety,0,0,None,ACCEPT
devign_199,qemu,CWE-MemorySafety,1,1,CWE-252: Unchecked Dynamic Allocation Return,REJECT
devign_200,qemu,CWE-MemorySafety,1,0,None,ACCEPT
devign_201,FFmpeg,CWE-MemorySafety,1,0,None,ACCEPT
devign_203,FFmpeg,CWE-MemorySafety,1,0,None,ACCEPT
devign_204,qemu,CWE-MemorySafety,1,0,None,ACCEPT
devign_205,FFmpeg,CWE-MemorySafety,1,0,None,ACCEPT
devign_206,FFmpeg,CWE-MemorySafety,0,0,None,ACCEPT
devign_207,FFmpeg,CWE-MemorySafety,0,0,None,ACCEPT
devign_208,FFmpeg,CWE-MemorySafety,0,0,None,ACCEPT
devign_209,FFmpeg,CWE-MemorySafety,1,0,None,ACCEPT
devign_212,FFmpeg,CWE-MemorySafety,1,0,None,ACCEPT
devign_213,FFmpeg,CWE-MemorySafety,1,0,None,ACCEPT
devign_214,FFmpeg,CWE-MemorySafety,1,0,None,ACCEPT
devign_215,FFmpeg,CWE-MemorySafety,1,0,None,ACCEPT
devign_216,FFmpeg,CWE-MemorySafety,1,1,CWE-120: Unbounded String Operation,REJECT
devign_217,FFmpeg,CWE-MemorySafety,1,0,None,ACCEPT
devign_218,FFmpeg,CWE-MemorySafety,1,0,None,ACCEPT
devign_219,qemu,CWE-MemorySafety,1,0,None,ACCEPT
devign_221,qemu,CWE-MemorySafety,1,1,CWE-120: Unbounded String Operation,REJECT
devign_222,FFmpeg,CWE-MemorySafety,1,0,None,ACCEPT
devign_223,FFmpeg,CWE-MemorySafety,1,0,None,ACCEPT
devign_224,FFmpeg,CWE-MemorySafety,1,0,None,ACCEPT
devign_225,FFmpeg,CWE-MemorySafety,1,0,None,ACCEPT
devign_226,qemu,CWE-MemorySafety,1,0,None,ACCEPT
devign_227,FFmpeg,CWE-MemorySafety,1,0,None,ACCEPT
devign_228,FFmpeg,CWE-MemorySafety,1,0,None,ACCEPT
devign_229,qemu,CWE-MemorySafety,1,0,None,ACCEPT
devign_230,qemu,CWE-MemorySafety,0,0,None,ACCEPT
devign_231,qemu,CWE-MemorySafety,0,0,None,ACCEPT
devign_232,qemu,CWE-MemorySafety,0,0,None,ACCEPT
devign_233,qemu,CWE-MemorySafety,0,0,None,ACCEPT
devign_234,FFmpeg,CWE-MemorySafety,0,0,None,ACCEPT
devign_235,qemu,CWE-MemorySafety,0,0,None,ACCEPT
devign_236,qemu,CWE-MemorySafety,0,0,None,ACCEPT
devign_237,qemu,CWE-MemorySafety,0,0,None,ACCEPT
devign_238,qemu,CWE-MemorySafety,0,0,None,ACCEPT
devign_240,qemu,CWE-MemorySafety,0,0,None,ACCEPT
devign_241,qemu,CWE-MemorySafety,0,0,None,ACCEPT
devign_242,FFmpeg,CWE-MemorySafety,0,0,None,ACCEPT
devign_243,qemu,CWE-MemorySafety,0,0,None,ACCEPT
devign_244,FFmpeg,CWE-MemorySafety,1,0,None,ACCEPT
devign_245,FFmpeg,CWE-MemorySafety,0,0,None,ACCEPT
devign_246,qemu,CWE-MemorySafety,0,0,None,ACCEPT
devign_247,qemu,CWE-MemorySafety,0,0,None,ACCEPT
devign_248,qemu,CWE-MemorySafety,0,0,None,ACCEPT
devign_249,qemu,CWE-MemorySafety,0,0,None,ACCEPT
devign_251,qemu,CWE-MemorySafety,0,0,None,ACCEPT
devign_253,qemu,CWE-MemorySafety,0,0,None,ACCEPT
devign_254,FFmpeg,CWE-MemorySafety,0,0,None,ACCEPT
devign_255,qemu,CWE-MemorySafety,0,0,None,ACCEPT
devign_256,qemu,CWE-MemorySafety,0,0,None,ACCEPT
devign_257,qemu,CWE-MemorySafety,0,0,None,ACCEPT
devign_258,qemu,CWE-MemorySafety,0,0,None,ACCEPT
devign_259,qemu,CWE-MemorySafety,0,0,None,ACCEPT
devign_260,qemu,CWE-MemorySafety,0,0,None,ACCEPT
devign_261,qemu,CWE-MemorySafety,0,0,None,ACCEPT
devign_262,FFmpeg,CWE-MemorySafety,0,0,None,ACCEPT
devign_263,qemu,CWE-MemorySafety,0,0,None,ACCEPT
devign_264,qemu,CWE-MemorySafety,0,0,None,ACCEPT
devign_265,qemu,CWE-MemorySafety,1,0,None,ACCEPT
devign_268,FFmpeg,CWE-MemorySafety,1,0,None,ACCEPT
devign_269,qemu,CWE-MemorySafety,1,0,None,ACCEPT
devign_270,qemu,CWE-MemorySafety,1,0,None,ACCEPT
devign_271,qemu,CWE-MemorySafety,1,0,None,ACCEPT
devign_273,qemu,CWE-MemorySafety,1,0,None,ACCEPT
devign_274,qemu,CWE-MemorySafety,1,0,None,ACCEPT
devign_275,qemu,CWE-MemorySafety,1,0,None,ACCEPT
devign_276,FFmpeg,CWE-MemorySafety,1,1,CWE-252: Unchecked Dynamic Allocation Return,REJECT
devign_277,qemu,CWE-MemorySafety,1,0,None,ACCEPT
devign_278,FFmpeg,CWE-MemorySafety,0,0,None,ACCEPT
devign_279,FFmpeg,CWE-MemorySafety,0,0,None,ACCEPT
devign_280,FFmpeg,CWE-MemorySafety,0,0,None,ACCEPT
devign_281,FFmpeg,CWE-MemorySafety,0,0,None,ACCEPT
devign_282,FFmpeg,CWE-MemorySafety,0,0,None,ACCEPT
devign_283,FFmpeg,CWE-MemorySafety,1,0,None,ACCEPT
devign_284,qemu,CWE-MemorySafety,1,0,None,ACCEPT
devign_285,qemu,CWE-MemorySafety,1,0,None,ACCEPT
devign_286,FFmpeg,CWE-MemorySafety,0,0,None,ACCEPT
devign_288,qemu,CWE-MemorySafety,1,0,None,ACCEPT
devign_289,qemu,CWE-MemorySafety,1,0,None,ACCEPT
devign_290,qemu,CWE-MemorySafety,1,0,None,ACCEPT
devign_291,FFmpeg,CWE-MemorySafety,1,0,None,ACCEPT
devign_292,qemu,CWE-MemorySafety,1,0,None,ACCEPT
devign_293,qemu,CWE-MemorySafety,1,0,None,ACCEPT
devign_295,FFmpeg,CWE-MemorySafety,0,0,None,ACCEPT
devign_297,qemu,CWE-MemorySafety,1,0,None,ACCEPT
devign_299,qemu,CWE-MemorySafety,1,0,None,ACCEPT
devign_300,qemu,CWE-MemorySafety,1,0,None,ACCEPT
devign_301,FFmpeg,CWE-MemorySafety,1,0,None,ACCEPT
devign_302,qemu,CWE-MemorySafety,1,0,None,ACCEPT
devign_303,qemu,CWE-MemorySafety,1,0,None,ACCEPT
devign_305,FFmpeg,CWE-MemorySafety,1,0,None,ACCEPT
devign_308,FFmpeg,CWE-MemorySafety,1,0,None,ACCEPT
devign_311,FFmpeg,CWE-MemorySafety,0,1,CWE-252: Unchecked Dynamic Allocation Return,REJECT
devign_312,FFmpeg,CWE-MemorySafety,1,0,None,ACCEPT
devign_313,FFmpeg,CWE-MemorySafety,1,1,CWE-252: Unchecked Dynamic Allocation Return,REJECT
devign_316,FFmpeg,CWE-MemorySafety,1,0,None,ACCEPT
devign_317,qemu,CWE-MemorySafety,0,0,None,ACCEPT
devign_318,qemu,CWE-MemorySafety,0,0,None,ACCEPT
devign_319,FFmpeg,CWE-MemorySafety,0,0,None,ACCEPT
devign_320,qemu,CWE-MemorySafety,0,0,None,ACCEPT
devign_321,qemu,CWE-MemorySafety,0,0,None,ACCEPT
devign_322,qemu,CWE-MemorySafety,0,0,None,ACCEPT
devign_323,qemu,CWE-MemorySafety,0,0,None,ACCEPT
devign_324,qemu,CWE-MemorySafety,0,0,None,ACCEPT
devign_325,qemu,CWE-MemorySafety,0,1,CWE-252: Unchecked Dynamic Allocation Return,REJECT
devign_326,qemu,CWE-MemorySafety,0,1,CWE-120: Unbounded String Operation,REJECT
devign_327,qemu,CWE-MemorySafety,0,0,None,ACCEPT
devign_331,qemu,CWE-MemorySafety,0,0,None,ACCEPT
devign_332,qemu,CWE-MemorySafety,0,0,None,ACCEPT
devign_333,qemu,CWE-MemorySafety,0,0,None,ACCEPT
devign_334,qemu,CWE-MemorySafety,0,0,None,ACCEPT
devign_336,qemu,CWE-MemorySafety,0,0,None,ACCEPT
devign_337,FFmpeg,CWE-MemorySafety,0,0,None,ACCEPT
devign_338,FFmpeg,CWE-MemorySafety,0,0,None,ACCEPT
devign_339,qemu,CWE-MemorySafety,1,0,None,ACCEPT
devign_341,qemu,CWE-MemorySafety,1,0,None,ACCEPT
devign_342,qemu,CWE-MemorySafety,1,0,None,ACCEPT
devign_345,FFmpeg,CWE-MemorySafety,1,0,None,ACCEPT
devign_346,qemu,CWE-MemorySafety,1,0,None,ACCEPT
devign_347,qemu,CWE-MemorySafety,1,0,None,ACCEPT
devign_349,qemu,CWE-MemorySafety,1,0,None,ACCEPT
devign_350,FFmpeg,CWE-MemorySafety,1,0,None,ACCEPT
devign_351,qemu,CWE-MemorySafety,1,0,None,ACCEPT
devign_352,FFmpeg,CWE-MemorySafety,0,0,None,ACCEPT
devign_353,FFmpeg,CWE-MemorySafety,0,0,None,ACCEPT
devign_355,qemu,CWE-MemorySafety,1,0,None,ACCEPT
devign_356,FFmpeg,CWE-MemorySafety,1,0,None,ACCEPT
devign_357,FFmpeg,CWE-MemorySafety,1,0,None,ACCEPT
devign_358,FFmpeg,CWE-MemorySafety,1,0,None,ACCEPT
devign_359,FFmpeg,CWE-MemorySafety,0,0,None,ACCEPT
devign_360,qemu,CWE-MemorySafety,1,0,None,ACCEPT
devign_361,FFmpeg,CWE-MemorySafety,0,0,None,ACCEPT
devign_362,FFmpeg,CWE-MemorySafety,0,0,None,ACCEPT
devign_363,FFmpeg,CWE-MemorySafety,0,0,None,ACCEPT
devign_364,FFmpeg,CWE-MemorySafety,0,0,None,ACCEPT
devign_365,FFmpeg,CWE-MemorySafety,0,0,None,ACCEPT
devign_366,qemu,CWE-MemorySafety,0,0,None,ACCEPT
devign_367,qemu,CWE-MemorySafety,0,0,None,ACCEPT
devign_368,qemu,CWE-MemorySafety,0,0,None,ACCEPT
devign_369,qemu,CWE-MemorySafety,0,0,None,ACCEPT
devign_370,qemu,CWE-MemorySafety,0,0,None,ACCEPT
devign_371,qemu,CWE-MemorySafety,0,0,None,ACCEPT
devign_372,qemu,CWE-MemorySafety,0,0,None,ACCEPT
devign_373,qemu,CWE-MemorySafety,0,0,None,ACCEPT
devign_374,FFmpeg,CWE-MemorySafety,0,0,None,ACCEPT
devign_375,qemu,CWE-MemorySafety,0,0,None,ACCEPT
devign_376,qemu,CWE-MemorySafety,0,0,None,ACCEPT
devign_377,qemu,CWE-MemorySafety,0,0,None,ACCEPT
devign_378,qemu,CWE-MemorySafety,0,0,None,ACCEPT
devign_379,qemu,CWE-MemorySafety,0,0,None,ACCEPT
devign_380,qemu,CWE-MemorySafety,0,0,None,ACCEPT
devign_381,qemu,CWE-MemorySafety,0,0,None,ACCEPT
devign_382,qemu,CWE-MemorySafety,0,0,None,ACCEPT
devign_383,qemu,CWE-MemorySafety,0,0,None,ACCEPT
devign_384,FFmpeg,CWE-MemorySafety,0,0,None,ACCEPT
devign_385,FFmpeg,CWE-MemorySafety,0,0,None,ACCEPT
devign_387,qemu,CWE-MemorySafety,1,0,None,ACCEPT
devign_388,qemu,CWE-MemorySafety,1,0,None,ACCEPT
devign_389,qemu,CWE-MemorySafety,1,0,None,ACCEPT
devign_390,qemu,CWE-MemorySafety,1,0,None,ACCEPT
devign_391,FFmpeg,CWE-MemorySafety,1,0,None,ACCEPT
devign_392,qemu,CWE-MemorySafety,1,1,CWE-252: Unchecked Dynamic Allocation Return,REJECT
devign_393,FFmpeg,CWE-MemorySafety,0,0,None,ACCEPT
devign_394,FFmpeg,CWE-MemorySafety,0,0,None,ACCEPT
devign_395,FFmpeg,CWE-MemorySafety,0,0,None,ACCEPT
devign_397,qemu,CWE-MemorySafety,1,0,None,ACCEPT
devign_398,qemu,CWE-MemorySafety,0,0,None,ACCEPT
devign_399,qemu,CWE-MemorySafety,0,0,None,ACCEPT
devign_400,qemu,CWE-MemorySafety,0,0,None,ACCEPT
devign_401,qemu,CWE-MemorySafety,0,0,None,ACCEPT
devign_402,qemu,CWE-MemorySafety,0,0,None,ACCEPT
devign_403,qemu,CWE-MemorySafety,0,1,CWE-252: Unchecked Dynamic Allocation Return,REJECT
devign_404,FFmpeg,CWE-MemorySafety,0,0,None,ACCEPT
devign_405,qemu,CWE-MemorySafety,0,0,None,ACCEPT
devign_406,qemu,CWE-MemorySafety,0,0,None,ACCEPT
devign_407,qemu,CWE-MemorySafety,0,0,None,ACCEPT
devign_408,qemu,CWE-MemorySafety,0,0,None,ACCEPT
devign_409,qemu,CWE-MemorySafety,0,0,None,ACCEPT
devign_411,qemu,CWE-MemorySafety,0,0,None,ACCEPT
devign_412,qemu,CWE-MemorySafety,0,1,CWE-252: Unchecked Dynamic Allocation Return,REJECT
devign_413,qemu,CWE-MemorySafety,0,0,None,ACCEPT
devign_414,FFmpeg,CWE-MemorySafety,1,0,None,ACCEPT
devign_415,qemu,CWE-MemorySafety,1,0,None,ACCEPT
devign_416,qemu,CWE-MemorySafety,1,0,None,ACCEPT
devign_417,FFmpeg,CWE-MemorySafety,1,0,None,ACCEPT
devign_418,qemu,CWE-MemorySafety,1,0,None,ACCEPT
devign_419,qemu,CWE-MemorySafety,1,0,None,ACCEPT
devign_421,qemu,CWE-MemorySafety,1,0,None,ACCEPT
devign_422,FFmpeg,CWE-MemorySafety,1,0,None,ACCEPT
devign_423,qemu,CWE-MemorySafety,1,0,None,ACCEPT
devign_424,FFmpeg,CWE-MemorySafety,1,0,None,ACCEPT
devign_425,qemu,CWE-MemorySafety,1,0,None,ACCEPT
devign_426,qemu,CWE-MemorySafety,1,0,None,ACCEPT
devign_427,FFmpeg,CWE-MemorySafety,1,0,None,ACCEPT
devign_428,FFmpeg,CWE-MemorySafety,0,0,None,ACCEPT
devign_429,FFmpeg,CWE-MemorySafety,0,0,None,ACCEPT
devign_430,qemu,CWE-MemorySafety,1,0,None,ACCEPT
devign_431,FFmpeg,CWE-MemorySafety,1,0,None,ACCEPT
devign_432,qemu,CWE-MemorySafety,1,0,None,ACCEPT
devign_433,FFmpeg,CWE-MemorySafety,1,0,None,ACCEPT
devign_435,qemu,CWE-MemorySafety,1,0,None,ACCEPT
devign_436,qemu,CWE-MemorySafety,1,0,None,ACCEPT
devign_437,FFmpeg,CWE-MemorySafety,0,0,None,ACCEPT
devign_438,qemu,CWE-MemorySafety,0,0,None,ACCEPT
devign_439,qemu,CWE-MemorySafety,0,0,None,ACCEPT
devign_440,qemu,CWE-MemorySafety,0,0,None,ACCEPT
devign_441,qemu,CWE-MemorySafety,0,0,None,ACCEPT
devign_442,qemu,CWE-MemorySafety,0,0,None,ACCEPT
devign_443,qemu,CWE-MemorySafety,0,0,None,ACCEPT
devign_444,qemu,CWE-MemorySafety,0,0,None,ACCEPT
devign_446,qemu,CWE-MemorySafety,0,0,None,ACCEPT
devign_447,qemu,CWE-MemorySafety,0,0,None,ACCEPT
devign_448,qemu,CWE-MemorySafety,0,0,None,ACCEPT
devign_450,qemu,CWE-MemorySafety,0,0,None,ACCEPT
devign_451,qemu,CWE-MemorySafety,0,0,None,ACCEPT
devign_454,qemu,CWE-MemorySafety,0,0,None,ACCEPT
devign_455,qemu,CWE-MemorySafety,0,0,None,ACCEPT
devign_456,qemu,CWE-MemorySafety,0,0,None,ACCEPT
devign_457,FFmpeg,CWE-MemorySafety,0,0,None,ACCEPT
devign_459,qemu,CWE-MemorySafety,1,0,None,ACCEPT
devign_460,qemu,CWE-MemorySafety,1,0,None,ACCEPT
devign_463,qemu,CWE-MemorySafety,1,0,None,ACCEPT
devign_464,qemu,CWE-MemorySafety,1,0,None,ACCEPT
devign_465,FFmpeg,CWE-MemorySafety,1,0,None,ACCEPT
devign_466,FFmpeg,CWE-MemorySafety,1,0,None,ACCEPT
devign_467,FFmpeg,CWE-MemorySafety,0,0,None,ACCEPT
devign_469,qemu,CWE-MemorySafety,1,0,None,ACCEPT
devign_470,qemu,CWE-MemorySafety,1,0,None,ACCEPT
devign_471,qemu,CWE-MemorySafety,1,0,None,ACCEPT
devign_472,FFmpeg,CWE-MemorySafety,1,0,None,ACCEPT
devign_473,qemu,CWE-MemorySafety,1,1,CWE-252: Unchecked Dynamic Allocation Return,REJECT
devign_474,qemu,CWE-MemorySafety,1,1,CWE-252: Unchecked Dynamic Allocation Return,REJECT
devign_475,FFmpeg,CWE-MemorySafety,1,0,None,ACCEPT
devign_476,qemu,CWE-MemorySafety,0,0,None,ACCEPT
devign_478,qemu,CWE-MemorySafety,0,0,None,ACCEPT
devign_479,qemu,CWE-MemorySafety,0,0,None,ACCEPT
devign_480,qemu,CWE-MemorySafety,0,0,None,ACCEPT
devign_482,qemu,CWE-MemorySafety,0,0,None,ACCEPT
devign_483,qemu,CWE-MemorySafety,0,0,None,ACCEPT
devign_484,qemu,CWE-MemorySafety,0,0,None,ACCEPT
devign_485,FFmpeg,CWE-MemorySafety,0,0,None,ACCEPT
devign_486,qemu,CWE-MemorySafety,0,0,None,ACCEPT
devign_487,qemu,CWE-MemorySafety,0,0,None,ACCEPT
devign_489,qemu,CWE-MemorySafety,0,0,None,ACCEPT
devign_490,qemu,CWE-MemorySafety,0,0,None,ACCEPT
devign_491,qemu,CWE-MemorySafety,0,0,None,ACCEPT
devign_493,qemu,CWE-MemorySafety,0,0,None,ACCEPT
devign_495,qemu,CWE-MemorySafety,0,0,None,ACCEPT
devign_496,FFmpeg,CWE-MemorySafety,0,0,None,ACCEPT
devign_497,FFmpeg,CWE-MemorySafety,1,0,None,ACCEPT
devign_499,qemu,CWE-MemorySafety,1,0,None,ACCEPT
devign_500,FFmpeg,CWE-MemorySafety,1,1,CWE-252: Unchecked Dynamic Allocation Return,REJECT
devign_501,qemu,CWE-MemorySafety,1,0,None,ACCEPT
devign_502,qemu,CWE-MemorySafety,1,0,None,ACCEPT
devign_503,qemu,CWE-MemorySafety,1,0,None,ACCEPT
devign_504,qemu,CWE-MemorySafety,1,0,None,ACCEPT
devign_505,qemu,CWE-MemorySafety,1,0,None,ACCEPT
devign_506,qemu,CWE-MemorySafety,1,0,None,ACCEPT
devign_507,qemu,CWE-MemorySafety,1,0,None,ACCEPT
devign_508,FFmpeg,CWE-MemorySafety,0,0,None,ACCEPT
devign_509,FFmpeg,CWE-MemorySafety,0,0,None,ACCEPT
devign_510,FFmpeg,CWE-MemorySafety,0,0,None,ACCEPT
devign_511,FFmpeg,CWE-MemorySafety,1,0,None,ACCEPT
devign_512,qemu,CWE-MemorySafety,1,1,CWE-120: Unbounded String Operation,REJECT
devign_513,qemu,CWE-MemorySafety,1,0,None,ACCEPT
devign_514,FFmpeg,CWE-MemorySafety,1,0,None,ACCEPT
devign_515,FFmpeg,CWE-MemorySafety,1,0,None,ACCEPT
devign_516,FFmpeg,CWE-MemorySafety,1,1,CWE-252: Unchecked Dynamic Allocation Return,REJECT
devign_517,FFmpeg,CWE-MemorySafety,1,0,None,ACCEPT
devign_518,FFmpeg,CWE-MemorySafety,1,0,None,ACCEPT
devign_520,qemu,CWE-MemorySafety,1,0,None,ACCEPT
devign_521,FFmpeg,CWE-MemorySafety,1,0,None,ACCEPT
devign_522,qemu,CWE-MemorySafety,1,0,None,ACCEPT
devign_523,qemu,CWE-MemorySafety,1,0,None,ACCEPT
devign_524,qemu,CWE-MemorySafety,1,0,None,ACCEPT
devign_525,FFmpeg,CWE-MemorySafety,1,0,None,ACCEPT
devign_526,FFmpeg,CWE-MemorySafety,1,0,None,ACCEPT
devign_528,qemu,CWE-MemorySafety,1,0,None,ACCEPT
devign_529,qemu,CWE-MemorySafety,1,0,None,ACCEPT
devign_530,qemu,CWE-MemorySafety,1,0,None,ACCEPT
devign_531,FFmpeg,CWE-MemorySafety,1,0,None,ACCEPT
devign_532,FFmpeg,CWE-MemorySafety,0,0,None,ACCEPT
devign_533,FFmpeg,CWE-MemorySafety,0,0,None,ACCEPT
devign_534,FFmpeg,CWE-MemorySafety,0,1,CWE-252: Unchecked Dynamic Allocation Return,REJECT
devign_535,FFmpeg,CWE-MemorySafety,0,1,CWE-252: Unchecked Dynamic Allocation Return,REJECT
devign_536,qemu,CWE-MemorySafety,1,0,None,ACCEPT
devign_538,qemu,CWE-MemorySafety,1,0,None,ACCEPT
devign_539,FFmpeg,CWE-MemorySafety,1,0,None,ACCEPT
devign_540,FFmpeg,CWE-MemorySafety,1,0,None,ACCEPT
devign_541,qemu,CWE-MemorySafety,1,0,None,ACCEPT
devign_542,FFmpeg,CWE-MemorySafety,1,0,None,ACCEPT
devign_543,qemu,CWE-MemorySafety,1,0,None,ACCEPT
devign_544,FFmpeg,CWE-MemorySafety,0,0,None,ACCEPT
devign_545,FFmpeg,CWE-MemorySafety,0,0,None,ACCEPT
devign_546,qemu,CWE-MemorySafety,1,0,None,ACCEPT
devign_547,qemu,CWE-MemorySafety,1,0,None,ACCEPT
devign_548,qemu,CWE-MemorySafety,1,0,None,ACCEPT
devign_549,FFmpeg,CWE-MemorySafety,1,0,None,ACCEPT
devign_550,FFmpeg,CWE-MemorySafety,1,0,None,ACCEPT
devign_552,FFmpeg,CWE-MemorySafety,0,0,None,ACCEPT
devign_553,FFmpeg,CWE-MemorySafety,0,0,None,ACCEPT
devign_554,qemu,CWE-MemorySafety,1,0,None,ACCEPT
devign_555,qemu,CWE-MemorySafety,1,0,None,ACCEPT
devign_556,FFmpeg,CWE-MemorySafety,1,0,None,ACCEPT
devign_557,qemu,CWE-MemorySafety,1,0,None,ACCEPT
devign_559,FFmpeg,CWE-MemorySafety,1,0,None,ACCEPT
devign_560,FFmpeg,CWE-MemorySafety,0,0,None,ACCEPT
devign_561,FFmpeg,CWE-MemorySafety,1,0,None,ACCEPT
devign_562,qemu,CWE-MemorySafety,1,0,None,ACCEPT
devign_563,FFmpeg,CWE-MemorySafety,1,0,None,ACCEPT
devign_564,qemu,CWE-MemorySafety,1,0,None,ACCEPT
devign_565,FFmpeg,CWE-MemorySafety,1,0,None,ACCEPT
devign_567,FFmpeg,CWE-MemorySafety,1,0,None,ACCEPT
devign_568,FFmpeg,CWE-MemorySafety,1,0,None,ACCEPT
devign_569,qemu,CWE-MemorySafety,1,0,None,ACCEPT
devign_570,qemu,CWE-MemorySafety,1,0,None,ACCEPT
devign_571,FFmpeg,CWE-MemorySafety,1,0,None,ACCEPT
devign_572,qemu,CWE-MemorySafety,1,0,None,ACCEPT
devign_573,qemu,CWE-MemorySafety,1,0,None,ACCEPT
devign_576,qemu,CWE-MemorySafety,1,0,None,ACCEPT
devign_577,qemu,CWE-MemorySafety,1,0,None,ACCEPT
devign_578,qemu,CWE-MemorySafety,1,0,None,ACCEPT
devign_579,FFmpeg,CWE-MemorySafety,1,0,None,ACCEPT
devign_580,FFmpeg,CWE-MemorySafety,1,0,None,ACCEPT
devign_582,qemu,CWE-MemorySafety,1,0,None,ACCEPT
devign_584,qemu,CWE-MemorySafety,1,0,None,ACCEPT
devign_585,qemu,CWE-MemorySafety,1,0,None,ACCEPT
devign_587,qemu,CWE-MemorySafety,1,0,None,ACCEPT
devign_590,FFmpeg,CWE-MemorySafety,1,0,None,ACCEPT
devign_592,FFmpeg,CWE-MemorySafety,1,1,CWE-252: Unchecked Dynamic Allocation Return,REJECT
devign_593,qemu,CWE-MemorySafety,1,0,None,ACCEPT
devign_595,FFmpeg,CWE-MemorySafety,0,0,None,ACCEPT
devign_596,FFmpeg,CWE-MemorySafety,0,0,None,ACCEPT
devign_597,FFmpeg,CWE-MemorySafety,0,0,None,ACCEPT
devign_598,qemu,CWE-MemorySafety,1,0,None,ACCEPT
devign_599,qemu,CWE-MemorySafety,1,0,None,ACCEPT
devign_600,qemu,CWE-MemorySafety,1,0,None,ACCEPT
devign_601,FFmpeg,CWE-MemorySafety,1,0,None,ACCEPT
devign_602,qemu,CWE-MemorySafety,1,0,None,ACCEPT
devign_603,FFmpeg,CWE-MemorySafety,1,0,None,ACCEPT
devign_605,FFmpeg,CWE-MemorySafety,1,0,None,ACCEPT
devign_607,qemu,CWE-MemorySafety,1,0,None,ACCEPT
devign_608,qemu,CWE-MemorySafety,1,0,None,ACCEPT
devign_609,qemu,CWE-MemorySafety,1,0,None,ACCEPT
devign_611,FFmpeg,CWE-MemorySafety,1,0,None,ACCEPT
devign_612,FFmpeg,CWE-MemorySafety,0,0,None,ACCEPT
devign_613,FFmpeg,CWE-MemorySafety,0,0,None,ACCEPT
devign_614,FFmpeg,CWE-MemorySafety,0,0,None,ACCEPT
devign_615,FFmpeg,CWE-MemorySafety,0,0,None,ACCEPT
devign_616,FFmpeg,CWE-MemorySafety,0,0,None,ACCEPT
devign_618,FFmpeg,CWE-MemorySafety,0,0,None,ACCEPT
devign_619,FFmpeg,CWE-MemorySafety,1,0,None,ACCEPT
devign_621,FFmpeg,CWE-MemorySafety,1,0,None,ACCEPT
devign_622,qemu,CWE-MemorySafety,1,0,None,ACCEPT
devign_623,qemu,CWE-MemorySafety,1,0,None,ACCEPT
devign_624,FFmpeg,CWE-MemorySafety,1,0,None,ACCEPT
devign_625,qemu,CWE-MemorySafety,1,0,None,ACCEPT
devign_626,qemu,CWE-MemorySafety,1,0,None,ACCEPT
devign_627,qemu,CWE-MemorySafety,1,0,None,ACCEPT
devign_628,qemu,CWE-MemorySafety,1,0,None,ACCEPT
devign_629,FFmpeg,CWE-MemorySafety,1,0,None,ACCEPT
devign_631,qemu,CWE-MemorySafety,1,0,None,ACCEPT
devign_632,FFmpeg,CWE-MemorySafety,1,0,None,ACCEPT
devign_633,FFmpeg,CWE-MemorySafety,1,0,None,ACCEPT
devign_634,qemu,CWE-MemorySafety,1,0,None,ACCEPT
devign_636,qemu,CWE-MemorySafety,0,0,None,ACCEPT
devign_637,qemu,CWE-MemorySafety,0,0,None,ACCEPT
devign_638,qemu,CWE-MemorySafety,0,0,None,ACCEPT
devign_639,qemu,CWE-MemorySafety,0,0,None,ACCEPT
devign_640,qemu,CWE-MemorySafety,0,0,None,ACCEPT
devign_641,qemu,CWE-MemorySafety,0,0,None,ACCEPT
devign_643,qemu,CWE-MemorySafety,0,0,None,ACCEPT
devign_644,qemu,CWE-MemorySafety,0,0,None,ACCEPT
devign_645,qemu,CWE-MemorySafety,0,0,None,ACCEPT
devign_647,qemu,CWE-MemorySafety,0,0,None,ACCEPT
devign_648,qemu,CWE-MemorySafety,0,0,None,ACCEPT
devign_650,qemu,CWE-MemorySafety,0,0,None,ACCEPT
devign_651,qemu,CWE-MemorySafety,0,0,None,ACCEPT
devign_652,qemu,CWE-MemorySafety,0,0,None,ACCEPT
devign_653,FFmpeg,CWE-MemorySafety,0,0,None,ACCEPT
devign_654,qemu,CWE-MemorySafety,0,0,None,ACCEPT
devign_655,qemu,CWE-MemorySafety,0,0,None,ACCEPT
devign_656,qemu,CWE-MemorySafety,0,0,None,ACCEPT
devign_657,qemu,CWE-MemorySafety,0,0,None,ACCEPT
devign_658,qemu,CWE-MemorySafety,0,0,None,ACCEPT
devign_659,qemu,CWE-MemorySafety,0,0,None,ACCEPT
devign_661,qemu,CWE-MemorySafety,0,0,None,ACCEPT
devign_662,FFmpeg,CWE-MemorySafety,0,0,None,ACCEPT
devign_663,qemu,CWE-MemorySafety,0,0,None,ACCEPT
devign_664,qemu,CWE-MemorySafety,0,0,None,ACCEPT
devign_665,qemu,CWE-MemorySafety,1,0,None,ACCEPT
devign_666,FFmpeg,CWE-MemorySafety,1,1,CWE-252: Unchecked Dynamic Allocation Return,REJECT
devign_667,qemu,CWE-MemorySafety,1,0,None,ACCEPT
devign_668,qemu,CWE-MemorySafety,1,0,None,ACCEPT
devign_669,qemu,CWE-MemorySafety,1,0,None,ACCEPT
devign_670,qemu,CWE-MemorySafety,1,0,None,ACCEPT
devign_671,qemu,CWE-MemorySafety,1,0,None,ACCEPT
devign_672,qemu,CWE-MemorySafety,1,0,None,ACCEPT
devign_674,FFmpeg,CWE-MemorySafety,0,0,None,ACCEPT
devign_675,FFmpeg,CWE-MemorySafety,0,0,None,ACCEPT
devign_677,FFmpeg,CWE-MemorySafety,1,1,CWE-252: Unchecked Dynamic Allocation Return,REJECT
devign_678,qemu,CWE-MemorySafety,1,0,None,ACCEPT
devign_680,FFmpeg,CWE-MemorySafety,0,0,None,ACCEPT
devign_681,qemu,CWE-MemorySafety,1,0,None,ACCEPT
devign_683,qemu,CWE-MemorySafety,1,0,None,ACCEPT
devign_684,qemu,CWE-MemorySafety,1,0,None,ACCEPT
devign_685,qemu,CWE-MemorySafety,1,0,None,ACCEPT
devign_687,qemu,CWE-MemorySafety,1,0,None,ACCEPT
devign_688,qemu,CWE-MemorySafety,1,0,None,ACCEPT
devign_690,FFmpeg,CWE-MemorySafety,1,0,None,ACCEPT
devign_691,qemu,CWE-MemorySafety,1,0,None,ACCEPT
devign_692,FFmpeg,CWE-MemorySafety,0,0,None,ACCEPT
devign_693,FFmpeg,CWE-MemorySafety,0,0,None,ACCEPT
devign_694,FFmpeg,CWE-MemorySafety,0,0,None,ACCEPT
devign_695,qemu,CWE-MemorySafety,1,0,None,ACCEPT
devign_696,qemu,CWE-MemorySafety,1,0,None,ACCEPT
devign_698,FFmpeg,CWE-MemorySafety,1,0,None,ACCEPT
devign_699,qemu,CWE-MemorySafety,1,0,None,ACCEPT
devign_700,qemu,CWE-MemorySafety,1,0,None,ACCEPT
devign_701,FFmpeg,CWE-MemorySafety,1,0,None,ACCEPT
devign_702,FFmpeg,CWE-MemorySafety,1,0,None,ACCEPT
devign_704,qemu,CWE-MemorySafety,0,0,None,ACCEPT
devign_705,qemu,CWE-MemorySafety,0,0,None,ACCEPT
devign_706,qemu,CWE-MemorySafety,0,0,None,ACCEPT
devign_707,qemu,CWE-MemorySafety,0,0,None,ACCEPT
devign_708,qemu,CWE-MemorySafety,0,0,None,ACCEPT
devign_711,qemu,CWE-MemorySafety,0,0,None,ACCEPT
devign_712,qemu,CWE-MemorySafety,0,0,None,ACCEPT
devign_713,FFmpeg,CWE-MemorySafety,0,0,None,ACCEPT
devign_714,qemu,CWE-MemorySafety,0,0,None,ACCEPT
devign_715,qemu,CWE-MemorySafety,0,0,None,ACCEPT
devign_717,qemu,CWE-MemorySafety,0,0,None,ACCEPT
devign_718,qemu,CWE-MemorySafety,0,0,None,ACCEPT
devign_720,qemu,CWE-MemorySafety,0,0,None,ACCEPT
devign_721,FFmpeg,CWE-MemorySafety,0,0,None,ACCEPT
devign_723,qemu,CWE-MemorySafety,0,0,None,ACCEPT
devign_724,qemu,CWE-MemorySafety,0,0,None,ACCEPT
devign_726,FFmpeg,CWE-MemorySafety,0,0,None,ACCEPT
devign_727,qemu,CWE-MemorySafety,0,0,None,ACCEPT
devign_729,qemu,CWE-MemorySafety,0,0,None,ACCEPT
devign_730,qemu,CWE-MemorySafety,0,0,None,ACCEPT
devign_731,qemu,CWE-MemorySafety,0,0,None,ACCEPT
devign_732,qemu,CWE-MemorySafety,0,0,None,ACCEPT
devign_733,qemu,CWE-MemorySafety,0,0,None,ACCEPT
devign_734,qemu,CWE-MemorySafety,0,0,None,ACCEPT
devign_735,qemu,CWE-MemorySafety,0,0,None,ACCEPT
devign_736,FFmpeg,CWE-MemorySafety,0,0,None,ACCEPT
devign_737,qemu,CWE-MemorySafety,0,0,None,ACCEPT
devign_738,qemu,CWE-MemorySafety,0,0,None,ACCEPT
devign_739,qemu,CWE-MemorySafety,0,0,None,ACCEPT
devign_740,qemu,CWE-MemorySafety,0,0,None,ACCEPT
devign_741,qemu,CWE-MemorySafety,0,0,None,ACCEPT
devign_742,qemu,CWE-MemorySafety,0,0,None,ACCEPT
devign_744,FFmpeg,CWE-MemorySafety,0,0,None,ACCEPT
devign_745,FFmpeg,CWE-MemorySafety,0,0,None,ACCEPT
devign_746,FFmpeg,CWE-MemorySafety,0,0,None,ACCEPT
devign_747,FFmpeg,CWE-MemorySafety,1,0,None,ACCEPT
devign_748,qemu,CWE-MemorySafety,1,0,None,ACCEPT
devign_749,FFmpeg,CWE-MemorySafety,1,0,None,ACCEPT
devign_751,FFmpeg,CWE-MemorySafety,0,0,None,ACCEPT
devign_752,qemu,CWE-MemorySafety,1,0,None,ACCEPT
devign_755,qemu,CWE-MemorySafety,1,0,None,ACCEPT
devign_756,qemu,CWE-MemorySafety,1,0,None,ACCEPT
devign_757,FFmpeg,CWE-MemorySafety,1,0,None,ACCEPT
devign_758,FFmpeg,CWE-MemorySafety,1,0,None,ACCEPT
devign_759,qemu,CWE-MemorySafety,1,1,CWE-120: Unbounded String Operation,REJECT
devign_760,qemu,CWE-MemorySafety,1,0,None,ACCEPT
devign_761,qemu,CWE-MemorySafety,1,0,None,ACCEPT
devign_762,FFmpeg,CWE-MemorySafety,0,0,None,ACCEPT
devign_763,FFmpeg,CWE-MemorySafety,1,0,None,ACCEPT
devign_764,qemu,CWE-MemorySafety,1,0,None,ACCEPT
devign_765,FFmpeg,CWE-MemorySafety,1,0,None,ACCEPT
devign_766,FFmpeg,CWE-MemorySafety,1,0,None,ACCEPT
devign_767,qemu,CWE-MemorySafety,1,0,None,ACCEPT
devign_768,qemu,CWE-MemorySafety,1,0,None,ACCEPT
devign_769,FFmpeg,CWE-MemorySafety,1,0,None,ACCEPT
devign_770,FFmpeg,CWE-MemorySafety,0,1,CWE-252: Unchecked Dynamic Allocation Return,REJECT
devign_771,FFmpeg,CWE-MemorySafety,0,1,CWE-252: Unchecked Dynamic Allocation Return,REJECT
devign_772,FFmpeg,CWE-MemorySafety,0,0,None,ACCEPT
devign_773,qemu,CWE-MemorySafety,1,0,None,ACCEPT
devign_774,FFmpeg,CWE-MemorySafety,1,0,None,ACCEPT
devign_775,qemu,CWE-MemorySafety,1,0,None,ACCEPT
devign_776,FFmpeg,CWE-MemorySafety,1,1,CWE-252: Unchecked Dynamic Allocation Return,REJECT
devign_778,qemu,CWE-MemorySafety,1,0,None,ACCEPT
devign_780,qemu,CWE-MemorySafety,1,0,None,ACCEPT
devign_781,FFmpeg,CWE-MemorySafety,1,0,None,ACCEPT
devign_783,FFmpeg,CWE-MemorySafety,1,0,None,ACCEPT
devign_784,FFmpeg,CWE-MemorySafety,0,0,None,ACCEPT
devign_785,FFmpeg,CWE-MemorySafety,0,0,None,ACCEPT
devign_786,qemu,CWE-MemorySafety,1,0,None,ACCEPT
devign_788,qemu,CWE-MemorySafety,1,0,None,ACCEPT
devign_789,qemu,CWE-MemorySafety,1,0,None,ACCEPT
devign_790,FFmpeg,CWE-MemorySafety,1,0,None,ACCEPT
devign_791,qemu,CWE-MemorySafety,1,0,None,ACCEPT
devign_792,FFmpeg,CWE-MemorySafety,1,0,None,ACCEPT
devign_793,FFmpeg,CWE-MemorySafety,1,0,None,ACCEPT
devign_794,FFmpeg,CWE-MemorySafety,1,0,None,ACCEPT
devign_796,qemu,CWE-MemorySafety,1,0,None,ACCEPT
devign_797,qemu,CWE-MemorySafety,1,0,None,ACCEPT
devign_798,qemu,CWE-MemorySafety,0,0,None,ACCEPT
devign_800,qemu,CWE-MemorySafety,0,0,None,ACCEPT
devign_801,qemu,CWE-MemorySafety,0,0,None,ACCEPT
devign_802,qemu,CWE-MemorySafety,0,0,None,ACCEPT
devign_803,qemu,CWE-MemorySafety,0,0,None,ACCEPT
devign_804,qemu,CWE-MemorySafety,0,0,None,ACCEPT
devign_805,qemu,CWE-MemorySafety,0,0,None,ACCEPT
devign_806,qemu,CWE-MemorySafety,0,0,None,ACCEPT
devign_807,qemu,CWE-MemorySafety,0,0,None,ACCEPT
devign_808,qemu,CWE-MemorySafety,0,0,None,ACCEPT
devign_809,qemu,CWE-MemorySafety,0,0,None,ACCEPT
devign_810,qemu,CWE-MemorySafety,0,0,None,ACCEPT
devign_813,FFmpeg,CWE-MemorySafety,0,0,None,ACCEPT
devign_814,FFmpeg,CWE-MemorySafety,0,0,None,ACCEPT
devign_815,FFmpeg,CWE-MemorySafety,0,0,None,ACCEPT
devign_816,qemu,CWE-MemorySafety,1,0,None,ACCEPT
devign_817,qemu,CWE-MemorySafety,1,0,None,ACCEPT
devign_819,FFmpeg,CWE-MemorySafety,1,0,None,ACCEPT
devign_820,FFmpeg,CWE-MemorySafety,1,0,None,ACCEPT
devign_821,qemu,CWE-MemorySafety,1,0,None,ACCEPT
devign_822,FFmpeg,CWE-MemorySafety,1,0,None,ACCEPT
devign_823,qemu,CWE-MemorySafety,1,0,None,ACCEPT
devign_824,FFmpeg,CWE-MemorySafety,1,0,None,ACCEPT
devign_825,FFmpeg,CWE-MemorySafety,0,0,None,ACCEPT
devign_826,FFmpeg,CWE-MemorySafety,1,0,None,ACCEPT
devign_830,FFmpeg,CWE-MemorySafety,0,0,None,ACCEPT
devign_832,FFmpeg,CWE-MemorySafety,0,0,None,ACCEPT
devign_834,FFmpeg,CWE-MemorySafety,1,0,None,ACCEPT
devign_835,FFmpeg,CWE-MemorySafety,1,0,None,ACCEPT
devign_836,FFmpeg,CWE-MemorySafety,1,0,None,ACCEPT
devign_837,FFmpeg,CWE-MemorySafety,1,0,None,ACCEPT
devign_838,qemu,CWE-MemorySafety,1,0,None,ACCEPT
devign_839,qemu,CWE-MemorySafety,1,0,None,ACCEPT
devign_841,qemu,CWE-MemorySafety,1,0,None,ACCEPT
devign_842,qemu,CWE-MemorySafety,1,0,None,ACCEPT
devign_843,qemu,CWE-MemorySafety,1,0,None,ACCEPT
devign_844,FFmpeg,CWE-MemorySafety,0,0,None,ACCEPT
devign_845,FFmpeg,CWE-MemorySafety,0,0,None,ACCEPT
devign_846,FFmpeg,CWE-MemorySafety,1,1,CWE-252: Unchecked Dynamic Allocation Return,REJECT
devign_847,qemu,CWE-MemorySafety,1,0,None,ACCEPT
devign_848,qemu,CWE-MemorySafety,1,0,None,ACCEPT
devign_850,FFmpeg,CWE-MemorySafety,1,0,None,ACCEPT
devign_851,FFmpeg,CWE-MemorySafety,1,0,None,ACCEPT
devign_852,FFmpeg,CWE-MemorySafety,1,0,None,ACCEPT
devign_854,qemu,CWE-MemorySafety,1,0,None,ACCEPT
devign_855,qemu,CWE-MemorySafety,1,0,None,ACCEPT
devign_856,qemu,CWE-MemorySafety,1,0,None,ACCEPT
devign_857,FFmpeg,CWE-MemorySafety,1,0,None,ACCEPT
devign_858,qemu,CWE-MemorySafety,1,0,None,ACCEPT
devign_860,qemu,CWE-MemorySafety,1,0,None,ACCEPT
devign_861,qemu,CWE-MemorySafety,1,0,None,ACCEPT
devign_863,qemu,CWE-MemorySafety,1,0,None,ACCEPT
devign_864,qemu,CWE-MemorySafety,1,0,None,ACCEPT
devign_865,qemu,CWE-MemorySafety,1,0,None,ACCEPT
devign_866,qemu,CWE-MemorySafety,0,0,None,ACCEPT
devign_867,qemu,CWE-MemorySafety,0,0,None,ACCEPT
devign_868,qemu,CWE-MemorySafety,0,0,None,ACCEPT
devign_869,qemu,CWE-MemorySafety,0,0,None,ACCEPT
devign_871,qemu,CWE-MemorySafety,0,0,None,ACCEPT
devign_872,qemu,CWE-MemorySafety,0,0,None,ACCEPT
devign_873,qemu,CWE-MemorySafety,0,0,None,ACCEPT
devign_874,qemu,CWE-MemorySafety,0,1,CWE-252: Unchecked Dynamic Allocation Return,REJECT
devign_875,qemu,CWE-MemorySafety,0,0,None,ACCEPT
devign_876,qemu,CWE-MemorySafety,0,0,None,ACCEPT
devign_880,qemu,CWE-MemorySafety,0,0,None,ACCEPT
devign_881,qemu,CWE-MemorySafety,0,0,None,ACCEPT
devign_882,qemu,CWE-MemorySafety,0,0,None,ACCEPT
devign_884,qemu,CWE-MemorySafety,0,0,None,ACCEPT
devign_885,qemu,CWE-MemorySafety,0,0,None,ACCEPT
devign_886,qemu,CWE-MemorySafety,0,0,None,ACCEPT
devign_887,FFmpeg,CWE-MemorySafety,0,0,None,ACCEPT
devign_888,FFmpeg,CWE-MemorySafety,0,1,CWE-252: Unchecked Dynamic Allocation Return,REJECT
devign_889,FFmpeg,CWE-MemorySafety,1,0,None,ACCEPT
devign_890,qemu,CWE-MemorySafety,1,0,None,ACCEPT
devign_894,qemu,CWE-MemorySafety,0,0,None,ACCEPT
devign_895,qemu,CWE-MemorySafety,0,0,None,ACCEPT
devign_896,qemu,CWE-MemorySafety,0,0,None,ACCEPT
devign_897,qemu,CWE-MemorySafety,0,0,None,ACCEPT
devign_898,qemu,CWE-MemorySafety,0,0,None,ACCEPT
devign_899,qemu,CWE-MemorySafety,0,0,None,ACCEPT
devign_900,qemu,CWE-MemorySafety,0,0,None,ACCEPT
devign_901,FFmpeg,CWE-MemorySafety,0,0,None,ACCEPT
devign_903,qemu,CWE-MemorySafety,0,0,None,ACCEPT
devign_904,qemu,CWE-MemorySafety,0,0,None,ACCEPT
devign_905,qemu,CWE-MemorySafety,0,0,None,ACCEPT
devign_906,qemu,CWE-MemorySafety,0,0,None,ACCEPT
devign_907,qemu,CWE-MemorySafety,0,1,CWE-120: Unbounded String Operation,REJECT
devign_908,qemu,CWE-MemorySafety,0,0,None,ACCEPT
devign_909,qemu,CWE-MemorySafety,0,0,None,ACCEPT
devign_910,FFmpeg,CWE-MemorySafety,0,0,None,ACCEPT
devign_911,qemu,CWE-MemorySafety,0,0,None,ACCEPT
devign_912,qemu,CWE-MemorySafety,0,0,None,ACCEPT
devign_913,qemu,CWE-MemorySafety,0,0,None,ACCEPT
devign_914,qemu,CWE-MemorySafety,0,0,None,ACCEPT
devign_915,qemu,CWE-MemorySafety,0,0,None,ACCEPT
devign_916,qemu,CWE-MemorySafety,0,0,None,ACCEPT
devign_917,FFmpeg,CWE-MemorySafety,1,0,None,ACCEPT
devign_918,FFmpeg,CWE-MemorySafety,1,0,None,ACCEPT
devign_920,qemu,CWE-MemorySafety,1,0,None,ACCEPT
devign_921,FFmpeg,CWE-MemorySafety,1,1,CWE-252: Unchecked Dynamic Allocation Return,REJECT
devign_922,qemu,CWE-MemorySafety,1,0,None,ACCEPT
devign_923,FFmpeg,CWE-MemorySafety,1,1,CWE-252: Unchecked Dynamic Allocation Return,REJECT
devign_924,FFmpeg,CWE-MemorySafety,0,0,None,ACCEPT
devign_925,qemu,CWE-MemorySafety,1,0,None,ACCEPT
devign_926,qemu,CWE-MemorySafety,1,0,None,ACCEPT
devign_928,qemu,CWE-MemorySafety,1,0,None,ACCEPT
devign_929,qemu,CWE-MemorySafety,1,0,None,ACCEPT
devign_930,qemu,CWE-MemorySafety,1,0,None,ACCEPT
devign_932,FFmpeg,CWE-MemorySafety,1,0,None,ACCEPT
devign_933,FFmpeg,CWE-MemorySafety,1,0,None,ACCEPT
devign_934,FFmpeg,CWE-MemorySafety,1,0,None,ACCEPT
devign_935,FFmpeg,CWE-MemorySafety,0,0,None,ACCEPT
devign_936,FFmpeg,CWE-MemorySafety,0,0,None,ACCEPT
devign_937,FFmpeg,CWE-MemorySafety,0,0,None,ACCEPT
devign_938,qemu,CWE-MemorySafety,0,0,None,ACCEPT
devign_939,qemu,CWE-MemorySafety,0,0,None,ACCEPT
devign_940,qemu,CWE-MemorySafety,0,0,None,ACCEPT
devign_941,qemu,CWE-MemorySafety,0,0,None,ACCEPT
devign_942,qemu,CWE-MemorySafety,0,0,None,ACCEPT
devign_943,qemu,CWE-MemorySafety,0,0,None,ACCEPT
devign_945,FFmpeg,CWE-MemorySafety,0,0,None,ACCEPT
devign_946,qemu,CWE-MemorySafety,0,0,None,ACCEPT
devign_947,qemu,CWE-MemorySafety,0,0,None,ACCEPT
devign_948,qemu,CWE-MemorySafety,0,0,None,ACCEPT
devign_949,qemu,CWE-MemorySafety,0,0,None,ACCEPT
devign_950,qemu,CWE-MemorySafety,0,0,None,ACCEPT
devign_951,qemu,CWE-MemorySafety,0,0,None,ACCEPT
devign_952,qemu,CWE-MemorySafety,0,0,None,ACCEPT
devign_953,qemu,CWE-MemorySafety,0,0,None,ACCEPT
devign_954,qemu,CWE-MemorySafety,0,0,None,ACCEPT
devign_955,FFmpeg,CWE-MemorySafety,0,0,None,ACCEPT
devign_956,qemu,CWE-MemorySafety,0,0,None,ACCEPT
devign_957,qemu,CWE-MemorySafety,0,0,None,ACCEPT
devign_959,qemu,CWE-MemorySafety,0,0,None,ACCEPT
devign_960,qemu,CWE-MemorySafety,0,0,None,ACCEPT
devign_961,qemu,CWE-MemorySafety,0,0,None,ACCEPT
devign_962,qemu,CWE-MemorySafety,0,0,None,ACCEPT
devign_963,qemu,CWE-MemorySafety,0,0,None,ACCEPT
devign_964,qemu,CWE-MemorySafety,0,1,CWE-252: Unchecked Dynamic Allocation Return,REJECT
devign_965,qemu,CWE-MemorySafety,0,0,None,ACCEPT
devign_966,qemu,CWE-MemorySafety,0,0,None,ACCEPT
devign_967,qemu,CWE-MemorySafety,0,0,None,ACCEPT
devign_969,FFmpeg,CWE-MemorySafety,0,1,CWE-252: Unchecked Dynamic Allocation Return,REJECT
devign_970,qemu,CWE-MemorySafety,0,0,None,ACCEPT
devign_972,qemu,CWE-MemorySafety,0,0,None,ACCEPT
devign_973,qemu,CWE-MemorySafety,0,0,None,ACCEPT
devign_974,qemu,CWE-MemorySafety,0,0,None,ACCEPT
devign_975,qemu,CWE-MemorySafety,0,0,None,ACCEPT
devign_976,qemu,CWE-MemorySafety,0,0,None,ACCEPT
devign_977,FFmpeg,CWE-MemorySafety,0,0,None,ACCEPT
devign_978,qemu,CWE-MemorySafety,0,0,None,ACCEPT
devign_979,qemu,CWE-MemorySafety,0,0,None,ACCEPT
devign_980,qemu,CWE-MemorySafety,0,0,None,ACCEPT
devign_981,qemu,CWE-MemorySafety,0,0,None,ACCEPT
devign_982,FFmpeg,CWE-MemorySafety,0,0,None,ACCEPT
devign_983,FFmpeg,CWE-MemorySafety,0,0,None,ACCEPT
devign_984,FFmpeg,CWE-MemorySafety,0,0,None,ACCEPT
devign_985,FFmpeg,CWE-MemorySafety,0,0,None,ACCEPT
devign_986,FFmpeg,CWE-MemorySafety,0,0,None,ACCEPT
devign_988,qemu,CWE-MemorySafety,0,0,None,ACCEPT
devign_989,FFmpeg,CWE-MemorySafety,0,0,None,ACCEPT
devign_990,qemu,CWE-MemorySafety,0,0,None,ACCEPT
devign_991,qemu,CWE-MemorySafety,0,0,None,ACCEPT
devign_992,qemu,CWE-MemorySafety,0,0,None,ACCEPT
devign_993,qemu,CWE-MemorySafety,0,0,None,ACCEPT
devign_996,qemu,CWE-MemorySafety,0,0,None,ACCEPT
devign_997,qemu,CWE-MemorySafety,0,0,None,ACCEPT
devign_998,FFmpeg,CWE-MemorySafety,0,0,None,ACCEPT
devign_999,qemu,CWE-MemorySafety,0,0,None,ACCEPT
devign_1001,qemu,CWE-MemorySafety,0,0,None,ACCEPT
devign_1002,qemu,CWE-MemorySafety,0,0,None,ACCEPT
devign_1004,qemu,CWE-MemorySafety,0,0,None,ACCEPT
devign_1007,qemu,CWE-MemorySafety,0,0,None,ACCEPT
devign_1008,FFmpeg,CWE-MemorySafety,0,0,None,ACCEPT
devign_1009,qemu,CWE-MemorySafety,0,0,None,ACCEPT
devign_1010,FFmpeg,CWE-MemorySafety,0,0,None,ACCEPT
devign_1014,qemu,CWE-MemorySafety,0,0,None,ACCEPT
devign_1016,qemu,CWE-MemorySafety,0,0,None,ACCEPT
devign_1017,qemu,CWE-MemorySafety,0,0,None,ACCEPT
devign_1020,qemu,CWE-MemorySafety,0,0,None,ACCEPT
devign_1022,qemu,CWE-MemorySafety,0,0,None,ACCEPT
devign_1023,qemu,CWE-MemorySafety,0,0,None,ACCEPT
devign_1024,qemu,CWE-MemorySafety,0,0,None,ACCEPT
devign_1026,qemu,CWE-MemorySafety,0,0,None,ACCEPT
devign_1027,qemu,CWE-MemorySafety,0,0,None,ACCEPT
devign_1028,qemu,CWE-MemorySafety,0,0,None,ACCEPT
devign_1029,FFmpeg,CWE-MemorySafety,0,0,None,ACCEPT
devign_1030,qemu,CWE-MemorySafety,0,0,None,ACCEPT
devign_1031,qemu,CWE-MemorySafety,0,0,None,ACCEPT
devign_1032,qemu,CWE-MemorySafety,0,0,None,ACCEPT
devign_1033,qemu,CWE-MemorySafety,0,0,None,ACCEPT
devign_1034,qemu,CWE-MemorySafety,0,0,None,ACCEPT
devign_1036,FFmpeg,CWE-MemorySafety,0,0,None,ACCEPT
devign_1037,FFmpeg,CWE-MemorySafety,0,0,None,ACCEPT
devign_1039,FFmpeg,CWE-MemorySafety,0,0,None,ACCEPT
devign_1040,FFmpeg,CWE-MemorySafety,0,0,None,ACCEPT
devign_1041,FFmpeg,CWE-MemorySafety,0,0,None,ACCEPT
devign_1042,qemu,CWE-MemorySafety,1,0,None,ACCEPT
devign_1043,qemu,CWE-MemorySafety,1,0,None,ACCEPT
devign_1044,qemu,CWE-MemorySafety,1,0,None,ACCEPT
devign_1045,qemu,CWE-MemorySafety,0,0,None,ACCEPT
devign_1046,qemu,CWE-MemorySafety,0,0,None,ACCEPT
devign_1047,qemu,CWE-MemorySafety,0,0,None,ACCEPT
devign_1048,qemu,CWE-MemorySafety,0,0,None,ACCEPT
devign_1049,qemu,CWE-MemorySafety,0,0,None,ACCEPT
devign_1050,FFmpeg,CWE-MemorySafety,0,0,None,ACCEPT
devign_1051,qemu,CWE-MemorySafety,0,0,None,ACCEPT
devign_1052,qemu,CWE-MemorySafety,0,0,None,ACCEPT
devign_1053,qemu,CWE-MemorySafety,0,0,None,ACCEPT
devign_1054,qemu,CWE-MemorySafety,0,1,CWE-252: Unchecked Dynamic Allocation Return,REJECT
devign_1055,qemu,CWE-MemorySafety,0,0,None,ACCEPT
devign_1056,qemu,CWE-MemorySafety,0,0,None,ACCEPT
devign_1057,qemu,CWE-MemorySafety,0,0,None,ACCEPT
devign_1058,qemu,CWE-MemorySafety,0,0,None,ACCEPT
devign_1059,FFmpeg,CWE-MemorySafety,0,0,None,ACCEPT
devign_1060,qemu,CWE-MemorySafety,0,0,None,ACCEPT
devign_1062,qemu,CWE-MemorySafety,0,0,None,ACCEPT
devign_1063,qemu,CWE-MemorySafety,0,0,None,ACCEPT
devign_1064,qemu,CWE-MemorySafety,0,0,None,ACCEPT
devign_1066,qemu,CWE-MemorySafety,0,0,None,ACCEPT
devign_1067,qemu,CWE-MemorySafety,0,0,None,ACCEPT
devign_1068,qemu,CWE-MemorySafety,1,0,None,ACCEPT
devign_1070,qemu,CWE-MemorySafety,1,0,None,ACCEPT
devign_1071,FFmpeg,CWE-MemorySafety,1,0,None,ACCEPT
devign_1072,qemu,CWE-MemorySafety,1,0,None,ACCEPT
devign_1073,qemu,CWE-MemorySafety,1,0,None,ACCEPT
devign_1074,FFmpeg,CWE-MemorySafety,1,0,None,ACCEPT
devign_1077,FFmpeg,CWE-MemorySafety,1,0,None,ACCEPT
devign_1078,FFmpeg,CWE-MemorySafety,1,0,None,ACCEPT
devign_1079,FFmpeg,CWE-MemorySafety,1,0,None,ACCEPT
devign_1080,FFmpeg,CWE-MemorySafety,1,0,None,ACCEPT
devign_1082,FFmpeg,CWE-MemorySafety,1,0,None,ACCEPT
devign_1083,FFmpeg,CWE-MemorySafety,0,0,None,ACCEPT
devign_1084,FFmpeg,CWE-MemorySafety,0,0,None,ACCEPT
devign_1085,FFmpeg,CWE-MemorySafety,0,0,None,ACCEPT
devign_1086,FFmpeg,CWE-MemorySafety,1,1,CWE-252: Unchecked Dynamic Allocation Return,REJECT
devign_1087,FFmpeg,CWE-MemorySafety,1,0,None,ACCEPT
devign_1088,qemu,CWE-MemorySafety,1,0,None,ACCEPT
devign_1089,FFmpeg,CWE-MemorySafety,1,0,None,ACCEPT
devign_1090,FFmpeg,CWE-MemorySafety,1,0,None,ACCEPT
devign_1091,FFmpeg,CWE-MemorySafety,1,1,CWE-252: Unchecked Dynamic Allocation Return,REJECT
devign_1092,qemu,CWE-MemorySafety,1,0,None,ACCEPT
devign_1093,qemu,CWE-MemorySafety,1,0,None,ACCEPT
devign_1094,FFmpeg,CWE-MemorySafety,0,0,None,ACCEPT
devign_1095,qemu,CWE-MemorySafety,1,1,CWE-252: Unchecked Dynamic Allocation Return,REJECT
devign_1097,FFmpeg,CWE-MemorySafety,1,1,CWE-120: Unbounded String Operation,REJECT
devign_1098,qemu,CWE-MemorySafety,1,0,None,ACCEPT
devign_1099,FFmpeg,CWE-MemorySafety,0,0,None,ACCEPT
devign_1101,FFmpeg,CWE-MemorySafety,0,0,None,ACCEPT
devign_1102,qemu,CWE-MemorySafety,0,0,None,ACCEPT
devign_1103,qemu,CWE-MemorySafety,0,0,None,ACCEPT
devign_1104,qemu,CWE-MemorySafety,0,0,None,ACCEPT
devign_1105,qemu,CWE-MemorySafety,0,0,None,ACCEPT
devign_1106,qemu,CWE-MemorySafety,0,0,None,ACCEPT
devign_1107,FFmpeg,CWE-MemorySafety,0,0,None,ACCEPT
devign_1108,FFmpeg,CWE-MemorySafety,0,0,None,ACCEPT
devign_1109,qemu,CWE-MemorySafety,0,0,None,ACCEPT
devign_1110,qemu,CWE-MemorySafety,0,0,None,ACCEPT
devign_1111,qemu,CWE-MemorySafety,0,0,None,ACCEPT
devign_1112,qemu,CWE-MemorySafety,0,0,None,ACCEPT
devign_1113,qemu,CWE-MemorySafety,0,0,None,ACCEPT
devign_1115,qemu,CWE-MemorySafety,0,0,None,ACCEPT
devign_1116,FFmpeg,CWE-MemorySafety,0,0,None,ACCEPT
devign_1117,qemu,CWE-MemorySafety,0,0,None,ACCEPT
devign_1118,FFmpeg,CWE-MemorySafety,0,0,None,ACCEPT
devign_1119,FFmpeg,CWE-MemorySafety,0,1,CWE-252: Unchecked Dynamic Allocation Return,REJECT
devign_1120,FFmpeg,CWE-MemorySafety,0,1,CWE-252: Unchecked Dynamic Allocation Return,REJECT
devign_1122,FFmpeg,CWE-MemorySafety,1,0,None,ACCEPT
devign_1123,FFmpeg,CWE-MemorySafety,1,0,None,ACCEPT
devign_1125,FFmpeg,CWE-MemorySafety,1,0,None,ACCEPT
devign_1127,qemu,CWE-MemorySafety,1,0,None,ACCEPT
devign_1128,FFmpeg,CWE-MemorySafety,1,0,None,ACCEPT
devign_1129,qemu,CWE-MemorySafety,1,0,None,ACCEPT
devign_1130,qemu,CWE-MemorySafety,1,0,None,ACCEPT
devign_1132,qemu,CWE-MemorySafety,1,0,None,ACCEPT
devign_1133,FFmpeg,CWE-MemorySafety,1,0,None,ACCEPT
devign_1134,qemu,CWE-MemorySafety,1,0,None,ACCEPT
devign_1135,FFmpeg,CWE-MemorySafety,1,0,None,ACCEPT
devign_1136,FFmpeg,CWE-MemorySafety,1,1,CWE-252: Unchecked Dynamic Allocation Return,REJECT
devign_1137,FFmpeg,CWE-MemorySafety,1,0,None,ACCEPT
devign_1138,FFmpeg,CWE-MemorySafety,1,1,CWE-252: Unchecked Dynamic Allocation Return,REJECT
devign_1139,qemu,CWE-MemorySafety,1,0,None,ACCEPT
devign_1141,qemu,CWE-MemorySafety,1,0,None,ACCEPT
devign_1143,qemu,CWE-MemorySafety,1,0,None,ACCEPT
devign_1144,FFmpeg,CWE-MemorySafety,1,0,None,ACCEPT
devign_1145,qemu,CWE-MemorySafety,1,0,None,ACCEPT
devign_1146,qemu,CWE-MemorySafety,1,0,None,ACCEPT
devign_1147,FFmpeg,CWE-MemorySafety,1,0,None,ACCEPT
devign_1149,qemu,CWE-MemorySafety,1,0,None,ACCEPT
devign_1150,qemu,CWE-MemorySafety,1,0,None,ACCEPT
devign_1151,qemu,CWE-MemorySafety,1,0,None,ACCEPT
devign_1152,FFmpeg,CWE-MemorySafety,1,0,None,ACCEPT
devign_1153,qemu,CWE-MemorySafety,1,0,None,ACCEPT
devign_1154,FFmpeg,CWE-MemorySafety,1,0,None,ACCEPT
devign_1155,FFmpeg,CWE-MemorySafety,1,0,None,ACCEPT
devign_1156,FFmpeg,CWE-MemorySafety,1,0,None,ACCEPT
devign_1157,FFmpeg,CWE-MemorySafety,0,0,None,ACCEPT
devign_1159,FFmpeg,CWE-MemorySafety,0,0,None,ACCEPT
devign_1160,FFmpeg,CWE-MemorySafety,0,0,None,ACCEPT
devign_1161,FFmpeg,CWE-MemorySafety,0,0,None,ACCEPT
devign_1162,FFmpeg,CWE-MemorySafety,0,1,CWE-252: Unchecked Dynamic Allocation Return,REJECT
devign_1163,FFmpeg,CWE-MemorySafety,0,0,None,ACCEPT
devign_1164,FFmpeg,CWE-MemorySafety,0,0,None,ACCEPT
devign_1166,FFmpeg,CWE-MemorySafety,1,0,None,ACCEPT
devign_1167,qemu,CWE-MemorySafety,1,0,None,ACCEPT
devign_1168,FFmpeg,CWE-MemorySafety,1,0,None,ACCEPT
devign_1170,FFmpeg,CWE-MemorySafety,0,0,None,ACCEPT
devign_1171,FFmpeg,CWE-MemorySafety,0,0,None,ACCEPT
devign_1172,FFmpeg,CWE-MemorySafety,0,0,None,ACCEPT
devign_1173,FFmpeg,CWE-MemorySafety,0,0,None,ACCEPT
devign_1176,FFmpeg,CWE-MemorySafety,0,1,CWE-252: Unchecked Dynamic Allocation Return,REJECT
devign_1177,FFmpeg,CWE-MemorySafety,0,0,None,ACCEPT
devign_1178,FFmpeg,CWE-MemorySafety,0,0,None,ACCEPT
devign_1179,FFmpeg,CWE-MemorySafety,1,0,None,ACCEPT
devign_1180,qemu,CWE-MemorySafety,1,0,None,ACCEPT
devign_1181,qemu,CWE-MemorySafety,1,0,None,ACCEPT
devign_1182,qemu,CWE-MemorySafety,1,0,None,ACCEPT
devign_1183,qemu,CWE-MemorySafety,1,0,None,ACCEPT
devign_1185,FFmpeg,CWE-MemorySafety,1,0,None,ACCEPT
devign_1186,qemu,CWE-MemorySafety,1,0,None,ACCEPT
devign_1187,FFmpeg,CWE-MemorySafety,1,0,None,ACCEPT
devign_1189,FFmpeg,CWE-MemorySafety,1,0,None,ACCEPT
devign_1190,FFmpeg,CWE-MemorySafety,1,0,None,ACCEPT
devign_1191,qemu,CWE-MemorySafety,1,0,None,ACCEPT
devign_1192,FFmpeg,CWE-MemorySafety,1,0,None,ACCEPT
devign_1193,qemu,CWE-MemorySafety,1,0,None,ACCEPT
devign_1194,qemu,CWE-MemorySafety,1,0,None,ACCEPT
devign_1195,FFmpeg,CWE-MemorySafety,1,0,None,ACCEPT
devign_1196,qemu,CWE-MemorySafety,1,0,None,ACCEPT
devign_1198,FFmpeg,CWE-MemorySafety,1,0,None,ACCEPT
devign_1199,FFmpeg,CWE-MemorySafety,1,0,None,ACCEPT
devign_1200,FFmpeg,CWE-MemorySafety,1,0,None,ACCEPT
devign_1202,FFmpeg,CWE-MemorySafety,1,0,None,ACCEPT
devign_1203,qemu,CWE-MemorySafety,0,0,None,ACCEPT
devign_1204,qemu,CWE-MemorySafety,0,0,None,ACCEPT
devign_1205,qemu,CWE-MemorySafety,0,0,None,ACCEPT
devign_1207,qemu,CWE-MemorySafety,0,0,None,ACCEPT
devign_1208,qemu,CWE-MemorySafety,0,0,None,ACCEPT
devign_1209,qemu,CWE-MemorySafety,0,0,None,ACCEPT
devign_1210,qemu,CWE-MemorySafety,0,0,None,ACCEPT
devign_1211,qemu,CWE-MemorySafety,0,0,None,ACCEPT
devign_1213,qemu,CWE-MemorySafety,0,0,None,ACCEPT
devign_1214,qemu,CWE-MemorySafety,0,0,None,ACCEPT
devign_1216,FFmpeg,CWE-MemorySafety,0,0,None,ACCEPT
devign_1217,qemu,CWE-MemorySafety,0,0,None,ACCEPT
devign_1218,qemu,CWE-MemorySafety,0,0,None,ACCEPT
devign_1219,qemu,CWE-MemorySafety,0,0,None,ACCEPT
devign_1220,qemu,CWE-MemorySafety,0,1,CWE-120: Unbounded String Operation,REJECT
devign_1221,qemu,CWE-MemorySafety,0,0,None,ACCEPT
devign_1222,qemu,CWE-MemorySafety,0,0,None,ACCEPT
devign_1223,qemu,CWE-MemorySafety,0,0,None,ACCEPT
devign_1225,FFmpeg,CWE-MemorySafety,1,0,None,ACCEPT
devign_1226,qemu,CWE-MemorySafety,1,0,None,ACCEPT
devign_1227,qemu,CWE-MemorySafety,1,0,None,ACCEPT
devign_1228,qemu,CWE-MemorySafety,1,0,None,ACCEPT
devign_1229,qemu,CWE-MemorySafety,1,0,None,ACCEPT
devign_1230,FFmpeg,CWE-MemorySafety,1,0,None,ACCEPT
devign_1231,FFmpeg,CWE-MemorySafety,1,0,None,ACCEPT
devign_1232,qemu,CWE-MemorySafety,1,0,None,ACCEPT
devign_1233,FFmpeg,CWE-MemorySafety,1,0,None,ACCEPT
devign_1234,qemu,CWE-MemorySafety,1,0,None,ACCEPT
devign_1235,FFmpeg,CWE-MemorySafety,1,0,None,ACCEPT
devign_1236,FFmpeg,CWE-MemorySafety,0,0,None,ACCEPT
devign_1237,FFmpeg,CWE-MemorySafety,0,0,None,ACCEPT
devign_1238,FFmpeg,CWE-MemorySafety,0,0,None,ACCEPT
devign_1239,FFmpeg,CWE-MemorySafety,0,0,None,ACCEPT
devign_1240,FFmpeg,CWE-MemorySafety,0,0,None,ACCEPT
devign_1241,FFmpeg,CWE-MemorySafety,1,0,None,ACCEPT
devign_1242,qemu,CWE-MemorySafety,1,0,None,ACCEPT
devign_1243,FFmpeg,CWE-MemorySafety,1,0,None,ACCEPT
devign_1244,FFmpeg,CWE-MemorySafety,1,0,None,ACCEPT
devign_1245,qemu,CWE-MemorySafety,1,0,None,ACCEPT
devign_1246,qemu,CWE-MemorySafety,1,0,None,ACCEPT
devign_1247,FFmpeg,CWE-MemorySafety,1,0,None,ACCEPT
devign_1249,qemu,CWE-MemorySafety,1,0,None,ACCEPT
devign_1250,FFmpeg,CWE-MemorySafety,0,0,None,ACCEPT
devign_1251,FFmpeg,CWE-MemorySafety,0,0,None,ACCEPT
devign_1252,FFmpeg,CWE-MemorySafety,0,0,None,ACCEPT
devign_1253,FFmpeg,CWE-MemorySafety,0,0,None,ACCEPT
devign_1254,FFmpeg,CWE-MemorySafety,0,1,CWE-252: Unchecked Dynamic Allocation Return,REJECT
devign_1256,qemu,CWE-MemorySafety,0,0,None,ACCEPT
devign_1257,qemu,CWE-MemorySafety,0,0,None,ACCEPT
devign_1258,qemu,CWE-MemorySafety,0,0,None,ACCEPT
devign_1259,qemu,CWE-MemorySafety,0,0,None,ACCEPT
devign_1260,FFmpeg,CWE-MemorySafety,0,0,None,ACCEPT
devign_1261,qemu,CWE-MemorySafety,0,0,None,ACCEPT
devign_1262,qemu,CWE-MemorySafety,0,0,None,ACCEPT
devign_1263,qemu,CWE-MemorySafety,0,0,None,ACCEPT
devign_1264,qemu,CWE-MemorySafety,0,0,None,ACCEPT
devign_1266,qemu,CWE-MemorySafety,0,0,None,ACCEPT
devign_1267,qemu,CWE-MemorySafety,0,0,None,ACCEPT
devign_1268,qemu,CWE-MemorySafety,0,0,None,ACCEPT
devign_1269,qemu,CWE-MemorySafety,0,0,None,ACCEPT
devign_1270,FFmpeg,CWE-MemorySafety,0,0,None,ACCEPT
devign_1271,qemu,CWE-MemorySafety,0,0,None,ACCEPT
devign_1272,qemu,CWE-MemorySafety,0,0,None,ACCEPT
devign_1273,qemu,CWE-MemorySafety,0,0,None,ACCEPT
devign_1274,qemu,CWE-MemorySafety,0,0,None,ACCEPT
devign_1275,qemu,CWE-MemorySafety,0,0,None,ACCEPT
devign_1276,qemu,CWE-MemorySafety,0,0,None,ACCEPT
devign_1277,qemu,CWE-MemorySafety,0,0,None,ACCEPT
devign_1278,qemu,CWE-MemorySafety,0,0,None,ACCEPT
devign_1279,qemu,CWE-MemorySafety,1,0,None,ACCEPT
devign_1280,qemu,CWE-MemorySafety,1,0,None,ACCEPT
devign_1281,qemu,CWE-MemorySafety,1,0,None,ACCEPT
devign_1282,qemu,CWE-MemorySafety,1,0,None,ACCEPT
devign_1283,FFmpeg,CWE-MemorySafety,0,0,None,ACCEPT
devign_1284,FFmpeg,CWE-MemorySafety,0,0,None,ACCEPT
devign_1285,FFmpeg,CWE-MemorySafety,0,0,None,ACCEPT
devign_1286,FFmpeg,CWE-MemorySafety,0,0,None,ACCEPT
devign_1287,FFmpeg,CWE-MemorySafety,0,0,None,ACCEPT
devign_1288,FFmpeg,CWE-MemorySafety,0,0,None,ACCEPT
devign_1289,FFmpeg,CWE-MemorySafety,0,0,None,ACCEPT
devign_1290,FFmpeg,CWE-MemorySafety,0,0,None,ACCEPT
devign_1291,qemu,CWE-MemorySafety,1,0,None,ACCEPT
devign_1292,FFmpeg,CWE-MemorySafety,1,1,CWE-252: Unchecked Dynamic Allocation Return,REJECT
devign_1293,qemu,CWE-MemorySafety,1,0,None,ACCEPT
devign_1294,FFmpeg,CWE-MemorySafety,1,0,None,ACCEPT
devign_1295,qemu,CWE-MemorySafety,1,0,None,ACCEPT
devign_1296,FFmpeg,CWE-MemorySafety,1,0,None,ACCEPT
devign_1297,qemu,CWE-MemorySafety,1,0,None,ACCEPT
devign_1298,FFmpeg,CWE-MemorySafety,1,0,None,ACCEPT
devign_1300,qemu,CWE-MemorySafety,1,0,None,ACCEPT
devign_1301,qemu,CWE-MemorySafety,1,0,None,ACCEPT
devign_1302,qemu,CWE-MemorySafety,1,0,None,ACCEPT
devign_1303,qemu,CWE-MemorySafety,1,0,None,ACCEPT
devign_1304,FFmpeg,CWE-MemorySafety,1,0,None,ACCEPT
devign_1305,FFmpeg,CWE-MemorySafety,1,0,None,ACCEPT
devign_1307,qemu,CWE-MemorySafety,0,0,None,ACCEPT
devign_1308,qemu,CWE-MemorySafety,0,0,None,ACCEPT
devign_1310,FFmpeg,CWE-MemorySafety,0,0,None,ACCEPT
devign_1311,qemu,CWE-MemorySafety,0,0,None,ACCEPT
devign_1312,qemu,CWE-MemorySafety,0,0,None,ACCEPT
devign_1313,qemu,CWE-MemorySafety,0,0,None,ACCEPT
devign_1315,qemu,CWE-MemorySafety,0,0,None,ACCEPT
devign_1316,qemu,CWE-MemorySafety,0,0,None,ACCEPT
devign_1317,qemu,CWE-MemorySafety,0,0,None,ACCEPT
devign_1318,FFmpeg,CWE-MemorySafety,0,0,None,ACCEPT
devign_1319,qemu,CWE-MemorySafety,0,0,None,ACCEPT
devign_1320,qemu,CWE-MemorySafety,0,0,None,ACCEPT
devign_1321,qemu,CWE-MemorySafety,0,0,None,ACCEPT
devign_1322,qemu,CWE-MemorySafety,0,0,None,ACCEPT
devign_1323,qemu,CWE-MemorySafety,0,0,None,ACCEPT
devign_1324,qemu,CWE-MemorySafety,0,0,None,ACCEPT
devign_1325,qemu,CWE-MemorySafety,0,0,None,ACCEPT
devign_1326,qemu,CWE-MemorySafety,0,0,None,ACCEPT
devign_1327,FFmpeg,CWE-MemorySafety,0,0,None,ACCEPT
devign_1328,FFmpeg,CWE-MemorySafety,0,0,None,ACCEPT
devign_1329,FFmpeg,CWE-MemorySafety,0,0,None,ACCEPT
devign_1332,FFmpeg,CWE-MemorySafety,1,0,None,ACCEPT
devign_1333,FFmpeg,CWE-MemorySafety,1,0,None,ACCEPT
devign_1335,qemu,CWE-MemorySafety,1,0,None,ACCEPT
devign_1336,FFmpeg,CWE-MemorySafety,1,1,CWE-252: Unchecked Dynamic Allocation Return,REJECT
devign_1337,qemu,CWE-MemorySafety,1,0,None,ACCEPT
devign_1339,qemu,CWE-MemorySafety,1,0,None,ACCEPT
devign_1341,FFmpeg,CWE-MemorySafety,1,0,None,ACCEPT
devign_1343,qemu,CWE-MemorySafety,1,0,None,ACCEPT
devign_1344,qemu,CWE-MemorySafety,1,0,None,ACCEPT
devign_1345,qemu,CWE-MemorySafety,1,0,None,ACCEPT
devign_1346,FFmpeg,CWE-MemorySafety,1,1,CWE-252: Unchecked Dynamic Allocation Return,REJECT
devign_1347,FFmpeg,CWE-MemorySafety,1,0,None,ACCEPT
devign_1348,FFmpeg,CWE-MemorySafety,1,0,None,ACCEPT
devign_1349,qemu,CWE-MemorySafety,1,0,None,ACCEPT
devign_1350,FFmpeg,CWE-MemorySafety,1,0,None,ACCEPT
devign_1351,FFmpeg,CWE-MemorySafety,0,0,None,ACCEPT
devign_1352,FFmpeg,CWE-MemorySafety,0,0,None,ACCEPT
devign_1353,FFmpeg,CWE-MemorySafety,0,1,CWE-252: Unchecked Dynamic Allocation Return,REJECT
devign_1354,FFmpeg,CWE-MemorySafety,0,0,None,ACCEPT
devign_1355,FFmpeg,CWE-MemorySafety,0,0,None,ACCEPT
devign_1356,FFmpeg,CWE-MemorySafety,0,0,None,ACCEPT
devign_1357,qemu,CWE-MemorySafety,1,0,None,ACCEPT
devign_1358,FFmpeg,CWE-MemorySafety,1,0,None,ACCEPT
devign_1359,FFmpeg,CWE-MemorySafety,1,0,None,ACCEPT
devign_1361,FFmpeg,CWE-MemorySafety,1,0,None,ACCEPT
devign_1362,FFmpeg,CWE-MemorySafety,0,0,None,ACCEPT
devign_1363,FFmpeg,CWE-MemorySafety,1,0,None,ACCEPT
devign_1364,qemu,CWE-MemorySafety,1,1,CWE-252: Unchecked Dynamic Allocation Return,REJECT
devign_1365,qemu,CWE-MemorySafety,1,0,None,ACCEPT
devign_1366,qemu,CWE-MemorySafety,1,0,None,ACCEPT
devign_1367,FFmpeg,CWE-MemorySafety,0,0,None,ACCEPT
devign_1369,qemu,CWE-MemorySafety,1,0,None,ACCEPT
devign_1370,qemu,CWE-MemorySafety,1,0,None,ACCEPT
devign_1371,qemu,CWE-MemorySafety,1,0,None,ACCEPT
devign_1372,FFmpeg,CWE-MemorySafety,1,0,None,ACCEPT
devign_1373,FFmpeg,CWE-MemorySafety,1,0,None,ACCEPT
devign_1374,FFmpeg,CWE-MemorySafety,0,0,None,ACCEPT
devign_1376,qemu,CWE-MemorySafety,0,0,None,ACCEPT
devign_1377,qemu,CWE-MemorySafety,0,0,None,ACCEPT
devign_1379,qemu,CWE-MemorySafety,0,0,None,ACCEPT
devign_1380,qemu,CWE-MemorySafety,0,0,None,ACCEPT
devign_1381,qemu,CWE-MemorySafety,0,0,None,ACCEPT
devign_1382,qemu,CWE-MemorySafety,0,0,None,ACCEPT
devign_1384,FFmpeg,CWE-MemorySafety,0,0,None,ACCEPT
devign_1385,qemu,CWE-MemorySafety,0,0,None,ACCEPT
devign_1386,qemu,CWE-MemorySafety,0,0,None,ACCEPT
devign_1388,qemu,CWE-MemorySafety,0,0,None,ACCEPT
devign_1389,qemu,CWE-MemorySafety,0,0,None,ACCEPT
devign_1390,qemu,CWE-MemorySafety,0,0,None,ACCEPT
devign_1391,qemu,CWE-MemorySafety,0,0,None,ACCEPT
devign_1392,qemu,CWE-MemorySafety,0,0,None,ACCEPT
devign_1394,qemu,CWE-MemorySafety,0,0,None,ACCEPT
devign_1395,qemu,CWE-MemorySafety,0,0,None,ACCEPT
devign_1396,qemu,CWE-MemorySafety,0,0,None,ACCEPT
devign_1397,qemu,CWE-MemorySafety,0,0,None,ACCEPT
devign_1398,FFmpeg,CWE-MemorySafety,0,0,None,ACCEPT
devign_1399,FFmpeg,CWE-MemorySafety,0,0,None,ACCEPT
devign_1400,FFmpeg,CWE-MemorySafety,0,0,None,ACCEPT
devign_1401,FFmpeg,CWE-MemorySafety,0,0,None,ACCEPT
devign_1402,qemu,CWE-MemorySafety,1,0,None,ACCEPT
devign_1403,FFmpeg,CWE-MemorySafety,1,0,None,ACCEPT
devign_1405,FFmpeg,CWE-MemorySafety,1,0,None,ACCEPT
devign_1406,FFmpeg,CWE-MemorySafety,1,0,None,ACCEPT
devign_1407,qemu,CWE-MemorySafety,1,0,None,ACCEPT
devign_1408,qemu,CWE-MemorySafety,1,0,None,ACCEPT
devign_1409,FFmpeg,CWE-MemorySafety,1,0,None,ACCEPT
devign_1410,FFmpeg,CWE-MemorySafety,1,0,None,ACCEPT
devign_1411,FFmpeg,CWE-MemorySafety,1,0,None,ACCEPT
devign_1412,FFmpeg,CWE-MemorySafety,1,0,None,ACCEPT
devign_1413,FFmpeg,CWE-MemorySafety,1,0,None,ACCEPT
devign_1414,qemu,CWE-MemorySafety,1,0,None,ACCEPT
devign_1415,FFmpeg,CWE-MemorySafety,1,0,None,ACCEPT
devign_1416,FFmpeg,CWE-MemorySafety,1,0,None,ACCEPT
devign_1417,qemu,CWE-MemorySafety,1,0,None,ACCEPT
devign_1419,FFmpeg,CWE-MemorySafety,1,0,None,ACCEPT
devign_1420,FFmpeg,CWE-MemorySafety,1,0,None,ACCEPT
devign_1421,qemu,CWE-MemorySafety,1,0,None,ACCEPT
devign_1422,qemu,CWE-MemorySafety,1,0,None,ACCEPT
devign_1423,qemu,CWE-MemorySafety,1,0,None,ACCEPT
devign_1424,FFmpeg,CWE-MemorySafety,0,0,None,ACCEPT
devign_1425,qemu,CWE-MemorySafety,1,0,None,ACCEPT
devign_1426,qemu,CWE-MemorySafety,1,0,None,ACCEPT
devign_1427,qemu,CWE-MemorySafety,1,1,CWE-252: Unchecked Dynamic Allocation Return,REJECT
devign_1428,qemu,CWE-MemorySafety,1,0,None,ACCEPT
devign_1430,qemu,CWE-MemorySafety,1,0,None,ACCEPT
devign_1431,qemu,CWE-MemorySafety,0,1,CWE-120: Unbounded String Operation,REJECT
devign_1432,qemu,CWE-MemorySafety,0,0,None,ACCEPT
devign_1434,qemu,CWE-MemorySafety,0,0,None,ACCEPT
devign_1435,qemu,CWE-MemorySafety,0,0,None,ACCEPT
devign_1436,qemu,CWE-MemorySafety,0,0,None,ACCEPT
devign_1437,FFmpeg,CWE-MemorySafety,0,0,None,ACCEPT
devign_1441,qemu,CWE-MemorySafety,0,0,None,ACCEPT
devign_1442,qemu,CWE-MemorySafety,0,0,None,ACCEPT
devign_1443,qemu,CWE-MemorySafety,0,0,None,ACCEPT
devign_1444,qemu,CWE-MemorySafety,0,0,None,ACCEPT
devign_1445,qemu,CWE-MemorySafety,0,0,None,ACCEPT
devign_1446,qemu,CWE-MemorySafety,0,0,None,ACCEPT
devign_1447,FFmpeg,CWE-MemorySafety,0,0,None,ACCEPT
devign_1448,qemu,CWE-MemorySafety,0,0,None,ACCEPT
devign_1450,qemu,CWE-MemorySafety,0,0,None,ACCEPT
devign_1451,qemu,CWE-MemorySafety,0,0,None,ACCEPT
devign_1452,qemu,CWE-MemorySafety,0,0,None,ACCEPT
devign_1454,qemu,CWE-MemorySafety,1,0,None,ACCEPT
devign_1455,FFmpeg,CWE-MemorySafety,1,0,None,ACCEPT
devign_1456,FFmpeg,CWE-MemorySafety,1,0,None,ACCEPT
devign_1458,qemu,CWE-MemorySafety,1,0,None,ACCEPT
devign_1459,FFmpeg,CWE-MemorySafety,1,0,None,ACCEPT
devign_1460,qemu,CWE-MemorySafety,1,0,None,ACCEPT
devign_1462,qemu,CWE-MemorySafety,1,0,None,ACCEPT
devign_1463,FFmpeg,CWE-MemorySafety,0,0,None,ACCEPT
devign_1464,FFmpeg,CWE-MemorySafety,0,0,None,ACCEPT
devign_1465,FFmpeg,CWE-MemorySafety,0,0,None,ACCEPT
devign_1466,qemu,CWE-MemorySafety,1,0,None,ACCEPT
devign_1467,qemu,CWE-MemorySafety,1,0,None,ACCEPT
devign_1470,FFmpeg,CWE-MemorySafety,1,1,CWE-252: Unchecked Dynamic Allocation Return,REJECT
devign_1471,FFmpeg,CWE-MemorySafety,1,0,None,ACCEPT
devign_1472,qemu,CWE-MemorySafety,1,0,None,ACCEPT
devign_1473,FFmpeg,CWE-MemorySafety,1,0,None,ACCEPT
devign_1474,qemu,CWE-MemorySafety,1,0,None,ACCEPT
devign_1475,FFmpeg,CWE-MemorySafety,1,1,CWE-252: Unchecked Dynamic Allocation Return,REJECT
devign_1476,qemu,CWE-MemorySafety,1,0,None,ACCEPT
devign_1477,qemu,CWE-MemorySafety,1,0,None,ACCEPT
devign_1478,FFmpeg,CWE-MemorySafety,1,0,None,ACCEPT
devign_1479,FFmpeg,CWE-MemorySafety,1,0,None,ACCEPT
devign_1481,FFmpeg,CWE-MemorySafety,0,0,None,ACCEPT
devign_1482,FFmpeg,CWE-MemorySafety,0,0,None,ACCEPT
devign_1484,FFmpeg,CWE-MemorySafety,1,0,None,ACCEPT
devign_1485,FFmpeg,CWE-MemorySafety,1,0,None,ACCEPT
devign_1487,qemu,CWE-MemorySafety,1,0,None,ACCEPT
devign_1488,FFmpeg,CWE-MemorySafety,1,0,None,ACCEPT
devign_1489,FFmpeg,CWE-MemorySafety,1,0,None,ACCEPT
devign_1490,qemu,CWE-MemorySafety,1,0,None,ACCEPT
devign_1493,qemu,CWE-MemorySafety,1,0,None,ACCEPT
devign_1494,FFmpeg,CWE-MemorySafety,1,0,None,ACCEPT
devign_1496,qemu,CWE-MemorySafety,1,0,None,ACCEPT
devign_1498,FFmpeg,CWE-MemorySafety,1,1,CWE-252: Unchecked Dynamic Allocation Return,REJECT
devign_1499,FFmpeg,CWE-MemorySafety,0,0,None,ACCEPT
devign_1500,FFmpeg,CWE-MemorySafety,0,0,None,ACCEPT
devign_1501,FFmpeg,CWE-MemorySafety,0,0,None,ACCEPT
devign_1502,FFmpeg,CWE-MemorySafety,0,0,None,ACCEPT
devign_1503,qemu,CWE-MemorySafety,0,0,None,ACCEPT
devign_1505,qemu,CWE-MemorySafety,0,0,None,ACCEPT
devign_1506,FFmpeg,CWE-MemorySafety,0,0,None,ACCEPT
devign_1507,qemu,CWE-MemorySafety,0,0,None,ACCEPT
devign_1508,qemu,CWE-MemorySafety,0,0,None,ACCEPT
devign_1509,qemu,CWE-MemorySafety,0,0,None,ACCEPT
devign_1510,qemu,CWE-MemorySafety,0,0,None,ACCEPT
devign_1511,qemu,CWE-MemorySafety,0,0,None,ACCEPT
devign_1512,qemu,CWE-MemorySafety,0,0,None,ACCEPT
devign_1513,qemu,CWE-MemorySafety,0,0,None,ACCEPT
devign_1514,qemu,CWE-MemorySafety,0,0,None,ACCEPT
devign_1515,qemu,CWE-MemorySafety,0,0,None,ACCEPT
devign_1516,FFmpeg,CWE-MemorySafety,0,1,CWE-252: Unchecked Dynamic Allocation Return,REJECT
devign_1518,qemu,CWE-MemorySafety,0,0,None,ACCEPT
devign_1519,qemu,CWE-MemorySafety,0,0,None,ACCEPT
devign_1520,qemu,CWE-MemorySafety,0,0,None,ACCEPT
devign_1522,qemu,CWE-MemorySafety,1,0,None,ACCEPT
devign_1523,qemu,CWE-MemorySafety,1,0,None,ACCEPT
devign_1524,qemu,CWE-MemorySafety,1,0,None,ACCEPT
devign_1525,FFmpeg,CWE-MemorySafety,1,0,None,ACCEPT
devign_1526,qemu,CWE-MemorySafety,1,0,None,ACCEPT
devign_1527,FFmpeg,CWE-MemorySafety,1,0,None,ACCEPT
devign_1528,qemu,CWE-MemorySafety,1,0,None,ACCEPT
devign_1529,FFmpeg,CWE-MemorySafety,1,0,None,ACCEPT
devign_1530,qemu,CWE-MemorySafety,1,0,None,ACCEPT
devign_1531,FFmpeg,CWE-MemorySafety,0,0,None,ACCEPT
devign_1532,FFmpeg,CWE-MemorySafety,0,0,None,ACCEPT
devign_1533,FFmpeg,CWE-MemorySafety,0,0,None,ACCEPT
devign_1536,FFmpeg,CWE-MemorySafety,1,0,None,ACCEPT
devign_1537,FFmpeg,CWE-MemorySafety,1,1,CWE-252: Unchecked Dynamic Allocation Return,REJECT
devign_1538,qemu,CWE-MemorySafety,1,0,None,ACCEPT
devign_1539,qemu,CWE-MemorySafety,1,0,None,ACCEPT
devign_1540,qemu,CWE-MemorySafety,1,0,None,ACCEPT
devign_1541,qemu,CWE-MemorySafety,1,0,None,ACCEPT
devign_1542,FFmpeg,CWE-MemorySafety,1,1,CWE-252: Unchecked Dynamic Allocation Return,REJECT
devign_1543,FFmpeg,CWE-MemorySafety,1,0,None,ACCEPT
devign_1544,qemu,CWE-MemorySafety,1,0,None,ACCEPT
devign_1545,FFmpeg,CWE-MemorySafety,0,0,None,ACCEPT
devign_1546,FFmpeg,CWE-MemorySafety,0,0,None,ACCEPT
devign_1549,qemu,CWE-MemorySafety,0,0,None,ACCEPT
devign_1550,qemu,CWE-MemorySafety,0,1,CWE-252: Unchecked Dynamic Allocation Return,REJECT
devign_1552,qemu,CWE-MemorySafety,0,0,None,ACCEPT
devign_1553,FFmpeg,CWE-MemorySafety,0,0,None,ACCEPT
devign_1554,qemu,CWE-MemorySafety,0,0,None,ACCEPT
devign_1555,qemu,CWE-MemorySafety,0,0,None,ACCEPT
devign_1558,qemu,CWE-MemorySafety,0,0,None,ACCEPT
devign_1559,qemu,CWE-MemorySafety,0,0,None,ACCEPT
devign_1560,qemu,CWE-MemorySafety,0,0,None,ACCEPT
devign_1561,FFmpeg,CWE-MemorySafety,0,1,CWE-252: Unchecked Dynamic Allocation Return,REJECT
devign_1562,qemu,CWE-MemorySafety,0,0,None,ACCEPT
devign_1563,qemu,CWE-MemorySafety,0,0,None,ACCEPT
devign_1565,qemu,CWE-MemorySafety,0,0,None,ACCEPT
devign_1566,qemu,CWE-MemorySafety,0,0,None,ACCEPT
devign_1567,qemu,CWE-MemorySafety,0,0,None,ACCEPT
devign_1568,FFmpeg,CWE-MemorySafety,0,0,None,ACCEPT
devign_1570,qemu,CWE-MemorySafety,0,0,None,ACCEPT
devign_1572,qemu,CWE-MemorySafety,0,0,None,ACCEPT
devign_1573,qemu,CWE-MemorySafety,0,0,None,ACCEPT
devign_1574,qemu,CWE-MemorySafety,0,0,None,ACCEPT
devign_1575,qemu,CWE-MemorySafety,0,0,None,ACCEPT
devign_1576,qemu,CWE-MemorySafety,0,0,None,ACCEPT
devign_1577,FFmpeg,CWE-MemorySafety,1,0,None,ACCEPT
devign_1578,qemu,CWE-MemorySafety,1,0,None,ACCEPT
devign_1580,FFmpeg,CWE-MemorySafety,1,0,None,ACCEPT
devign_1581,FFmpeg,CWE-MemorySafety,1,0,None,ACCEPT
devign_1583,qemu,CWE-MemorySafety,1,0,None,ACCEPT
devign_1584,qemu,CWE-MemorySafety,1,0,None,ACCEPT
devign_1585,FFmpeg,CWE-MemorySafety,1,0,None,ACCEPT
devign_1586,FFmpeg,CWE-MemorySafety,1,0,None,ACCEPT
devign_1587,qemu,CWE-MemorySafety,1,0,None,ACCEPT
devign_1588,qemu,CWE-MemorySafety,1,0,None,ACCEPT
devign_1589,FFmpeg,CWE-MemorySafety,1,0,None,ACCEPT
devign_1590,FFmpeg,CWE-MemorySafety,1,0,None,ACCEPT
devign_1591,qemu,CWE-MemorySafety,1,0,None,ACCEPT
devign_1592,FFmpeg,CWE-MemorySafety,1,0,None,ACCEPT
devign_1593,qemu,CWE-MemorySafety,1,0,None,ACCEPT
devign_1595,FFmpeg,CWE-MemorySafety,0,0,None,ACCEPT
devign_1596,qemu,CWE-MemorySafety,1,0,None,ACCEPT
devign_1597,qemu,CWE-MemorySafety,1,0,None,ACCEPT
devign_1598,qemu,CWE-MemorySafety,1,1,CWE-252: Unchecked Dynamic Allocation Return,REJECT
devign_1599,FFmpeg,CWE-MemorySafety,1,0,None,ACCEPT
devign_1600,qemu,CWE-MemorySafety,1,0,None,ACCEPT
devign_1601,qemu,CWE-MemorySafety,1,0,None,ACCEPT
devign_1602,qemu,CWE-MemorySafety,1,0,None,ACCEPT
devign_1603,qemu,CWE-MemorySafety,1,0,None,ACCEPT
devign_1604,qemu,CWE-MemorySafety,1,1,CWE-252: Unchecked Dynamic Allocation Return,REJECT
devign_1605,FFmpeg,CWE-MemorySafety,0,0,None,ACCEPT
devign_1606,FFmpeg,CWE-MemorySafety,0,0,None,ACCEPT
devign_1607,FFmpeg,CWE-MemorySafety,1,0,None,ACCEPT
devign_1608,qemu,CWE-MemorySafety,1,0,None,ACCEPT
devign_1609,FFmpeg,CWE-MemorySafety,1,0,None,ACCEPT
devign_1610,FFmpeg,CWE-MemorySafety,1,0,None,ACCEPT
devign_1611,FFmpeg,CWE-MemorySafety,1,0,None,ACCEPT
devign_1612,FFmpeg,CWE-MemorySafety,0,0,None,ACCEPT
devign_1614,qemu,CWE-MemorySafety,1,0,None,ACCEPT
devign_1615,qemu,CWE-MemorySafety,1,1,CWE-252: Unchecked Dynamic Allocation Return,REJECT
devign_1616,qemu,CWE-MemorySafety,0,0,None,ACCEPT
devign_1617,qemu,CWE-MemorySafety,0,0,None,ACCEPT
devign_1619,qemu,CWE-MemorySafety,0,0,None,ACCEPT
devign_1620,qemu,CWE-MemorySafety,0,0,None,ACCEPT
devign_1621,qemu,CWE-MemorySafety,0,0,None,ACCEPT
devign_1622,qemu,CWE-MemorySafety,0,0,None,ACCEPT
devign_1623,qemu,CWE-MemorySafety,0,0,None,ACCEPT
devign_1624,FFmpeg,CWE-MemorySafety,0,0,None,ACCEPT
devign_1625,FFmpeg,CWE-MemorySafety,0,0,None,ACCEPT
devign_1626,qemu,CWE-MemorySafety,0,0,None,ACCEPT
devign_1627,qemu,CWE-MemorySafety,0,0,None,ACCEPT
devign_1628,qemu,CWE-MemorySafety,0,0,None,ACCEPT
devign_1629,qemu,CWE-MemorySafety,0,0,None,ACCEPT
devign_1630,qemu,CWE-MemorySafety,0,0,None,ACCEPT
devign_1631,qemu,CWE-MemorySafety,0,0,None,ACCEPT
devign_1632,qemu,CWE-MemorySafety,0,0,None,ACCEPT
devign_1634,qemu,CWE-MemorySafety,1,0,None,ACCEPT
devign_1635,FFmpeg,CWE-MemorySafety,1,0,None,ACCEPT
devign_1636,qemu,CWE-MemorySafety,1,0,None,ACCEPT
devign_1637,qemu,CWE-MemorySafety,1,0,None,ACCEPT
devign_1638,FFmpeg,CWE-MemorySafety,1,0,None,ACCEPT
devign_1639,qemu,CWE-MemorySafety,1,0,None,ACCEPT
devign_1640,FFmpeg,CWE-MemorySafety,1,0,None,ACCEPT
devign_1641,FFmpeg,CWE-MemorySafety,1,0,None,ACCEPT
devign_1642,qemu,CWE-MemorySafety,1,0,None,ACCEPT
devign_1643,qemu,CWE-MemorySafety,1,0,None,ACCEPT
devign_1644,FFmpeg,CWE-MemorySafety,0,0,None,ACCEPT
devign_1645,FFmpeg,CWE-MemorySafety,0,0,None,ACCEPT
devign_1646,qemu,CWE-MemorySafety,1,0,None,ACCEPT
devign_1647,FFmpeg,CWE-MemorySafety,1,0,None,ACCEPT
devign_1648,qemu,CWE-MemorySafety,1,0,None,ACCEPT
devign_1649,FFmpeg,CWE-MemorySafety,0,0,None,ACCEPT
devign_1650,FFmpeg,CWE-MemorySafety,0,0,None,ACCEPT
devign_1651,qemu,CWE-MemorySafety,1,0,None,ACCEPT
devign_1653,FFmpeg,CWE-MemorySafety,1,1,CWE-252: Unchecked Dynamic Allocation Return,REJECT
devign_1655,FFmpeg,CWE-MemorySafety,1,0,None,ACCEPT
devign_1658,FFmpeg,CWE-MemorySafety,1,0,None,ACCEPT
devign_1659,FFmpeg,CWE-MemorySafety,1,0,None,ACCEPT
devign_1660,qemu,CWE-MemorySafety,1,0,None,ACCEPT
devign_1661,qemu,CWE-MemorySafety,1,0,None,ACCEPT
devign_1662,qemu,CWE-MemorySafety,1,0,None,ACCEPT
devign_1663,FFmpeg,CWE-MemorySafety,1,0,None,ACCEPT
devign_1664,qemu,CWE-MemorySafety,1,0,None,ACCEPT
devign_1665,qemu,CWE-MemorySafety,0,0,None,ACCEPT
devign_1666,qemu,CWE-MemorySafety,0,0,None,ACCEPT
devign_1667,qemu,CWE-MemorySafety,0,0,None,ACCEPT
devign_1668,qemu,CWE-MemorySafety,0,0,None,ACCEPT
devign_1669,FFmpeg,CWE-MemorySafety,0,0,None,ACCEPT
devign_1670,qemu,CWE-MemorySafety,0,0,None,ACCEPT
devign_1671,qemu,CWE-MemorySafety,0,0,None,ACCEPT
devign_1672,qemu,CWE-MemorySafety,0,0,None,ACCEPT
devign_1674,qemu,CWE-MemorySafety,0,0,None,ACCEPT
devign_1675,qemu,CWE-MemorySafety,0,0,None,ACCEPT
devign_1676,qemu,CWE-MemorySafety,0,0,None,ACCEPT
devign_1677,qemu,CWE-MemorySafety,0,0,None,ACCEPT
devign_1678,qemu,CWE-MemorySafety,0,0,None,ACCEPT
devign_1679,qemu,CWE-MemorySafety,0,0,None,ACCEPT
devign_1680,qemu,CWE-MemorySafety,0,0,None,ACCEPT
devign_1681,qemu,CWE-MemorySafety,0,0,None,ACCEPT
devign_1682,qemu,CWE-MemorySafety,0,0,None,ACCEPT
devign_1683,qemu,CWE-MemorySafety,0,0,None,ACCEPT
devign_1684,qemu,CWE-MemorySafety,0,0,None,ACCEPT
devign_1685,qemu,CWE-MemorySafety,0,0,None,ACCEPT
devign_1686,qemu,CWE-MemorySafety,0,0,None,ACCEPT
devign_1687,FFmpeg,CWE-MemorySafety,0,0,None,ACCEPT
devign_1688,FFmpeg,CWE-MemorySafety,0,0,None,ACCEPT
devign_1689,qemu,CWE-MemorySafety,0,0,None,ACCEPT
devign_1690,qemu,CWE-MemorySafety,0,0,None,ACCEPT
devign_1691,qemu,CWE-MemorySafety,0,0,None,ACCEPT
devign_1693,qemu,CWE-MemorySafety,0,0,None,ACCEPT
devign_1695,qemu,CWE-MemorySafety,0,0,None,ACCEPT
devign_1698,qemu,CWE-MemorySafety,0,0,None,ACCEPT
devign_1700,qemu,CWE-MemorySafety,0,0,None,ACCEPT
devign_1701,qemu,CWE-MemorySafety,0,0,None,ACCEPT
devign_1702,qemu,CWE-MemorySafety,0,0,None,ACCEPT
devign_1703,qemu,CWE-MemorySafety,0,0,None,ACCEPT
devign_1704,qemu,CWE-MemorySafety,0,0,None,ACCEPT
devign_1705,qemu,CWE-MemorySafety,0,0,None,ACCEPT
devign_1706,qemu,CWE-MemorySafety,0,1,CWE-252: Unchecked Dynamic Allocation Return,REJECT
devign_1707,qemu,CWE-MemorySafety,0,0,None,ACCEPT
devign_1708,qemu,CWE-MemorySafety,0,0,None,ACCEPT
devign_1709,qemu,CWE-MemorySafety,0,0,None,ACCEPT
devign_1710,FFmpeg,CWE-MemorySafety,0,0,None,ACCEPT
devign_1711,FFmpeg,CWE-MemorySafety,0,0,None,ACCEPT
devign_1712,FFmpeg,CWE-MemorySafety,0,0,None,ACCEPT
devign_1713,FFmpeg,CWE-MemorySafety,0,0,None,ACCEPT
devign_1714,qemu,CWE-MemorySafety,1,0,None,ACCEPT
devign_1716,qemu,CWE-MemorySafety,1,0,None,ACCEPT
devign_1718,qemu,CWE-MemorySafety,1,0,None,ACCEPT
devign_1721,qemu,CWE-MemorySafety,1,0,None,ACCEPT
devign_1723,FFmpeg,CWE-MemorySafety,1,0,None,ACCEPT
devign_1724,qemu,CWE-MemorySafety,1,0,None,ACCEPT
devign_1726,FFmpeg,CWE-MemorySafety,0,0,None,ACCEPT
devign_1727,FFmpeg,CWE-MemorySafety,0,0,None,ACCEPT
devign_1728,FFmpeg,CWE-MemorySafety,0,0,None,ACCEPT
devign_1729,FFmpeg,CWE-MemorySafety,0,0,None,ACCEPT
devign_1730,FFmpeg,CWE-MemorySafety,1,1,CWE-252: Unchecked Dynamic Allocation Return,REJECT
devign_1731,qemu,CWE-MemorySafety,1,0,None,ACCEPT
devign_1732,qemu,CWE-MemorySafety,1,0,None,ACCEPT
devign_1733,FFmpeg,CWE-MemorySafety,1,0,None,ACCEPT
devign_1735,qemu,CWE-MemorySafety,1,0,None,ACCEPT
devign_1736,qemu,CWE-MemorySafety,1,0,None,ACCEPT
devign_1737,FFmpeg,CWE-MemorySafety,0,0,None,ACCEPT
devign_1738,FFmpeg,CWE-MemorySafety,0,0,None,ACCEPT
devign_1739,qemu,CWE-MemorySafety,1,0,None,ACCEPT
devign_1740,qemu,CWE-MemorySafety,1,0,None,ACCEPT
devign_1742,qemu,CWE-MemorySafety,1,0,None,ACCEPT
devign_1745,FFmpeg,CWE-MemorySafety,1,0,None,ACCEPT
devign_1747,FFmpeg,CWE-MemorySafety,1,0,None,ACCEPT
devign_1748,FFmpeg,CWE-MemorySafety,1,0,None,ACCEPT
devign_1749,qemu,CWE-MemorySafety,1,0,None,ACCEPT
devign_1750,qemu,CWE-MemorySafety,1,0,None,ACCEPT
devign_1751,qemu,CWE-MemorySafety,1,0,None,ACCEPT
devign_1753,qemu,CWE-MemorySafety,1,0,None,ACCEPT
devign_1754,qemu,CWE-MemorySafety,1,0,None,ACCEPT
devign_1755,qemu,CWE-MemorySafety,1,1,CWE-252: Unchecked Dynamic Allocation Return,REJECT
devign_1756,FFmpeg,CWE-MemorySafety,1,0,None,ACCEPT
devign_1757,qemu,CWE-MemorySafety,1,0,None,ACCEPT
devign_1758,qemu,CWE-MemorySafety,1,0,None,ACCEPT
devign_1760,qemu,CWE-MemorySafety,1,0,None,ACCEPT
devign_1762,qemu,CWE-MemorySafety,1,0,None,ACCEPT
devign_1763,qemu,CWE-MemorySafety,1,0,None,ACCEPT
devign_1764,qemu,CWE-MemorySafety,1,1,CWE-120: Unbounded String Operation,REJECT
devign_1765,FFmpeg,CWE-MemorySafety,0,0,None,ACCEPT
devign_1767,FFmpeg,CWE-MemorySafety,0,0,None,ACCEPT
devign_1768,qemu,CWE-MemorySafety,0,0,None,ACCEPT
devign_1769,qemu,CWE-MemorySafety,0,0,None,ACCEPT
devign_1770,qemu,CWE-MemorySafety,0,0,None,ACCEPT
devign_1772,FFmpeg,CWE-MemorySafety,0,0,None,ACCEPT
devign_1773,qemu,CWE-MemorySafety,0,0,None,ACCEPT
devign_1774,qemu,CWE-MemorySafety,0,0,None,ACCEPT
devign_1775,qemu,CWE-MemorySafety,0,0,None,ACCEPT
devign_1776,qemu,CWE-MemorySafety,0,0,None,ACCEPT
devign_1777,qemu,CWE-MemorySafety,0,0,None,ACCEPT
devign_1778,qemu,CWE-MemorySafety,0,0,None,ACCEPT
devign_1780,qemu,CWE-MemorySafety,0,0,None,ACCEPT
devign_1783,FFmpeg,CWE-MemorySafety,0,0,None,ACCEPT
devign_1784,FFmpeg,CWE-MemorySafety,0,0,None,ACCEPT
devign_1785,qemu,CWE-MemorySafety,0,0,None,ACCEPT
devign_1786,qemu,CWE-MemorySafety,0,0,None,ACCEPT
devign_1787,qemu,CWE-MemorySafety,0,0,None,ACCEPT
devign_1788,qemu,CWE-MemorySafety,0,0,None,ACCEPT
devign_1790,qemu,CWE-MemorySafety,0,0,None,ACCEPT
devign_1791,qemu,CWE-MemorySafety,0,0,None,ACCEPT
devign_1792,qemu,CWE-MemorySafety,0,0,None,ACCEPT
devign_1794,qemu,CWE-MemorySafety,0,0,None,ACCEPT
devign_1795,qemu,CWE-MemorySafety,0,0,None,ACCEPT
devign_1796,qemu,CWE-MemorySafety,0,0,None,ACCEPT
devign_1797,qemu,CWE-MemorySafety,0,0,None,ACCEPT
devign_1798,qemu,CWE-MemorySafety,0,0,None,ACCEPT
devign_1799,FFmpeg,CWE-MemorySafety,0,0,None,ACCEPT
devign_1800,FFmpeg,CWE-MemorySafety,0,0,None,ACCEPT
devign_1801,FFmpeg,CWE-MemorySafety,0,0,None,ACCEPT
devign_1803,FFmpeg,CWE-MemorySafety,0,0,None,ACCEPT
devign_1804,FFmpeg,CWE-MemorySafety,0,0,None,ACCEPT
devign_1805,FFmpeg,CWE-MemorySafety,0,0,None,ACCEPT
devign_1806,qemu,CWE-MemorySafety,1,0,None,ACCEPT
devign_1807,FFmpeg,CWE-MemorySafety,1,0,None,ACCEPT
devign_1808,qemu,CWE-MemorySafety,1,0,None,ACCEPT
devign_1809,qemu,CWE-MemorySafety,1,0,None,ACCEPT
devign_1810,FFmpeg,CWE-MemorySafety,0,0,None,ACCEPT
devign_1811,FFmpeg,CWE-MemorySafety,0,0,None,ACCEPT
devign_1812,FFmpeg,CWE-MemorySafety,1,0,None,ACCEPT
devign_1813,qemu,CWE-MemorySafety,1,0,None,ACCEPT
devign_1815,qemu,CWE-MemorySafety,1,0,None,ACCEPT
devign_1817,qemu,CWE-MemorySafety,1,0,None,ACCEPT
devign_1818,qemu,CWE-MemorySafety,1,0,None,ACCEPT
devign_1819,FFmpeg,CWE-MemorySafety,1,0,None,ACCEPT
devign_1820,FFmpeg,CWE-MemorySafety,1,0,None,ACCEPT
devign_1821,qemu,CWE-MemorySafety,1,0,None,ACCEPT
devign_1822,FFmpeg,CWE-MemorySafety,1,0,None,ACCEPT
devign_1823,qemu,CWE-MemorySafety,1,0,None,ACCEPT
devign_1825,qemu,CWE-MemorySafety,1,0,None,ACCEPT
devign_1826,qemu,CWE-MemorySafety,1,1,CWE-120: Unbounded String Operation | CWE-252: Unchecked Dynamic Allocation Return,REJECT
devign_1827,FFmpeg,CWE-MemorySafety,1,0,None,ACCEPT
devign_1828,FFmpeg,CWE-MemorySafety,0,0,None,ACCEPT
devign_1829,FFmpeg,CWE-MemorySafety,0,0,None,ACCEPT
devign_1830,FFmpeg,CWE-MemorySafety,1,0,None,ACCEPT
devign_1831,FFmpeg,CWE-MemorySafety,1,1,CWE-252: Unchecked Dynamic Allocation Return,REJECT
devign_1832,qemu,CWE-MemorySafety,1,0,None,ACCEPT
devign_1833,FFmpeg,CWE-MemorySafety,1,0,None,ACCEPT
devign_1834,qemu,CWE-MemorySafety,1,0,None,ACCEPT
devign_1835,qemu,CWE-MemorySafety,1,0,None,ACCEPT
devign_1836,FFmpeg,CWE-MemorySafety,1,0,None,ACCEPT
devign_1837,qemu,CWE-MemorySafety,1,0,None,ACCEPT
devign_1839,qemu,CWE-MemorySafety,1,0,None,ACCEPT
devign_1840,qemu,CWE-MemorySafety,1,0,None,ACCEPT
devign_1841,qemu,CWE-MemorySafety,1,0,None,ACCEPT
devign_1842,qemu,CWE-MemorySafety,1,1,CWE-252: Unchecked Dynamic Allocation Return,REJECT
devign_1843,qemu,CWE-MemorySafety,1,0,None,ACCEPT
devign_1844,FFmpeg,CWE-MemorySafety,0,0,None,ACCEPT
devign_1845,FFmpeg,CWE-MemorySafety,0,0,None,ACCEPT
devign_1847,qemu,CWE-MemorySafety,1,0,None,ACCEPT
devign_1849,qemu,CWE-MemorySafety,1,1,CWE-252: Unchecked Dynamic Allocation Return,REJECT
devign_1850,FFmpeg,CWE-MemorySafety,1,0,None,ACCEPT
devign_1851,FFmpeg,CWE-MemorySafety,1,0,None,ACCEPT
devign_1852,qemu,CWE-MemorySafety,1,0,None,ACCEPT
devign_1853,qemu,CWE-MemorySafety,1,0,None,ACCEPT
devign_1854,FFmpeg,CWE-MemorySafety,1,0,None,ACCEPT
devign_1855,qemu,CWE-MemorySafety,1,0,None,ACCEPT
devign_1857,qemu,CWE-MemorySafety,0,0,None,ACCEPT
devign_1858,qemu,CWE-MemorySafety,0,0,None,ACCEPT
devign_1859,qemu,CWE-MemorySafety,0,0,None,ACCEPT
devign_1860,qemu,CWE-MemorySafety,0,0,None,ACCEPT
devign_1862,qemu,CWE-MemorySafety,0,1,CWE-120: Unbounded String Operation,REJECT
devign_1863,FFmpeg,CWE-MemorySafety,0,0,None,ACCEPT
devign_1864,qemu,CWE-MemorySafety,0,0,None,ACCEPT
devign_1865,qemu,CWE-MemorySafety,0,0,None,ACCEPT
devign_1866,qemu,CWE-MemorySafety,0,0,None,ACCEPT
devign_1868,qemu,CWE-MemorySafety,0,0,None,ACCEPT
devign_1869,qemu,CWE-MemorySafety,0,0,None,ACCEPT
devign_1870,qemu,CWE-MemorySafety,0,0,None,ACCEPT
devign_1871,qemu,CWE-MemorySafety,0,0,None,ACCEPT
devign_1873,FFmpeg,CWE-MemorySafety,0,0,None,ACCEPT
devign_1874,qemu,CWE-MemorySafety,0,0,None,ACCEPT
devign_1875,qemu,CWE-MemorySafety,0,0,None,ACCEPT
devign_1876,qemu,CWE-MemorySafety,0,0,None,ACCEPT
devign_1878,qemu,CWE-MemorySafety,0,0,None,ACCEPT
devign_1879,qemu,CWE-MemorySafety,0,1,CWE-252: Unchecked Dynamic Allocation Return,REJECT
devign_1880,qemu,CWE-MemorySafety,0,0,None,ACCEPT
devign_1881,qemu,CWE-MemorySafety,0,0,None,ACCEPT
devign_1882,qemu,CWE-MemorySafety,0,0,None,ACCEPT
devign_1883,FFmpeg,CWE-MemorySafety,0,0,None,ACCEPT
devign_1884,qemu,CWE-MemorySafety,0,0,None,ACCEPT
devign_1885,qemu,CWE-MemorySafety,0,0,None,ACCEPT
devign_1886,qemu,CWE-MemorySafety,0,0,None,ACCEPT
devign_1887,FFmpeg,CWE-MemorySafety,0,0,None,ACCEPT
devign_1890,FFmpeg,CWE-MemorySafety,1,0,None,ACCEPT
devign_1891,FFmpeg,CWE-MemorySafety,1,0,None,ACCEPT
devign_1892,qemu,CWE-MemorySafety,1,0,None,ACCEPT
devign_1893,qemu,CWE-MemorySafety,1,0,None,ACCEPT
devign_1894,FFmpeg,CWE-MemorySafety,1,0,None,ACCEPT
devign_1896,qemu,CWE-MemorySafety,1,0,None,ACCEPT
devign_1897,FFmpeg,CWE-MemorySafety,1,1,CWE-252: Unchecked Dynamic Allocation Return,REJECT
devign_1898,qemu,CWE-MemorySafety,1,0,None,ACCEPT
devign_1900,qemu,CWE-MemorySafety,1,0,None,ACCEPT
devign_1901,qemu,CWE-MemorySafety,1,0,None,ACCEPT
devign_1902,qemu,CWE-MemorySafety,1,0,None,ACCEPT
devign_1903,FFmpeg,CWE-MemorySafety,1,0,None,ACCEPT
devign_1904,qemu,CWE-MemorySafety,1,0,None,ACCEPT
devign_1905,qemu,CWE-MemorySafety,1,0,None,ACCEPT
devign_1906,FFmpeg,CWE-MemorySafety,1,0,None,ACCEPT
devign_1907,qemu,CWE-MemorySafety,1,0,None,ACCEPT
devign_1908,qemu,CWE-MemorySafety,1,1,CWE-120: Unbounded String Operation,REJECT
devign_1909,FFmpeg,CWE-MemorySafety,1,0,None,ACCEPT
devign_1911,FFmpeg,CWE-MemorySafety,1,0,None,ACCEPT
devign_1912,FFmpeg,CWE-MemorySafety,1,0,None,ACCEPT
devign_1913,FFmpeg,CWE-MemorySafety,1,0,None,ACCEPT
devign_1914,FFmpeg,CWE-MemorySafety,1,0,None,ACCEPT
devign_1915,qemu,CWE-MemorySafety,1,0,None,ACCEPT
devign_1916,qemu,CWE-MemorySafety,1,0,None,ACCEPT
devign_1917,qemu,CWE-MemorySafety,1,0,None,ACCEPT
devign_1918,qemu,CWE-MemorySafety,1,0,None,ACCEPT
devign_1920,qemu,CWE-MemorySafety,1,0,None,ACCEPT
devign_1921,qemu,CWE-MemorySafety,1,0,None,ACCEPT
devign_1923,FFmpeg,CWE-MemorySafety,1,0,None,ACCEPT
devign_1924,qemu,CWE-MemorySafety,1,1,CWE-120: Unbounded String Operation,REJECT
devign_1925,FFmpeg,CWE-MemorySafety,1,0,None,ACCEPT
devign_1926,FFmpeg,CWE-MemorySafety,1,0,None,ACCEPT
devign_1928,FFmpeg,CWE-MemorySafety,1,0,None,ACCEPT
devign_1929,FFmpeg,CWE-MemorySafety,1,1,CWE-252: Unchecked Dynamic Allocation Return,REJECT
devign_1931,FFmpeg,CWE-MemorySafety,1,0,None,ACCEPT
devign_1932,FFmpeg,CWE-MemorySafety,1,0,None,ACCEPT
devign_1933,qemu,CWE-MemorySafety,1,0,None,ACCEPT
devign_1934,qemu,CWE-MemorySafety,1,0,None,ACCEPT
devign_1935,qemu,CWE-MemorySafety,1,0,None,ACCEPT
devign_1936,qemu,CWE-MemorySafety,1,0,None,ACCEPT
devign_1937,qemu,CWE-MemorySafety,1,0,None,ACCEPT
devign_1938,FFmpeg,CWE-MemorySafety,0,1,CWE-252: Unchecked Dynamic Allocation Return,REJECT
devign_1939,FFmpeg,CWE-MemorySafety,0,0,None,ACCEPT
devign_1940,qemu,CWE-MemorySafety,1,0,None,ACCEPT
devign_1942,qemu,CWE-MemorySafety,1,0,None,ACCEPT
devign_1944,FFmpeg,CWE-MemorySafety,1,0,None,ACCEPT
devign_1945,FFmpeg,CWE-MemorySafety,1,0,None,ACCEPT
devign_1946,qemu,CWE-MemorySafety,1,0,None,ACCEPT
devign_1948,qemu,CWE-MemorySafety,1,1,CWE-120: Unbounded String Operation,REJECT
devign_1950,qemu,CWE-MemorySafety,1,0,None,ACCEPT
devign_1951,qemu,CWE-MemorySafety,1,1,CWE-252: Unchecked Dynamic Allocation Return,REJECT
devign_1952,FFmpeg,CWE-MemorySafety,1,0,None,ACCEPT
devign_1954,qemu,CWE-MemorySafety,1,0,None,ACCEPT
devign_1955,FFmpeg,CWE-MemorySafety,1,0,None,ACCEPT
devign_1956,qemu,CWE-MemorySafety,1,0,None,ACCEPT
devign_1957,qemu,CWE-MemorySafety,1,0,None,ACCEPT
devign_1959,FFmpeg,CWE-MemorySafety,0,0,None,ACCEPT
devign_1960,FFmpeg,CWE-MemorySafety,0,0,None,ACCEPT
devign_1961,FFmpeg,CWE-MemorySafety,0,0,None,ACCEPT
devign_1962,FFmpeg,CWE-MemorySafety,0,0,None,ACCEPT
devign_1963,FFmpeg,CWE-MemorySafety,0,0,None,ACCEPT
devign_1964,qemu,CWE-MemorySafety,1,0,None,ACCEPT
devign_1965,qemu,CWE-MemorySafety,1,0,None,ACCEPT
devign_1966,FFmpeg,CWE-MemorySafety,1,0,None,ACCEPT
devign_1967,FFmpeg,CWE-MemorySafety,1,0,None,ACCEPT
devign_1968,FFmpeg,CWE-MemorySafety,1,0,None,ACCEPT
devign_1969,FFmpeg,CWE-MemorySafety,1,0,None,ACCEPT
devign_1971,qemu,CWE-MemorySafety,1,0,None,ACCEPT
devign_1972,FFmpeg,CWE-MemorySafety,1,0,None,ACCEPT
devign_1973,FFmpeg,CWE-MemorySafety,1,0,None,ACCEPT
devign_1974,qemu,CWE-MemorySafety,1,0,None,ACCEPT
devign_1975,qemu,CWE-MemorySafety,1,0,None,ACCEPT
devign_1977,qemu,CWE-MemorySafety,1,0,None,ACCEPT
devign_1980,FFmpeg,CWE-MemorySafety,1,0,None,ACCEPT
devign_1982,FFmpeg,CWE-MemorySafety,1,0,None,ACCEPT
devign_1983,qemu,CWE-MemorySafety,1,0,None,ACCEPT
devign_1984,FFmpeg,CWE-MemorySafety,1,0,None,ACCEPT
devign_1985,qemu,CWE-MemorySafety,1,0,None,ACCEPT
devign_1986,FFmpeg,CWE-MemorySafety,1,0,None,ACCEPT
devign_1987,FFmpeg,CWE-MemorySafety,1,0,None,ACCEPT
devign_1988,qemu,CWE-MemorySafety,1,0,None,ACCEPT
devign_1989,FFmpeg,CWE-MemorySafety,0,0,None,ACCEPT
devign_1990,FFmpeg,CWE-MemorySafety,0,0,None,ACCEPT
devign_1991,FFmpeg,CWE-MemorySafety,0,0,None,ACCEPT
devign_1993,FFmpeg,CWE-MemorySafety,0,0,None,ACCEPT
devign_1994,FFmpeg,CWE-MemorySafety,0,0,None,ACCEPT
devign_1995,FFmpeg,CWE-MemorySafety,0,0,None,ACCEPT
devign_1996,FFmpeg,CWE-MemorySafety,0,0,None,ACCEPT
devign_1997,FFmpeg,CWE-MemorySafety,0,0,None,ACCEPT
devign_1999,FFmpeg,CWE-MemorySafety,0,0,None,ACCEPT
devign_2000,FFmpeg,CWE-MemorySafety,0,0,None,ACCEPT
devign_2001,qemu,CWE-MemorySafety,1,0,None,ACCEPT
devign_2002,FFmpeg,CWE-MemorySafety,1,0,None,ACCEPT
devign_2003,qemu,CWE-MemorySafety,1,0,None,ACCEPT
devign_2004,qemu,CWE-MemorySafety,1,0,None,ACCEPT
devign_2006,qemu,CWE-MemorySafety,1,0,None,ACCEPT
devign_2007,FFmpeg,CWE-MemorySafety,1,0,None,ACCEPT
devign_2008,qemu,CWE-MemorySafety,1,0,None,ACCEPT
devign_2009,FFmpeg,CWE-MemorySafety,1,0,None,ACCEPT
devign_2010,qemu,CWE-MemorySafety,1,0,None,ACCEPT
devign_2011,FFmpeg,CWE-MemorySafety,1,0,None,ACCEPT
devign_2012,qemu,CWE-MemorySafety,1,0,None,ACCEPT
devign_2015,FFmpeg,CWE-MemorySafety,1,1,CWE-120: Unbounded String Operation,REJECT
devign_2016,qemu,CWE-MemorySafety,1,0,None,ACCEPT
devign_2017,qemu,CWE-MemorySafety,1,0,None,ACCEPT
devign_2018,FFmpeg,CWE-MemorySafety,1,0,None,ACCEPT
devign_2019,qemu,CWE-MemorySafety,1,0,None,ACCEPT
devign_2021,FFmpeg,CWE-MemorySafety,0,0,None,ACCEPT
devign_2022,FFmpeg,CWE-MemorySafety,0,0,None,ACCEPT
devign_2025,FFmpeg,CWE-MemorySafety,0,0,None,ACCEPT
devign_2026,FFmpeg,CWE-MemorySafety,0,0,None,ACCEPT
devign_2027,FFmpeg,CWE-MemorySafety,0,1,CWE-252: Unchecked Dynamic Allocation Return,REJECT
devign_2028,FFmpeg,CWE-MemorySafety,0,0,None,ACCEPT
devign_2030,qemu,CWE-MemorySafety,0,0,None,ACCEPT
devign_2032,qemu,CWE-MemorySafety,0,0,None,ACCEPT
devign_2035,qemu,CWE-MemorySafety,0,0,None,ACCEPT
devign_2036,FFmpeg,CWE-MemorySafety,0,0,None,ACCEPT
devign_2037,qemu,CWE-MemorySafety,0,0,None,ACCEPT
devign_2038,qemu,CWE-MemorySafety,0,0,None,ACCEPT
devign_2039,qemu,CWE-MemorySafety,0,0,None,ACCEPT
devign_2040,qemu,CWE-MemorySafety,0,0,None,ACCEPT
devign_2041,qemu,CWE-MemorySafety,0,0,None,ACCEPT
devign_2043,qemu,CWE-MemorySafety,0,0,None,ACCEPT
devign_2044,qemu,CWE-MemorySafety,0,0,None,ACCEPT
devign_2045,qemu,CWE-MemorySafety,0,0,None,ACCEPT
devign_2046,FFmpeg,CWE-MemorySafety,0,0,None,ACCEPT
devign_2047,qemu,CWE-MemorySafety,0,0,None,ACCEPT
devign_2048,qemu,CWE-MemorySafety,1,0,None,ACCEPT
devign_2049,qemu,CWE-MemorySafety,1,0,None,ACCEPT
devign_2050,qemu,CWE-MemorySafety,1,0,None,ACCEPT
devign_2051,FFmpeg,CWE-MemorySafety,1,1,CWE-252: Unchecked Dynamic Allocation Return,REJECT
devign_2052,qemu,CWE-MemorySafety,1,0,None,ACCEPT
devign_2053,qemu,CWE-MemorySafety,1,0,None,ACCEPT
devign_2054,FFmpeg,CWE-MemorySafety,0,0,None,ACCEPT
devign_2055,FFmpeg,CWE-MemorySafety,0,0,None,ACCEPT
devign_2056,qemu,CWE-MemorySafety,0,0,None,ACCEPT
devign_2057,qemu,CWE-MemorySafety,0,0,None,ACCEPT
devign_2058,qemu,CWE-MemorySafety,0,0,None,ACCEPT
devign_2059,qemu,CWE-MemorySafety,0,0,None,ACCEPT
devign_2061,qemu,CWE-MemorySafety,0,0,None,ACCEPT
devign_2063,FFmpeg,CWE-MemorySafety,0,0,None,ACCEPT
devign_2064,FFmpeg,CWE-MemorySafety,0,0,None,ACCEPT
devign_2065,qemu,CWE-MemorySafety,0,0,None,ACCEPT
devign_2067,qemu,CWE-MemorySafety,0,0,None,ACCEPT
devign_2068,qemu,CWE-MemorySafety,0,0,None,ACCEPT
devign_2070,qemu,CWE-MemorySafety,0,0,None,ACCEPT
devign_2071,qemu,CWE-MemorySafety,0,1,CWE-120: Unbounded String Operation | CWE-252: Unchecked Dynamic Allocation Return,REJECT
devign_2072,qemu,CWE-MemorySafety,0,0,None,ACCEPT
devign_2073,FFmpeg,CWE-MemorySafety,1,0,None,ACCEPT
devign_2074,FFmpeg,CWE-MemorySafety,1,0,None,ACCEPT
devign_2075,qemu,CWE-MemorySafety,1,1,CWE-252: Unchecked Dynamic Allocation Return,REJECT
devign_2076,qemu,CWE-MemorySafety,1,0,None,ACCEPT
devign_2077,FFmpeg,CWE-MemorySafety,1,0,None,ACCEPT
devign_2078,qemu,CWE-MemorySafety,1,0,None,ACCEPT
devign_2079,qemu,CWE-MemorySafety,0,0,None,ACCEPT
devign_2081,qemu,CWE-MemorySafety,0,0,None,ACCEPT
devign_2082,qemu,CWE-MemorySafety,0,0,None,ACCEPT
devign_2083,qemu,CWE-MemorySafety,0,0,None,ACCEPT
devign_2084,qemu,CWE-MemorySafety,0,0,None,ACCEPT
devign_2085,qemu,CWE-MemorySafety,0,0,None,ACCEPT
devign_2086,qemu,CWE-MemorySafety,0,0,None,ACCEPT
devign_2087,qemu,CWE-MemorySafety,0,0,None,ACCEPT
devign_2088,qemu,CWE-MemorySafety,0,0,None,ACCEPT
devign_2089,FFmpeg,CWE-MemorySafety,0,0,None,ACCEPT
devign_2091,qemu,CWE-MemorySafety,0,0,None,ACCEPT
devign_2093,qemu,CWE-MemorySafety,0,0,None,ACCEPT
devign_2094,qemu,CWE-MemorySafety,0,0,None,ACCEPT
devign_2095,qemu,CWE-MemorySafety,0,0,None,ACCEPT
devign_2096,qemu,CWE-MemorySafety,0,0,None,ACCEPT
devign_2099,FFmpeg,CWE-MemorySafety,0,0,None,ACCEPT
devign_2100,qemu,CWE-MemorySafety,0,0,None,ACCEPT
devign_2101,qemu,CWE-MemorySafety,0,0,None,ACCEPT
devign_2102,qemu,CWE-MemorySafety,0,0,None,ACCEPT
devign_2103,qemu,CWE-MemorySafety,0,0,None,ACCEPT
devign_2105,qemu,CWE-MemorySafety,0,0,None,ACCEPT
devign_2106,FFmpeg,CWE-MemorySafety,0,0,None,ACCEPT
devign_2107,qemu,CWE-MemorySafety,0,0,None,ACCEPT
devign_2108,FFmpeg,CWE-MemorySafety,0,0,None,ACCEPT
devign_2109,FFmpeg,CWE-MemorySafety,0,0,None,ACCEPT
devign_2110,qemu,CWE-MemorySafety,1,0,None,ACCEPT
devign_2111,FFmpeg,CWE-MemorySafety,1,0,None,ACCEPT
devign_2112,qemu,CWE-MemorySafety,1,0,None,ACCEPT
devign_2113,FFmpeg,CWE-MemorySafety,1,0,None,ACCEPT
devign_2114,qemu,CWE-MemorySafety,1,1,CWE-252: Unchecked Dynamic Allocation Return,REJECT
devign_2115,FFmpeg,CWE-MemorySafety,1,0,None,ACCEPT
devign_2116,qemu,CWE-MemorySafety,1,0,None,ACCEPT
devign_2117,FFmpeg,CWE-MemorySafety,1,0,None,ACCEPT
devign_2118,qemu,CWE-MemorySafety,1,0,None,ACCEPT
devign_2119,FFmpeg,CWE-MemorySafety,1,1,CWE-120: Unbounded String Operation,REJECT
devign_2120,qemu,CWE-MemorySafety,0,0,None,ACCEPT
devign_2122,qemu,CWE-MemorySafety,0,0,None,ACCEPT
devign_2123,FFmpeg,CWE-MemorySafety,0,0,None,ACCEPT
devign_2124,qemu,CWE-MemorySafety,0,0,None,ACCEPT
devign_2125,qemu,CWE-MemorySafety,0,0,None,ACCEPT
devign_2127,qemu,CWE-MemorySafety,0,0,None,ACCEPT
devign_2128,qemu,CWE-MemorySafety,0,0,None,ACCEPT
devign_2130,qemu,CWE-MemorySafety,0,0,None,ACCEPT
devign_2131,qemu,CWE-MemorySafety,0,0,None,ACCEPT
devign_2132,FFmpeg,CWE-MemorySafety,0,0,None,ACCEPT
devign_2134,qemu,CWE-MemorySafety,0,0,None,ACCEPT
devign_2135,qemu,CWE-MemorySafety,0,0,None,ACCEPT
devign_2136,qemu,CWE-MemorySafety,0,0,None,ACCEPT
devign_2137,qemu,CWE-MemorySafety,0,0,None,ACCEPT
devign_2138,FFmpeg,CWE-MemorySafety,0,0,None,ACCEPT
devign_2139,FFmpeg,CWE-MemorySafety,0,0,None,ACCEPT
devign_2140,FFmpeg,CWE-MemorySafety,0,1,CWE-252: Unchecked Dynamic Allocation Return,REJECT
devign_2141,FFmpeg,CWE-MemorySafety,0,0,None,ACCEPT
devign_2142,FFmpeg,CWE-MemorySafety,0,1,CWE-252: Unchecked Dynamic Allocation Return,REJECT
devign_2143,FFmpeg,CWE-MemorySafety,0,0,None,ACCEPT
devign_2144,FFmpeg,CWE-MemorySafety,0,0,None,ACCEPT
devign_2145,FFmpeg,CWE-MemorySafety,1,0,None,ACCEPT
devign_2146,qemu,CWE-MemorySafety,1,0,None,ACCEPT
devign_2147,qemu,CWE-MemorySafety,1,0,None,ACCEPT
devign_2148,qemu,CWE-MemorySafety,1,0,None,ACCEPT
devign_2149,qemu,CWE-MemorySafety,1,0,None,ACCEPT
devign_2150,FFmpeg,CWE-MemorySafety,1,0,None,ACCEPT
devign_2151,qemu,CWE-MemorySafety,1,0,None,ACCEPT
devign_2152,FFmpeg,CWE-MemorySafety,0,0,None,ACCEPT
devign_2153,FFmpeg,CWE-MemorySafety,1,0,None,ACCEPT
devign_2154,qemu,CWE-MemorySafety,0,0,None,ACCEPT
devign_2155,qemu,CWE-MemorySafety,0,0,None,ACCEPT
devign_2156,qemu,CWE-MemorySafety,0,0,None,ACCEPT
devign_2157,qemu,CWE-MemorySafety,0,0,None,ACCEPT
devign_2158,qemu,CWE-MemorySafety,0,0,None,ACCEPT
devign_2159,FFmpeg,CWE-MemorySafety,0,0,None,ACCEPT
devign_2160,qemu,CWE-MemorySafety,0,0,None,ACCEPT
devign_2161,qemu,CWE-MemorySafety,0,0,None,ACCEPT
devign_2162,qemu,CWE-MemorySafety,0,0,None,ACCEPT
devign_2164,qemu,CWE-MemorySafety,0,0,None,ACCEPT
devign_2165,qemu,CWE-MemorySafety,0,0,None,ACCEPT
devign_2166,qemu,CWE-MemorySafety,0,0,None,ACCEPT
devign_2167,qemu,CWE-MemorySafety,0,0,None,ACCEPT
devign_2168,qemu,CWE-MemorySafety,0,0,None,ACCEPT
devign_2169,FFmpeg,CWE-MemorySafety,0,0,None,ACCEPT
devign_2171,qemu,CWE-MemorySafety,0,0,None,ACCEPT
devign_2172,qemu,CWE-MemorySafety,0,0,None,ACCEPT
devign_2175,qemu,CWE-MemorySafety,1,0,None,ACCEPT
devign_2176,FFmpeg,CWE-MemorySafety,1,0,None,ACCEPT
devign_2177,FFmpeg,CWE-MemorySafety,1,0,None,ACCEPT
devign_2178,FFmpeg,CWE-MemorySafety,1,0,None,ACCEPT
devign_2179,qemu,CWE-MemorySafety,1,0,None,ACCEPT
devign_2180,FFmpeg,CWE-MemorySafety,0,0,None,ACCEPT
devign_2182,FFmpeg,CWE-MemorySafety,1,0,None,ACCEPT
devign_2183,qemu,CWE-MemorySafety,1,0,None,ACCEPT
devign_2186,FFmpeg,CWE-MemorySafety,1,1,CWE-252: Unchecked Dynamic Allocation Return,REJECT
devign_2188,FFmpeg,CWE-MemorySafety,0,0,None,ACCEPT
devign_2189,qemu,CWE-MemorySafety,1,0,None,ACCEPT
devign_2190,qemu,CWE-MemorySafety,1,0,None,ACCEPT
devign_2191,qemu,CWE-MemorySafety,1,0,None,ACCEPT
devign_2192,FFmpeg,CWE-MemorySafety,1,0,None,ACCEPT
devign_2193,qemu,CWE-MemorySafety,1,0,None,ACCEPT
devign_2194,FFmpeg,CWE-MemorySafety,1,0,None,ACCEPT
devign_2195,FFmpeg,CWE-MemorySafety,1,0,None,ACCEPT
devign_2196,qemu,CWE-MemorySafety,1,0,None,ACCEPT
devign_2197,FFmpeg,CWE-MemorySafety,1,0,None,ACCEPT
devign_2198,FFmpeg,CWE-MemorySafety,1,0,None,ACCEPT
devign_2199,qemu,CWE-MemorySafety,1,0,None,ACCEPT
devign_2200,qemu,CWE-MemorySafety,1,0,None,ACCEPT
devign_2201,FFmpeg,CWE-MemorySafety,1,0,None,ACCEPT
devign_2202,qemu,CWE-MemorySafety,1,0,None,ACCEPT
devign_2203,qemu,CWE-MemorySafety,1,0,None,ACCEPT
devign_2204,qemu,CWE-MemorySafety,1,0,None,ACCEPT
devign_2207,FFmpeg,CWE-MemorySafety,1,0,None,ACCEPT
devign_2208,FFmpeg,CWE-MemorySafety,1,0,None,ACCEPT
devign_2209,FFmpeg,CWE-MemorySafety,1,1,CWE-252: Unchecked Dynamic Allocation Return,REJECT
devign_2210,qemu,CWE-MemorySafety,1,0,None,ACCEPT
devign_2212,qemu,CWE-MemorySafety,1,0,None,ACCEPT
devign_2213,qemu,CWE-MemorySafety,1,0,None,ACCEPT
devign_2214,FFmpeg,CWE-MemorySafety,1,0,None,ACCEPT
devign_2215,qemu,CWE-MemorySafety,1,0,None,ACCEPT
devign_2216,qemu,CWE-MemorySafety,1,0,None,ACCEPT
devign_2217,FFmpeg,CWE-MemorySafety,1,1,CWE-252: Unchecked Dynamic Allocation Return,REJECT
devign_2218,qemu,CWE-MemorySafety,1,0,None,ACCEPT
devign_2219,FFmpeg,CWE-MemorySafety,1,0,None,ACCEPT
devign_2220,FFmpeg,CWE-MemorySafety,0,0,None,ACCEPT
devign_2221,qemu,CWE-MemorySafety,1,0,None,ACCEPT
devign_2222,FFmpeg,CWE-MemorySafety,1,1,CWE-252: Unchecked Dynamic Allocation Return,REJECT
devign_2223,qemu,CWE-MemorySafety,0,0,None,ACCEPT
devign_2227,qemu,CWE-MemorySafety,0,0,None,ACCEPT
devign_2230,FFmpeg,CWE-MemorySafety,0,0,None,ACCEPT
devign_2231,qemu,CWE-MemorySafety,0,0,None,ACCEPT
devign_2232,qemu,CWE-MemorySafety,0,0,None,ACCEPT
devign_2233,qemu,CWE-MemorySafety,0,0,None,ACCEPT
devign_2234,qemu,CWE-MemorySafety,0,0,None,ACCEPT
devign_2235,qemu,CWE-MemorySafety,0,0,None,ACCEPT
devign_2237,qemu,CWE-MemorySafety,0,0,None,ACCEPT
devign_2238,qemu,CWE-MemorySafety,0,0,None,ACCEPT
devign_2239,qemu,CWE-MemorySafety,0,0,None,ACCEPT
devign_2241,FFmpeg,CWE-MemorySafety,0,0,None,ACCEPT
devign_2242,FFmpeg,CWE-MemorySafety,0,0,None,ACCEPT
devign_2243,qemu,CWE-MemorySafety,0,0,None,ACCEPT
devign_2244,qemu,CWE-MemorySafety,0,0,None,ACCEPT
devign_2245,qemu,CWE-MemorySafety,0,0,None,ACCEPT
devign_2246,qemu,CWE-MemorySafety,0,0,None,ACCEPT
devign_2248,qemu,CWE-MemorySafety,0,0,None,ACCEPT
devign_2250,qemu,CWE-MemorySafety,0,0,None,ACCEPT
devign_2251,FFmpeg,CWE-MemorySafety,0,0,None,ACCEPT
devign_2252,qemu,CWE-MemorySafety,0,0,None,ACCEPT
devign_2253,qemu,CWE-MemorySafety,0,0,None,ACCEPT
devign_2254,qemu,CWE-MemorySafety,0,0,None,ACCEPT
devign_2256,qemu,CWE-MemorySafety,0,0,None,ACCEPT
devign_2258,qemu,CWE-MemorySafety,0,0,None,ACCEPT
devign_2259,qemu,CWE-MemorySafety,0,0,None,ACCEPT
devign_2260,FFmpeg,CWE-MemorySafety,0,0,None,ACCEPT
devign_2261,qemu,CWE-MemorySafety,0,0,None,ACCEPT
devign_2262,qemu,CWE-MemorySafety,0,0,None,ACCEPT
devign_2263,qemu,CWE-MemorySafety,0,1,CWE-120: Unbounded String Operation,REJECT
devign_2264,qemu,CWE-MemorySafety,0,0,None,ACCEPT
devign_2265,qemu,CWE-MemorySafety,0,0,None,ACCEPT
devign_2266,qemu,CWE-MemorySafety,0,0,None,ACCEPT
devign_2267,qemu,CWE-MemorySafety,0,0,None,ACCEPT
devign_2268,FFmpeg,CWE-MemorySafety,0,0,None,ACCEPT
devign_2269,qemu,CWE-MemorySafety,0,0,None,ACCEPT
devign_2270,qemu,CWE-MemorySafety,0,0,None,ACCEPT
devign_2271,qemu,CWE-MemorySafety,0,0,None,ACCEPT
devign_2272,qemu,CWE-MemorySafety,0,0,None,ACCEPT
devign_2273,qemu,CWE-MemorySafety,0,0,None,ACCEPT
devign_2274,qemu,CWE-MemorySafety,1,0,None,ACCEPT
devign_2275,FFmpeg,CWE-MemorySafety,1,0,None,ACCEPT
devign_2276,FFmpeg,CWE-MemorySafety,1,0,None,ACCEPT
devign_2277,FFmpeg,CWE-MemorySafety,1,0,None,ACCEPT
devign_2278,qemu,CWE-MemorySafety,1,0,None,ACCEPT
devign_2279,qemu,CWE-MemorySafety,1,0,None,ACCEPT
devign_2281,FFmpeg,CWE-MemorySafety,1,0,None,ACCEPT
devign_2282,qemu,CWE-MemorySafety,1,0,None,ACCEPT
devign_2283,qemu,CWE-MemorySafety,1,0,None,ACCEPT
devign_2284,qemu,CWE-MemorySafety,1,0,None,ACCEPT
devign_2285,FFmpeg,CWE-MemorySafety,1,0,None,ACCEPT
devign_2286,qemu,CWE-MemorySafety,1,0,None,ACCEPT
devign_2287,FFmpeg,CWE-MemorySafety,1,0,None,ACCEPT
devign_2288,qemu,CWE-MemorySafety,1,0,None,ACCEPT
devign_2289,qemu,CWE-MemorySafety,1,0,None,ACCEPT
devign_2290,FFmpeg,CWE-MemorySafety,1,0,None,ACCEPT
devign_2292,FFmpeg,CWE-MemorySafety,0,0,None,ACCEPT
devign_2293,FFmpeg,CWE-MemorySafety,0,0,None,ACCEPT
devign_2294,FFmpeg,CWE-MemorySafety,0,0,None,ACCEPT
devign_2295,FFmpeg,CWE-MemorySafety,0,0,None,ACCEPT
devign_2296,FFmpeg,CWE-MemorySafety,0,0,None,ACCEPT
devign_2297,FFmpeg,CWE-MemorySafety,0,0,None,ACCEPT
devign_2298,FFmpeg,CWE-MemorySafety,0,0,None,ACCEPT
devign_2300,qemu,CWE-MemorySafety,0,0,None,ACCEPT
devign_2301,qemu,CWE-MemorySafety,0,0,None,ACCEPT
devign_2302,qemu,CWE-MemorySafety,0,0,None,ACCEPT
devign_2303,FFmpeg,CWE-MemorySafety,0,0,None,ACCEPT
devign_2305,qemu,CWE-MemorySafety,0,0,None,ACCEPT
devign_2306,qemu,CWE-MemorySafety,0,0,None,ACCEPT
devign_2307,qemu,CWE-MemorySafety,0,0,None,ACCEPT
devign_2308,qemu,CWE-MemorySafety,0,0,None,ACCEPT
devign_2309,qemu,CWE-MemorySafety,0,0,None,ACCEPT
devign_2310,qemu,CWE-MemorySafety,0,0,None,ACCEPT
devign_2311,FFmpeg,CWE-MemorySafety,0,0,None,ACCEPT
devign_2312,qemu,CWE-MemorySafety,0,0,None,ACCEPT
devign_2313,qemu,CWE-MemorySafety,0,0,None,ACCEPT
devign_2314,qemu,CWE-MemorySafety,0,0,None,ACCEPT
devign_2315,qemu,CWE-MemorySafety,0,0,None,ACCEPT
devign_2316,qemu,CWE-MemorySafety,0,0,None,ACCEPT
devign_2317,qemu,CWE-MemorySafety,0,0,None,ACCEPT
devign_2318,FFmpeg,CWE-MemorySafety,0,0,None,ACCEPT
devign_2319,qemu,CWE-MemorySafety,0,0,None,ACCEPT
devign_2320,qemu,CWE-MemorySafety,0,0,None,ACCEPT
devign_2321,qemu,CWE-MemorySafety,0,0,None,ACCEPT
devign_2322,qemu,CWE-MemorySafety,0,0,None,ACCEPT
devign_2323,qemu,CWE-MemorySafety,0,0,None,ACCEPT
devign_2324,qemu,CWE-MemorySafety,1,1,CWE-252: Unchecked Dynamic Allocation Return,REJECT
devign_2325,FFmpeg,CWE-MemorySafety,1,0,None,ACCEPT
devign_2326,FFmpeg,CWE-MemorySafety,1,0,None,ACCEPT
devign_2327,FFmpeg,CWE-MemorySafety,0,0,None,ACCEPT
devign_2328,FFmpeg,CWE-MemorySafety,0,0,None,ACCEPT
devign_2329,qemu,CWE-MemorySafety,1,0,None,ACCEPT
devign_2330,FFmpeg,CWE-MemorySafety,1,0,None,ACCEPT
devign_2331,FFmpeg,CWE-MemorySafety,1,0,None,ACCEPT
devign_2332,qemu,CWE-MemorySafety,1,0,None,ACCEPT
devign_2333,FFmpeg,CWE-MemorySafety,1,0,None,ACCEPT
devign_2335,FFmpeg,CWE-MemorySafety,1,0,None,ACCEPT
devign_2336,FFmpeg,CWE-MemorySafety,1,0,None,ACCEPT
devign_2337,FFmpeg,CWE-MemorySafety,0,0,None,ACCEPT
devign_2338,FFmpeg,CWE-MemorySafety,1,0,None,ACCEPT
devign_2339,qemu,CWE-MemorySafety,1,0,None,ACCEPT
devign_2340,FFmpeg,CWE-MemorySafety,1,0,None,ACCEPT
devign_2341,FFmpeg,CWE-MemorySafety,1,0,None,ACCEPT
devign_2342,FFmpeg,CWE-MemorySafety,1,0,None,ACCEPT
devign_2343,FFmpeg,CWE-MemorySafety,1,0,None,ACCEPT
devign_2344,qemu,CWE-MemorySafety,1,0,None,ACCEPT
devign_2345,FFmpeg,CWE-MemorySafety,1,0,None,ACCEPT
devign_2346,qemu,CWE-MemorySafety,1,0,None,ACCEPT
devign_2347,FFmpeg,CWE-MemorySafety,1,0,None,ACCEPT
devign_2348,FFmpeg,CWE-MemorySafety,0,0,None,ACCEPT
devign_2349,FFmpeg,CWE-MemorySafety,0,0,None,ACCEPT
devign_2350,FFmpeg,CWE-MemorySafety,0,0,None,ACCEPT
devign_2351,qemu,CWE-MemorySafety,1,0,None,ACCEPT
devign_2352,FFmpeg,CWE-MemorySafety,1,0,None,ACCEPT
devign_2355,FFmpeg,CWE-MemorySafety,0,0,None,ACCEPT
devign_2357,FFmpeg,CWE-MemorySafety,1,0,None,ACCEPT
devign_2358,qemu,CWE-MemorySafety,0,0,None,ACCEPT
devign_2359,qemu,CWE-MemorySafety,0,0,None,ACCEPT
devign_2360,qemu,CWE-MemorySafety,0,0,None,ACCEPT
devign_2361,qemu,CWE-MemorySafety,0,0,None,ACCEPT
devign_2363,qemu,CWE-MemorySafety,0,0,None,ACCEPT
devign_2365,qemu,CWE-MemorySafety,0,0,None,ACCEPT
devign_2366,FFmpeg,CWE-MemorySafety,0,0,None,ACCEPT
devign_2367,qemu,CWE-MemorySafety,0,0,None,ACCEPT
devign_2368,qemu,CWE-MemorySafety,0,0,None,ACCEPT
devign_2371,qemu,CWE-MemorySafety,0,0,None,ACCEPT
devign_2372,qemu,CWE-MemorySafety,0,0,None,ACCEPT
devign_2373,qemu,CWE-MemorySafety,0,0,None,ACCEPT
devign_2374,qemu,CWE-MemorySafety,0,0,None,ACCEPT
devign_2375,FFmpeg,CWE-MemorySafety,0,0,None,ACCEPT
devign_2376,FFmpeg,CWE-MemorySafety,0,0,None,ACCEPT
devign_2377,qemu,CWE-MemorySafety,0,0,None,ACCEPT
devign_2378,qemu,CWE-MemorySafety,0,0,None,ACCEPT
devign_2380,qemu,CWE-MemorySafety,0,0,None,ACCEPT
devign_2381,qemu,CWE-MemorySafety,0,0,None,ACCEPT
devign_2382,qemu,CWE-MemorySafety,0,1,CWE-120: Unbounded String Operation,REJECT
devign_2383,qemu,CWE-MemorySafety,0,0,None,ACCEPT
devign_2385,FFmpeg,CWE-MemorySafety,0,0,None,ACCEPT
devign_2386,qemu,CWE-MemorySafety,0,0,None,ACCEPT
devign_2387,qemu,CWE-MemorySafety,0,0,None,ACCEPT
devign_2388,qemu,CWE-MemorySafety,0,0,None,ACCEPT
devign_2389,qemu,CWE-MemorySafety,0,0,None,ACCEPT
devign_2390,qemu,CWE-MemorySafety,0,0,None,ACCEPT
devign_2391,qemu,CWE-MemorySafety,0,0,None,ACCEPT
devign_2392,qemu,CWE-MemorySafety,0,0,None,ACCEPT
devign_2393,FFmpeg,CWE-MemorySafety,0,0,None,ACCEPT
devign_2394,qemu,CWE-MemorySafety,0,0,None,ACCEPT
devign_2396,qemu,CWE-MemorySafety,0,0,None,ACCEPT
devign_2397,qemu,CWE-MemorySafety,0,0,None,ACCEPT
devign_2398,qemu,CWE-MemorySafety,0,0,None,ACCEPT
devign_2399,qemu,CWE-MemorySafety,0,0,None,ACCEPT
devign_2400,FFmpeg,CWE-MemorySafety,0,0,None,ACCEPT
devign_2401,qemu,CWE-MemorySafety,0,0,None,ACCEPT
devign_2402,FFmpeg,CWE-MemorySafety,1,0,None,ACCEPT
devign_2403,qemu,CWE-MemorySafety,1,0,None,ACCEPT
devign_2404,qemu,CWE-MemorySafety,1,0,None,ACCEPT
devign_2405,FFmpeg,CWE-MemorySafety,1,0,None,ACCEPT
devign_2406,FFmpeg,CWE-MemorySafety,1,0,None,ACCEPT
devign_2407,FFmpeg,CWE-MemorySafety,1,0,None,ACCEPT
devign_2408,FFmpeg,CWE-MemorySafety,0,0,None,ACCEPT
devign_2410,FFmpeg,CWE-MemorySafety,0,0,None,ACCEPT
devign_2411,FFmpeg,CWE-MemorySafety,0,0,None,ACCEPT
devign_2412,FFmpeg,CWE-MemorySafety,0,0,None,ACCEPT
devign_2413,FFmpeg,CWE-MemorySafety,0,0,None,ACCEPT
devign_2414,FFmpeg,CWE-MemorySafety,1,0,None,ACCEPT
devign_2415,qemu,CWE-MemorySafety,1,0,None,ACCEPT
devign_2416,FFmpeg,CWE-MemorySafety,1,0,None,ACCEPT
devign_2417,qemu,CWE-MemorySafety,1,0,None,ACCEPT
devign_2418,qemu,CWE-MemorySafety,1,0,None,ACCEPT
devign_2420,FFmpeg,CWE-MemorySafety,1,0,None,ACCEPT
devign_2422,FFmpeg,CWE-MemorySafety,1,0,None,ACCEPT
devign_2423,FFmpeg,CWE-MemorySafety,1,0,None,ACCEPT
devign_2424,qemu,CWE-MemorySafety,1,0,None,ACCEPT
devign_2425,qemu,CWE-MemorySafety,1,0,None,ACCEPT
devign_2426,qemu,CWE-MemorySafety,1,0,None,ACCEPT
devign_2428,FFmpeg,CWE-MemorySafety,1,1,CWE-252: Unchecked Dynamic Allocation Return,REJECT
devign_2429,FFmpeg,CWE-MemorySafety,0,0,None,ACCEPT
devign_2430,qemu,CWE-MemorySafety,1,0,None,ACCEPT
devign_2431,FFmpeg,CWE-MemorySafety,1,0,None,ACCEPT
devign_2432,FFmpeg,CWE-MemorySafety,1,0,None,ACCEPT
devign_2433,qemu,CWE-MemorySafety,1,0,None,ACCEPT
devign_2434,FFmpeg,CWE-MemorySafety,1,0,None,ACCEPT
devign_2435,FFmpeg,CWE-MemorySafety,0,0,None,ACCEPT
devign_2436,qemu,CWE-MemorySafety,1,0,None,ACCEPT
devign_2438,FFmpeg,CWE-MemorySafety,1,0,None,ACCEPT
devign_2440,FFmpeg,CWE-MemorySafety,1,1,CWE-252: Unchecked Dynamic Allocation Return,REJECT
devign_2441,qemu,CWE-MemorySafety,1,0,None,ACCEPT
devign_2442,FFmpeg,CWE-MemorySafety,0,0,None,ACCEPT
devign_2443,FFmpeg,CWE-MemorySafety,0,1,CWE-252: Unchecked Dynamic Allocation Return,REJECT
devign_2445,qemu,CWE-MemorySafety,0,0,None,ACCEPT
devign_2446,qemu,CWE-MemorySafety,0,0,None,ACCEPT
devign_2447,qemu,CWE-MemorySafety,0,0,None,ACCEPT
devign_2448,qemu,CWE-MemorySafety,0,0,None,ACCEPT
devign_2450,FFmpeg,CWE-MemorySafety,0,0,None,ACCEPT
devign_2451,qemu,CWE-MemorySafety,0,0,None,ACCEPT
devign_2452,qemu,CWE-MemorySafety,0,0,None,ACCEPT
devign_2453,qemu,CWE-MemorySafety,0,0,None,ACCEPT
devign_2455,qemu,CWE-MemorySafety,0,0,None,ACCEPT
devign_2456,qemu,CWE-MemorySafety,0,0,None,ACCEPT
devign_2457,qemu,CWE-MemorySafety,0,0,None,ACCEPT
devign_2458,qemu,CWE-MemorySafety,0,0,None,ACCEPT
devign_2459,qemu,CWE-MemorySafety,0,0,None,ACCEPT
devign_2460,FFmpeg,CWE-MemorySafety,0,0,None,ACCEPT
devign_2461,FFmpeg,CWE-MemorySafety,0,0,None,ACCEPT
devign_2462,FFmpeg,CWE-MemorySafety,0,0,None,ACCEPT
devign_2464,qemu,CWE-MemorySafety,1,0,None,ACCEPT
devign_2465,FFmpeg,CWE-MemorySafety,1,0,None,ACCEPT
devign_2467,qemu,CWE-MemorySafety,1,0,None,ACCEPT
devign_2468,qemu,CWE-MemorySafety,0,0,None,ACCEPT
devign_2469,qemu,CWE-MemorySafety,0,0,None,ACCEPT
devign_2470,qemu,CWE-MemorySafety,0,0,None,ACCEPT
devign_2472,qemu,CWE-MemorySafety,0,0,None,ACCEPT
devign_2473,FFmpeg,CWE-MemorySafety,0,0,None,ACCEPT
devign_2474,qemu,CWE-MemorySafety,0,0,None,ACCEPT
devign_2475,qemu,CWE-MemorySafety,0,0,None,ACCEPT
devign_2476,qemu,CWE-MemorySafety,0,0,None,ACCEPT
devign_2477,qemu,CWE-MemorySafety,0,0,None,ACCEPT
devign_2478,qemu,CWE-MemorySafety,0,0,None,ACCEPT
devign_2479,qemu,CWE-MemorySafety,0,0,None,ACCEPT
devign_2480,qemu,CWE-MemorySafety,0,0,None,ACCEPT
devign_2481,FFmpeg,CWE-MemorySafety,0,0,None,ACCEPT
devign_2482,qemu,CWE-MemorySafety,0,0,None,ACCEPT
devign_2483,qemu,CWE-MemorySafety,0,0,None,ACCEPT
devign_2484,qemu,CWE-MemorySafety,0,0,None,ACCEPT
devign_2485,qemu,CWE-MemorySafety,0,0,None,ACCEPT
devign_2486,qemu,CWE-MemorySafety,0,0,None,ACCEPT
devign_2487,qemu,CWE-MemorySafety,0,1,CWE-252: Unchecked Dynamic Allocation Return,REJECT
devign_2491,qemu,CWE-MemorySafety,0,0,None,ACCEPT
devign_2492,FFmpeg,CWE-MemorySafety,0,0,None,ACCEPT
devign_2493,qemu,CWE-MemorySafety,0,0,None,ACCEPT
devign_2494,qemu,CWE-MemorySafety,0,0,None,ACCEPT
devign_2495,qemu,CWE-MemorySafety,0,0,None,ACCEPT
devign_2496,qemu,CWE-MemorySafety,0,0,None,ACCEPT
devign_2497,qemu,CWE-MemorySafety,0,0,None,ACCEPT
devign_2498,qemu,CWE-MemorySafety,0,0,None,ACCEPT
devign_2499,FFmpeg,CWE-MemorySafety,0,0,None,ACCEPT
devign_2500,qemu,CWE-MemorySafety,0,0,None,ACCEPT
devign_2501,qemu,CWE-MemorySafety,0,1,CWE-252: Unchecked Dynamic Allocation Return,REJECT
devign_2503,qemu,CWE-MemorySafety,0,0,None,ACCEPT
devign_2504,qemu,CWE-MemorySafety,0,0,None,ACCEPT
devign_2505,qemu,CWE-MemorySafety,0,0,None,ACCEPT
devign_2506,qemu,CWE-MemorySafety,0,0,None,ACCEPT
devign_2507,qemu,CWE-MemorySafety,0,0,None,ACCEPT
devign_2508,qemu,CWE-MemorySafety,0,0,None,ACCEPT
devign_2509,qemu,CWE-MemorySafety,0,0,None,ACCEPT
devign_2512,qemu,CWE-MemorySafety,0,0,None,ACCEPT
devign_2513,qemu,CWE-MemorySafety,0,0,None,ACCEPT
devign_2514,qemu,CWE-MemorySafety,0,0,None,ACCEPT
devign_2516,qemu,CWE-MemorySafety,0,0,None,ACCEPT
devign_2517,qemu,CWE-MemorySafety,0,0,None,ACCEPT
devign_2518,qemu,CWE-MemorySafety,0,0,None,ACCEPT
devign_2520,qemu,CWE-MemorySafety,1,0,None,ACCEPT
devign_2521,FFmpeg,CWE-MemorySafety,1,0,None,ACCEPT
devign_2522,qemu,CWE-MemorySafety,1,0,None,ACCEPT
devign_2523,FFmpeg,CWE-MemorySafety,1,0,None,ACCEPT
devign_2525,FFmpeg,CWE-MemorySafety,1,0,None,ACCEPT
devign_2526,FFmpeg,CWE-MemorySafety,0,0,None,ACCEPT
devign_2528,qemu,CWE-MemorySafety,1,0,None,ACCEPT
devign_2529,qemu,CWE-MemorySafety,1,0,None,ACCEPT
devign_2532,qemu,CWE-MemorySafety,1,0,None,ACCEPT
devign_2533,FFmpeg,CWE-MemorySafety,0,0,None,ACCEPT
devign_2534,FFmpeg,CWE-MemorySafety,1,0,None,ACCEPT
devign_2536,qemu,CWE-MemorySafety,1,0,None,ACCEPT
devign_2537,FFmpeg,CWE-MemorySafety,1,0,None,ACCEPT
devign_2538,qemu,CWE-MemorySafety,1,0,None,ACCEPT
devign_2539,qemu,CWE-MemorySafety,1,0,None,ACCEPT
devign_2540,qemu,CWE-MemorySafety,1,0,None,ACCEPT
devign_2541,FFmpeg,CWE-MemorySafety,1,0,None,ACCEPT
devign_2542,qemu,CWE-MemorySafety,1,0,None,ACCEPT
devign_2543,FFmpeg,CWE-MemorySafety,1,0,None,ACCEPT
devign_2544,FFmpeg,CWE-MemorySafety,1,0,None,ACCEPT
devign_2546,qemu,CWE-MemorySafety,1,0,None,ACCEPT
devign_2547,qemu,CWE-MemorySafety,1,0,None,ACCEPT
devign_2548,FFmpeg,CWE-MemorySafety,1,0,None,ACCEPT
devign_2549,qemu,CWE-MemorySafety,1,0,None,ACCEPT
devign_2550,FFmpeg,CWE-MemorySafety,1,0,None,ACCEPT
devign_2551,qemu,CWE-MemorySafety,1,0,None,ACCEPT
devign_2552,FFmpeg,CWE-MemorySafety,0,0,None,ACCEPT
devign_2554,FFmpeg,CWE-MemorySafety,0,0,None,ACCEPT
devign_2555,FFmpeg,CWE-MemorySafety,0,0,None,ACCEPT
devign_2556,FFmpeg,CWE-MemorySafety,0,0,None,ACCEPT
devign_2557,FFmpeg,CWE-MemorySafety,1,0,None,ACCEPT
devign_2558,FFmpeg,CWE-MemorySafety,1,0,None,ACCEPT
devign_2559,qemu,CWE-MemorySafety,1,0,None,ACCEPT
devign_2560,FFmpeg,CWE-MemorySafety,1,0,None,ACCEPT
devign_2562,FFmpeg,CWE-MemorySafety,1,0,None,ACCEPT
devign_2563,FFmpeg,CWE-MemorySafety,1,0,None,ACCEPT
devign_2564,qemu,CWE-MemorySafety,1,0,None,ACCEPT
devign_2565,FFmpeg,CWE-MemorySafety,1,0,None,ACCEPT
devign_2567,FFmpeg,CWE-MemorySafety,0,0,None,ACCEPT
devign_2568,FFmpeg,CWE-MemorySafety,0,0,None,ACCEPT
devign_2569,qemu,CWE-MemorySafety,1,0,None,ACCEPT
devign_2571,qemu,CWE-MemorySafety,1,0,None,ACCEPT
devign_2572,qemu,CWE-MemorySafety,1,0,None,ACCEPT
devign_2573,qemu,CWE-MemorySafety,1,0,None,ACCEPT
devign_2574,FFmpeg,CWE-MemorySafety,1,0,None,ACCEPT
devign_2576,qemu,CWE-MemorySafety,1,0,None,ACCEPT
devign_2577,qemu,CWE-MemorySafety,1,0,None,ACCEPT
devign_2578,FFmpeg,CWE-MemorySafety,1,0,None,ACCEPT
devign_2580,FFmpeg,CWE-MemorySafety,1,0,None,ACCEPT
devign_2582,qemu,CWE-MemorySafety,1,0,None,ACCEPT
devign_2583,FFmpeg,CWE-MemorySafety,1,0,None,ACCEPT
devign_2585,qemu,CWE-MemorySafety,1,0,None,ACCEPT
devign_2586,FFmpeg,CWE-MemorySafety,0,0,None,ACCEPT
devign_2587,FFmpeg,CWE-MemorySafety,1,0,None,ACCEPT
devign_2589,qemu,CWE-MemorySafety,1,0,None,ACCEPT
devign_2590,FFmpeg,CWE-MemorySafety,0,0,None,ACCEPT
devign_2591,qemu,CWE-MemorySafety,1,0,None,ACCEPT
devign_2592,FFmpeg,CWE-MemorySafety,1,0,None,ACCEPT
devign_2593,qemu,CWE-MemorySafety,1,0,None,ACCEPT
devign_2594,FFmpeg,CWE-MemorySafety,0,0,None,ACCEPT
devign_2595,qemu,CWE-MemorySafety,1,0,None,ACCEPT
devign_2596,FFmpeg,CWE-MemorySafety,1,0,None,ACCEPT
devign_2597,qemu,CWE-MemorySafety,1,0,None,ACCEPT
devign_2598,qemu,CWE-MemorySafety,1,0,None,ACCEPT
devign_2600,FFmpeg,CWE-MemorySafety,0,0,None,ACCEPT
devign_2601,FFmpeg,CWE-MemorySafety,0,1,CWE-252: Unchecked Dynamic Allocation Return,REJECT
devign_2602,FFmpeg,CWE-MemorySafety,0,0,None,ACCEPT
devign_2603,qemu,CWE-MemorySafety,1,0,None,ACCEPT
devign_2604,qemu,CWE-MemorySafety,1,0,None,ACCEPT
devign_2605,qemu,CWE-MemorySafety,1,0,None,ACCEPT
devign_2606,FFmpeg,CWE-MemorySafety,1,0,None,ACCEPT
devign_2607,FFmpeg,CWE-MemorySafety,1,0,None,ACCEPT
devign_2608,FFmpeg,CWE-MemorySafety,1,1,CWE-120: Unbounded String Operation,REJECT
devign_2609,qemu,CWE-MemorySafety,1,0,None,ACCEPT
devign_2610,FFmpeg,CWE-MemorySafety,1,1,CWE-252: Unchecked Dynamic Allocation Return,REJECT
devign_2611,FFmpeg,CWE-MemorySafety,1,1,CWE-252: Unchecked Dynamic Allocation Return,REJECT
devign_2612,qemu,CWE-MemorySafety,1,0,None,ACCEPT
devign_2613,qemu,CWE-MemorySafety,1,0,None,ACCEPT
devign_2614,FFmpeg,CWE-MemorySafety,1,0,None,ACCEPT
devign_2615,FFmpeg,CWE-MemorySafety,1,0,None,ACCEPT
devign_2616,FFmpeg,CWE-MemorySafety,0,0,None,ACCEPT
devign_2618,qemu,CWE-MemorySafety,1,0,None,ACCEPT
devign_2619,qemu,CWE-MemorySafety,1,0,None,ACCEPT
devign_2621,FFmpeg,CWE-MemorySafety,1,0,None,ACCEPT
devign_2622,qemu,CWE-MemorySafety,1,0,None,ACCEPT
devign_2624,FFmpeg,CWE-MemorySafety,0,0,None,ACCEPT
devign_2625,FFmpeg,CWE-MemorySafety,0,0,None,ACCEPT
devign_2626,qemu,CWE-MemorySafety,1,0,None,ACCEPT
devign_2627,qemu,CWE-MemorySafety,1,0,None,ACCEPT
devign_2628,FFmpeg,CWE-MemorySafety,1,0,None,ACCEPT
devign_2630,FFmpeg,CWE-MemorySafety,1,0,None,ACCEPT
devign_2632,FFmpeg,CWE-MemorySafety,1,0,None,ACCEPT
devign_2633,FFmpeg,CWE-MemorySafety,1,0,None,ACCEPT
devign_2634,qemu,CWE-MemorySafety,1,0,None,ACCEPT
devign_2635,FFmpeg,CWE-MemorySafety,0,0,None,ACCEPT
devign_2636,FFmpeg,CWE-MemorySafety,0,0,None,ACCEPT
devign_2638,qemu,CWE-MemorySafety,1,1,CWE-252: Unchecked Dynamic Allocation Return,REJECT
devign_2639,qemu,CWE-MemorySafety,1,0,None,ACCEPT
devign_2641,qemu,CWE-MemorySafety,1,0,None,ACCEPT
devign_2642,FFmpeg,CWE-MemorySafety,0,0,None,ACCEPT
devign_2643,FFmpeg,CWE-MemorySafety,0,1,CWE-252: Unchecked Dynamic Allocation Return,REJECT
devign_2646,qemu,CWE-MemorySafety,1,0,None,ACCEPT
devign_2647,qemu,CWE-MemorySafety,1,0,None,ACCEPT
devign_2648,FFmpeg,CWE-MemorySafety,1,1,CWE-252: Unchecked Dynamic Allocation Return,REJECT
devign_2649,FFmpeg,CWE-MemorySafety,0,0,None,ACCEPT
devign_2650,qemu,CWE-MemorySafety,1,0,None,ACCEPT
devign_2651,qemu,CWE-MemorySafety,1,1,CWE-252: Unchecked Dynamic Allocation Return,REJECT
devign_2652,qemu,CWE-MemorySafety,1,0,None,ACCEPT
devign_2653,FFmpeg,CWE-MemorySafety,1,0,None,ACCEPT
devign_2654,qemu,CWE-MemorySafety,1,0,None,ACCEPT
devign_2655,qemu,CWE-MemorySafety,1,0,None,ACCEPT
devign_2656,FFmpeg,CWE-MemorySafety,0,0,None,ACCEPT
devign_2657,qemu,CWE-MemorySafety,1,0,None,ACCEPT
devign_2658,FFmpeg,CWE-MemorySafety,1,0,None,ACCEPT
devign_2660,qemu,CWE-MemorySafety,1,1,CWE-252: Unchecked Dynamic Allocation Return,REJECT
devign_2661,FFmpeg,CWE-MemorySafety,1,0,None,ACCEPT
devign_2664,qemu,CWE-MemorySafety,0,0,None,ACCEPT
devign_2665,FFmpeg,CWE-MemorySafety,0,0,None,ACCEPT
devign_2666,qemu,CWE-MemorySafety,0,0,None,ACCEPT
devign_2667,qemu,CWE-MemorySafety,0,0,None,ACCEPT
devign_2669,qemu,CWE-MemorySafety,0,0,None,ACCEPT
devign_2670,qemu,CWE-MemorySafety,0,0,None,ACCEPT
devign_2671,qemu,CWE-MemorySafety,0,0,None,ACCEPT
devign_2672,qemu,CWE-MemorySafety,0,0,None,ACCEPT
devign_2674,FFmpeg,CWE-MemorySafety,0,0,None,ACCEPT
devign_2676,qemu,CWE-MemorySafety,0,0,None,ACCEPT
devign_2677,qemu,CWE-MemorySafety,0,0,None,ACCEPT
devign_2678,qemu,CWE-MemorySafety,0,0,None,ACCEPT
devign_2680,qemu,CWE-MemorySafety,0,0,None,ACCEPT
devign_2681,qemu,CWE-MemorySafety,0,0,None,ACCEPT
devign_2683,qemu,CWE-MemorySafety,1,0,None,ACCEPT
devign_2684,qemu,CWE-MemorySafety,1,0,None,ACCEPT
devign_2685,qemu,CWE-MemorySafety,1,0,None,ACCEPT
devign_2686,FFmpeg,CWE-MemorySafety,1,0,None,ACCEPT
devign_2687,FFmpeg,CWE-MemorySafety,1,0,None,ACCEPT
devign_2688,FFmpeg,CWE-MemorySafety,1,0,None,ACCEPT
devign_2690,FFmpeg,CWE-MemorySafety,1,0,None,ACCEPT
devign_2691,qemu,CWE-MemorySafety,1,0,None,ACCEPT
devign_2692,FFmpeg,CWE-MemorySafety,0,0,None,ACCEPT
devign_2695,FFmpeg,CWE-MemorySafety,1,1,CWE-252: Unchecked Dynamic Allocation Return,REJECT
devign_2696,FFmpeg,CWE-MemorySafety,1,0,None,ACCEPT
devign_2698,qemu,CWE-MemorySafety,1,0,None,ACCEPT
devign_2699,qemu,CWE-MemorySafety,0,0,None,ACCEPT
devign_2700,qemu,CWE-MemorySafety,0,0,None,ACCEPT
devign_2701,qemu,CWE-MemorySafety,0,0,None,ACCEPT
devign_2703,qemu,CWE-MemorySafety,0,1,CWE-252: Unchecked Dynamic Allocation Return,REJECT
devign_2704,FFmpeg,CWE-MemorySafety,0,0,None,ACCEPT
devign_2705,qemu,CWE-MemorySafety,0,0,None,ACCEPT
devign_2707,qemu,CWE-MemorySafety,0,0,None,ACCEPT
devign_2708,qemu,CWE-MemorySafety,0,0,None,ACCEPT
devign_2709,qemu,CWE-MemorySafety,0,0,None,ACCEPT
devign_2710,qemu,CWE-MemorySafety,0,0,None,ACCEPT
devign_2711,qemu,CWE-MemorySafety,0,0,None,ACCEPT
devign_2712,qemu,CWE-MemorySafety,0,0,None,ACCEPT
devign_2713,FFmpeg,CWE-MemorySafety,0,0,None,ACCEPT
devign_2715,qemu,CWE-MemorySafety,0,0,None,ACCEPT
devign_2716,qemu,CWE-MemorySafety,0,0,None,ACCEPT
devign_2717,qemu,CWE-MemorySafety,0,0,None,ACCEPT
devign_2718,FFmpeg,CWE-MemorySafety,1,1,CWE-252: Unchecked Dynamic Allocation Return,REJECT
devign_2719,FFmpeg,CWE-MemorySafety,1,0,None,ACCEPT
devign_2720,FFmpeg,CWE-MemorySafety,1,0,None,ACCEPT
devign_2721,FFmpeg,CWE-MemorySafety,1,0,None,ACCEPT
devign_2722,qemu,CWE-MemorySafety,1,0,None,ACCEPT
devign_2723,FFmpeg,CWE-MemorySafety,0,0,None,ACCEPT
devign_2724,FFmpeg,CWE-MemorySafety,0,0,None,ACCEPT
devign_2725,qemu,CWE-MemorySafety,0,0,None,ACCEPT
devign_2726,qemu,CWE-MemorySafety,0,0,None,ACCEPT
devign_2727,FFmpeg,CWE-MemorySafety,0,0,None,ACCEPT
devign_2728,qemu,CWE-MemorySafety,0,0,None,ACCEPT
devign_2729,qemu,CWE-MemorySafety,0,0,None,ACCEPT
devign_2731,qemu,CWE-MemorySafety,0,0,None,ACCEPT
devign_2733,qemu,CWE-MemorySafety,0,0,None,ACCEPT
devign_2734,qemu,CWE-MemorySafety,0,0,None,ACCEPT
devign_2735,qemu,CWE-MemorySafety,0,0,None,ACCEPT
devign_2736,FFmpeg,CWE-MemorySafety,0,1,CWE-252: Unchecked Dynamic Allocation Return,REJECT
devign_2737,qemu,CWE-MemorySafety,0,0,None,ACCEPT
devign_2738,qemu,CWE-MemorySafety,0,0,None,ACCEPT
devign_2739,qemu,CWE-MemorySafety,0,0,None,ACCEPT
devign_2740,qemu,CWE-MemorySafety,0,0,None,ACCEPT
devign_2742,qemu,CWE-MemorySafety,0,0,None,ACCEPT
devign_2743,qemu,CWE-MemorySafety,0,0,None,ACCEPT
devign_2744,qemu,CWE-MemorySafety,0,0,None,ACCEPT
devign_2745,FFmpeg,CWE-MemorySafety,0,0,None,ACCEPT
devign_2746,qemu,CWE-MemorySafety,0,0,None,ACCEPT
devign_2747,qemu,CWE-MemorySafety,0,0,None,ACCEPT
devign_2748,qemu,CWE-MemorySafety,0,0,None,ACCEPT
devign_2749,qemu,CWE-MemorySafety,0,0,None,ACCEPT
devign_2750,qemu,CWE-MemorySafety,0,0,None,ACCEPT
devign_2751,qemu,CWE-MemorySafety,0,0,None,ACCEPT
devign_2752,qemu,CWE-MemorySafety,0,0,None,ACCEPT
devign_2753,qemu,CWE-MemorySafety,0,0,None,ACCEPT
devign_2755,FFmpeg,CWE-MemorySafety,0,0,None,ACCEPT
devign_2756,FFmpeg,CWE-MemorySafety,0,0,None,ACCEPT
devign_2757,qemu,CWE-MemorySafety,1,0,None,ACCEPT
devign_2758,qemu,CWE-MemorySafety,1,0,None,ACCEPT
devign_2759,FFmpeg,CWE-MemorySafety,1,0,None,ACCEPT
devign_2760,qemu,CWE-MemorySafety,1,0,None,ACCEPT
devign_2761,qemu,CWE-MemorySafety,1,0,None,ACCEPT
devign_2762,qemu,CWE-MemorySafety,1,0,None,ACCEPT
devign_2763,qemu,CWE-MemorySafety,1,0,None,ACCEPT
devign_2764,qemu,CWE-MemorySafety,1,0,None,ACCEPT
devign_2765,FFmpeg,CWE-MemorySafety,0,0,None,ACCEPT
devign_2766,FFmpeg,CWE-MemorySafety,0,0,None,ACCEPT
devign_2767,FFmpeg,CWE-MemorySafety,0,0,None,ACCEPT
devign_2768,FFmpeg,CWE-MemorySafety,0,0,None,ACCEPT
devign_2769,FFmpeg,CWE-MemorySafety,0,0,None,ACCEPT
devign_2770,FFmpeg,CWE-MemorySafety,1,0,None,ACCEPT
devign_2772,qemu,CWE-MemorySafety,1,0,None,ACCEPT
devign_2773,FFmpeg,CWE-MemorySafety,1,1,CWE-252: Unchecked Dynamic Allocation Return,REJECT
devign_2774,FFmpeg,CWE-MemorySafety,1,0,None,ACCEPT
devign_2775,qemu,CWE-MemorySafety,1,0,None,ACCEPT
devign_2776,FFmpeg,CWE-MemorySafety,1,0,None,ACCEPT
devign_2777,FFmpeg,CWE-MemorySafety,0,0,None,ACCEPT
devign_2780,qemu,CWE-MemorySafety,1,0,None,ACCEPT
devign_2781,FFmpeg,CWE-MemorySafety,1,0,None,ACCEPT
devign_2782,FFmpeg,CWE-MemorySafety,1,1,CWE-252: Unchecked Dynamic Allocation Return,REJECT
devign_2783,FFmpeg,CWE-MemorySafety,0,0,None,ACCEPT
devign_2784,FFmpeg,CWE-MemorySafety,0,0,None,ACCEPT
devign_2785,FFmpeg,CWE-MemorySafety,0,0,None,ACCEPT
devign_2786,FFmpeg,CWE-MemorySafety,0,0,None,ACCEPT
devign_2787,FFmpeg,CWE-MemorySafety,0,0,None,ACCEPT
devign_2788,FFmpeg,CWE-MemorySafety,1,0,None,ACCEPT
devign_2789,qemu,CWE-MemorySafety,1,0,None,ACCEPT
devign_2790,FFmpeg,CWE-MemorySafety,1,0,None,ACCEPT
devign_2791,qemu,CWE-MemorySafety,1,0,None,ACCEPT
devign_2792,FFmpeg,CWE-MemorySafety,1,0,None,ACCEPT
devign_2793,FFmpeg,CWE-MemorySafety,1,1,CWE-252: Unchecked Dynamic Allocation Return,REJECT
devign_2794,FFmpeg,CWE-MemorySafety,0,0,None,ACCEPT
devign_2796,FFmpeg,CWE-MemorySafety,0,0,None,ACCEPT
devign_2797,FFmpeg,CWE-MemorySafety,1,0,None,ACCEPT
devign_2798,FFmpeg,CWE-MemorySafety,1,0,None,ACCEPT
devign_2799,qemu,CWE-MemorySafety,1,0,None,ACCEPT
devign_2800,qemu,CWE-MemorySafety,1,0,None,ACCEPT
devign_2801,FFmpeg,CWE-MemorySafety,1,0,None,ACCEPT
devign_2802,FFmpeg,CWE-MemorySafety,1,0,None,ACCEPT
devign_2803,qemu,CWE-MemorySafety,1,0,None,ACCEPT
devign_2804,qemu,CWE-MemorySafety,1,0,None,ACCEPT
devign_2805,qemu,CWE-MemorySafety,1,0,None,ACCEPT
devign_2806,FFmpeg,CWE-MemorySafety,1,0,None,ACCEPT
devign_2807,FFmpeg,CWE-MemorySafety,0,1,CWE-252: Unchecked Dynamic Allocation Return,REJECT
devign_2808,qemu,CWE-MemorySafety,0,0,None,ACCEPT
devign_2809,qemu,CWE-MemorySafety,0,0,None,ACCEPT
devign_2810,qemu,CWE-MemorySafety,0,0,None,ACCEPT
devign_2811,qemu,CWE-MemorySafety,0,0,None,ACCEPT
devign_2812,qemu,CWE-MemorySafety,0,0,None,ACCEPT
devign_2813,qemu,CWE-MemorySafety,0,0,None,ACCEPT
devign_2815,FFmpeg,CWE-MemorySafety,0,0,None,ACCEPT
devign_2816,qemu,CWE-MemorySafety,0,0,None,ACCEPT
devign_2817,qemu,CWE-MemorySafety,0,0,None,ACCEPT
devign_2818,qemu,CWE-MemorySafety,0,0,None,ACCEPT
devign_2819,qemu,CWE-MemorySafety,0,0,None,ACCEPT
devign_2820,qemu,CWE-MemorySafety,0,0,None,ACCEPT
devign_2821,qemu,CWE-MemorySafety,0,0,None,ACCEPT
devign_2822,qemu,CWE-MemorySafety,0,1,CWE-252: Unchecked Dynamic Allocation Return,REJECT
devign_2823,FFmpeg,CWE-MemorySafety,0,0,None,ACCEPT
devign_2824,FFmpeg,CWE-MemorySafety,0,0,None,ACCEPT
devign_2825,FFmpeg,CWE-MemorySafety,0,0,None,ACCEPT
devign_2826,qemu,CWE-MemorySafety,1,1,CWE-252: Unchecked Dynamic Allocation Return,REJECT
devign_2827,qemu,CWE-MemorySafety,1,0,None,ACCEPT
devign_2828,qemu,CWE-MemorySafety,1,0,None,ACCEPT
devign_2829,qemu,CWE-MemorySafety,1,0,None,ACCEPT
devign_2830,FFmpeg,CWE-MemorySafety,1,0,None,ACCEPT
devign_2831,qemu,CWE-MemorySafety,1,0,None,ACCEPT
devign_2832,FFmpeg,CWE-MemorySafety,1,0,None,ACCEPT
devign_2833,qemu,CWE-MemorySafety,1,0,None,ACCEPT
devign_2834,qemu,CWE-MemorySafety,1,0,None,ACCEPT
devign_2835,qemu,CWE-MemorySafety,1,0,None,ACCEPT
devign_2836,qemu,CWE-MemorySafety,1,0,None,ACCEPT
devign_2837,FFmpeg,CWE-MemorySafety,0,0,None,ACCEPT
devign_2838,FFmpeg,CWE-MemorySafety,0,0,None,ACCEPT
devign_2839,qemu,CWE-MemorySafety,1,0,None,ACCEPT
devign_2840,qemu,CWE-MemorySafety,1,0,None,ACCEPT
devign_2843,qemu,CWE-MemorySafety,1,0,None,ACCEPT
devign_2844,FFmpeg,CWE-MemorySafety,1,0,None,ACCEPT
devign_2846,qemu,CWE-MemorySafety,1,0,None,ACCEPT
devign_2848,FFmpeg,CWE-MemorySafety,1,0,None,ACCEPT
devign_2850,qemu,CWE-MemorySafety,1,0,None,ACCEPT
devign_2851,qemu,CWE-MemorySafety,1,0,None,ACCEPT
devign_2852,FFmpeg,CWE-MemorySafety,1,0,None,ACCEPT
devign_2854,FFmpeg,CWE-MemorySafety,1,0,None,ACCEPT
devign_2855,FFmpeg,CWE-MemorySafety,0,0,None,ACCEPT
devign_2856,FFmpeg,CWE-MemorySafety,0,0,None,ACCEPT
devign_2857,qemu,CWE-MemorySafety,1,0,None,ACCEPT
devign_2858,FFmpeg,CWE-MemorySafety,1,0,None,ACCEPT
devign_2860,qemu,CWE-MemorySafety,1,0,None,ACCEPT
devign_2861,FFmpeg,CWE-MemorySafety,1,0,None,ACCEPT
devign_2862,qemu,CWE-MemorySafety,1,0,None,ACCEPT
devign_2863,FFmpeg,CWE-MemorySafety,1,0,None,ACCEPT
devign_2865,FFmpeg,CWE-MemorySafety,0,0,None,ACCEPT
devign_2866,FFmpeg,CWE-MemorySafety,0,0,None,ACCEPT
devign_2867,qemu,CWE-MemorySafety,0,0,None,ACCEPT
devign_2869,qemu,CWE-MemorySafety,0,1,CWE-120: Unbounded String Operation | CWE-252: Unchecked Dynamic Allocation Return,REJECT
devign_2870,qemu,CWE-MemorySafety,0,0,None,ACCEPT
devign_2872,qemu,CWE-MemorySafety,0,0,None,ACCEPT
devign_2873,qemu,CWE-MemorySafety,0,0,None,ACCEPT
devign_2874,qemu,CWE-MemorySafety,0,0,None,ACCEPT
devign_2875,qemu,CWE-MemorySafety,0,0,None,ACCEPT
devign_2876,qemu,CWE-MemorySafety,0,0,None,ACCEPT
devign_2877,qemu,CWE-MemorySafety,0,0,None,ACCEPT
devign_2878,qemu,CWE-MemorySafety,0,1,CWE-252: Unchecked Dynamic Allocation Return,REJECT
devign_2879,qemu,CWE-MemorySafety,0,0,None,ACCEPT
devign_2880,qemu,CWE-MemorySafety,0,0,None,ACCEPT
devign_2881,qemu,CWE-MemorySafety,0,0,None,ACCEPT
devign_2882,FFmpeg,CWE-MemorySafety,0,0,None,ACCEPT
devign_2883,FFmpeg,CWE-MemorySafety,0,0,None,ACCEPT
devign_2884,qemu,CWE-MemorySafety,1,0,None,ACCEPT
devign_2886,qemu,CWE-MemorySafety,1,0,None,ACCEPT
devign_2887,FFmpeg,CWE-MemorySafety,1,0,None,ACCEPT
devign_2888,qemu,CWE-MemorySafety,1,0,None,ACCEPT
devign_2889,qemu,CWE-MemorySafety,1,0,None,ACCEPT
devign_2890,FFmpeg,CWE-MemorySafety,1,0,None,ACCEPT
devign_2891,qemu,CWE-MemorySafety,1,0,None,ACCEPT
devign_2892,FFmpeg,CWE-MemorySafety,1,0,None,ACCEPT
devign_2893,qemu,CWE-MemorySafety,1,0,None,ACCEPT
devign_2894,FFmpeg,CWE-MemorySafety,1,1,CWE-252: Unchecked Dynamic Allocation Return,REJECT
devign_2895,FFmpeg,CWE-MemorySafety,1,0,None,ACCEPT
devign_2896,qemu,CWE-MemorySafety,1,0,None,ACCEPT
devign_2897,FFmpeg,CWE-MemorySafety,1,0,None,ACCEPT
devign_2898,qemu,CWE-MemorySafety,1,0,None,ACCEPT
devign_2899,FFmpeg,CWE-MemorySafety,1,0,None,ACCEPT
devign_2900,qemu,CWE-MemorySafety,1,0,None,ACCEPT
devign_2901,FFmpeg,CWE-MemorySafety,1,0,None,ACCEPT
devign_2902,qemu,CWE-MemorySafety,1,0,None,ACCEPT
devign_2903,qemu,CWE-MemorySafety,1,0,None,ACCEPT
devign_2904,qemu,CWE-MemorySafety,1,0,None,ACCEPT
devign_2905,qemu,CWE-MemorySafety,1,0,None,ACCEPT
devign_2907,FFmpeg,CWE-MemorySafety,1,0,None,ACCEPT
devign_2908,qemu,CWE-MemorySafety,1,0,None,ACCEPT
devign_2909,qemu,CWE-MemorySafety,1,0,None,ACCEPT
devign_2910,qemu,CWE-MemorySafety,1,0,None,ACCEPT
devign_2911,qemu,CWE-MemorySafety,1,0,None,ACCEPT
devign_2912,qemu,CWE-MemorySafety,1,0,None,ACCEPT
devign_2913,qemu,CWE-MemorySafety,1,0,None,ACCEPT
devign_2914,FFmpeg,CWE-MemorySafety,1,0,None,ACCEPT
devign_2915,FFmpeg,CWE-MemorySafety,0,0,None,ACCEPT
devign_2916,FFmpeg,CWE-MemorySafety,0,0,None,ACCEPT
devign_2917,FFmpeg,CWE-MemorySafety,0,0,None,ACCEPT
devign_2918,qemu,CWE-MemorySafety,1,0,None,ACCEPT
devign_2919,FFmpeg,CWE-MemorySafety,1,0,None,ACCEPT
devign_2920,qemu,CWE-MemorySafety,1,0,None,ACCEPT
devign_2921,qemu,CWE-MemorySafety,1,0,None,ACCEPT
devign_2922,FFmpeg,CWE-MemorySafety,1,0,None,ACCEPT
devign_2924,qemu,CWE-MemorySafety,1,0,None,ACCEPT
devign_2925,qemu,CWE-MemorySafety,1,0,None,ACCEPT
devign_2927,FFmpeg,CWE-MemorySafety,1,0,None,ACCEPT
devign_2929,FFmpeg,CWE-MemorySafety,0,0,None,ACCEPT
devign_2930,FFmpeg,CWE-MemorySafety,1,0,None,ACCEPT
devign_2931,qemu,CWE-MemorySafety,1,0,None,ACCEPT
devign_2932,FFmpeg,CWE-MemorySafety,1,0,None,ACCEPT
devign_2933,FFmpeg,CWE-MemorySafety,0,0,None,ACCEPT
devign_2935,qemu,CWE-MemorySafety,1,0,None,ACCEPT
devign_2937,qemu,CWE-MemorySafety,1,0,None,ACCEPT
devign_2938,qemu,CWE-MemorySafety,1,0,None,ACCEPT
devign_2939,FFmpeg,CWE-MemorySafety,1,0,None,ACCEPT
devign_2940,qemu,CWE-MemorySafety,1,0,None,ACCEPT
devign_2941,FFmpeg,CWE-MemorySafety,1,1,CWE-252: Unchecked Dynamic Allocation Return,REJECT
devign_2942,qemu,CWE-MemorySafety,1,0,None,ACCEPT
devign_2943,FFmpeg,CWE-MemorySafety,0,0,None,ACCEPT
devign_2945,FFmpeg,CWE-MemorySafety,0,0,None,ACCEPT
devign_2946,FFmpeg,CWE-MemorySafety,0,0,None,ACCEPT
devign_2947,FFmpeg,CWE-MemorySafety,0,0,None,ACCEPT
devign_2950,qemu,CWE-MemorySafety,1,0,None,ACCEPT
devign_2951,FFmpeg,CWE-MemorySafety,1,0,None,ACCEPT
devign_2953,FFmpeg,CWE-MemorySafety,0,0,None,ACCEPT
devign_2954,FFmpeg,CWE-MemorySafety,1,0,None,ACCEPT
devign_2955,qemu,CWE-MemorySafety,1,0,None,ACCEPT
devign_2956,qemu,CWE-MemorySafety,1,0,None,ACCEPT
devign_2957,qemu,CWE-MemorySafety,1,0,None,ACCEPT
devign_2958,qemu,CWE-MemorySafety,1,0,None,ACCEPT
devign_2960,FFmpeg,CWE-MemorySafety,1,0,None,ACCEPT
devign_2962,FFmpeg,CWE-MemorySafety,1,0,None,ACCEPT
devign_2963,FFmpeg,CWE-MemorySafety,1,1,CWE-252: Unchecked Dynamic Allocation Return,REJECT
devign_2964,FFmpeg,CWE-MemorySafety,1,0,None,ACCEPT
devign_2965,qemu,CWE-MemorySafety,1,0,None,ACCEPT
devign_2966,qemu,CWE-MemorySafety,1,0,None,ACCEPT
devign_2967,qemu,CWE-MemorySafety,1,0,None,ACCEPT
devign_2968,FFmpeg,CWE-MemorySafety,1,0,None,ACCEPT
devign_2969,qemu,CWE-MemorySafety,1,0,None,ACCEPT
devign_2970,qemu,CWE-MemorySafety,0,0,None,ACCEPT
devign_2971,qemu,CWE-MemorySafety,0,0,None,ACCEPT
devign_2972,qemu,CWE-MemorySafety,0,0,None,ACCEPT
devign_2973,qemu,CWE-MemorySafety,0,0,None,ACCEPT
devign_2974,qemu,CWE-MemorySafety,0,0,None,ACCEPT
devign_2975,qemu,CWE-MemorySafety,0,1,CWE-120: Unbounded String Operation,REJECT
devign_2977,FFmpeg,CWE-MemorySafety,0,0,None,ACCEPT
devign_2978,FFmpeg,CWE-MemorySafety,0,0,None,ACCEPT
devign_2980,qemu,CWE-MemorySafety,0,0,None,ACCEPT
devign_2982,qemu,CWE-MemorySafety,0,0,None,ACCEPT
devign_2983,qemu,CWE-MemorySafety,0,0,None,ACCEPT
devign_2984,qemu,CWE-MemorySafety,0,0,None,ACCEPT
devign_2985,qemu,CWE-MemorySafety,0,0,None,ACCEPT
devign_2986,qemu,CWE-MemorySafety,0,0,None,ACCEPT
devign_2987,qemu,CWE-MemorySafety,0,0,None,ACCEPT
devign_2988,qemu,CWE-MemorySafety,0,0,None,ACCEPT
devign_2989,qemu,CWE-MemorySafety,0,0,None,ACCEPT
devign_2990,qemu,CWE-MemorySafety,0,0,None,ACCEPT
devign_2991,qemu,CWE-MemorySafety,0,0,None,ACCEPT
devign_2992,qemu,CWE-MemorySafety,0,0,None,ACCEPT
devign_2994,qemu,CWE-MemorySafety,0,0,None,ACCEPT
devign_2995,qemu,CWE-MemorySafety,1,0,None,ACCEPT
devign_2997,qemu,CWE-MemorySafety,1,0,None,ACCEPT
devign_2999,FFmpeg,CWE-MemorySafety,1,0,None,ACCEPT
devign_3000,FFmpeg,CWE-MemorySafety,1,0,None,ACCEPT
devign_3001,FFmpeg,CWE-MemorySafety,1,0,None,ACCEPT
devign_3002,FFmpeg,CWE-MemorySafety,0,0,None,ACCEPT
devign_3003,FFmpeg,CWE-MemorySafety,1,0,None,ACCEPT
devign_3004,qemu,CWE-MemorySafety,1,0,None,ACCEPT
devign_3005,FFmpeg,CWE-MemorySafety,1,1,CWE-252: Unchecked Dynamic Allocation Return,REJECT
devign_3006,FFmpeg,CWE-MemorySafety,0,0,None,ACCEPT
devign_3007,qemu,CWE-MemorySafety,1,0,None,ACCEPT
devign_3008,qemu,CWE-MemorySafety,1,0,None,ACCEPT
devign_3013,qemu,CWE-MemorySafety,1,0,None,ACCEPT
devign_3014,qemu,CWE-MemorySafety,1,0,None,ACCEPT
devign_3016,qemu,CWE-MemorySafety,1,0,None,ACCEPT
devign_3018,qemu,CWE-MemorySafety,1,0,None,ACCEPT
devign_3020,FFmpeg,CWE-MemorySafety,1,0,None,ACCEPT
devign_3021,qemu,CWE-MemorySafety,1,0,None,ACCEPT
devign_3022,qemu,CWE-MemorySafety,1,0,None,ACCEPT
devign_3023,qemu,CWE-MemorySafety,1,0,None,ACCEPT
devign_3024,qemu,CWE-MemorySafety,1,0,None,ACCEPT
devign_3025,qemu,CWE-MemorySafety,1,0,None,ACCEPT
devign_3026,qemu,CWE-MemorySafety,1,0,None,ACCEPT
devign_3027,qemu,CWE-MemorySafety,1,0,None,ACCEPT
devign_3028,qemu,CWE-MemorySafety,1,0,None,ACCEPT
devign_3029,qemu,CWE-MemorySafety,1,0,None,ACCEPT
devign_3030,FFmpeg,CWE-MemorySafety,1,0,None,ACCEPT
devign_3032,FFmpeg,CWE-MemorySafety,0,0,None,ACCEPT
devign_3033,FFmpeg,CWE-MemorySafety,0,0,None,ACCEPT
devign_3034,FFmpeg,CWE-MemorySafety,0,0,None,ACCEPT
devign_3035,FFmpeg,CWE-MemorySafety,0,0,None,ACCEPT
devign_3036,qemu,CWE-MemorySafety,1,0,None,ACCEPT
devign_3037,qemu,CWE-MemorySafety,1,0,None,ACCEPT
devign_3038,qemu,CWE-MemorySafety,1,0,None,ACCEPT
devign_3039,qemu,CWE-MemorySafety,1,0,None,ACCEPT
devign_3040,qemu,CWE-MemorySafety,1,0,None,ACCEPT
devign_3042,FFmpeg,CWE-MemorySafety,1,0,None,ACCEPT
devign_3043,qemu,CWE-MemorySafety,1,0,None,ACCEPT
devign_3044,qemu,CWE-MemorySafety,1,0,None,ACCEPT
devign_3047,FFmpeg,CWE-MemorySafety,1,0,None,ACCEPT
devign_3048,qemu,CWE-MemorySafety,1,0,None,ACCEPT
devign_3049,qemu,CWE-MemorySafety,1,0,None,ACCEPT
devign_3050,qemu,CWE-MemorySafety,1,0,None,ACCEPT
devign_3052,qemu,CWE-MemorySafety,1,0,None,ACCEPT
devign_3053,FFmpeg,CWE-MemorySafety,1,0,None,ACCEPT
devign_3054,qemu,CWE-MemorySafety,1,0,None,ACCEPT
devign_3055,FFmpeg,CWE-MemorySafety,1,0,None,ACCEPT
devign_3056,qemu,CWE-MemorySafety,1,0,None,ACCEPT
devign_3057,FFmpeg,CWE-MemorySafety,0,0,None,ACCEPT
devign_3058,FFmpeg,CWE-MemorySafety,0,0,None,ACCEPT
devign_3059,FFmpeg,CWE-MemorySafety,0,0,None,ACCEPT
devign_3060,FFmpeg,CWE-MemorySafety,0,0,None,ACCEPT
devign_3061,FFmpeg,CWE-MemorySafety,0,0,None,ACCEPT
devign_3062,qemu,CWE-MemorySafety,0,0,None,ACCEPT
devign_3063,qemu,CWE-MemorySafety,0,0,None,ACCEPT
devign_3064,qemu,CWE-MemorySafety,0,0,None,ACCEPT
devign_3065,qemu,CWE-MemorySafety,0,0,None,ACCEPT
devign_3066,qemu,CWE-MemorySafety,0,0,None,ACCEPT
devign_3067,qemu,CWE-MemorySafety,0,0,None,ACCEPT
devign_3068,qemu,CWE-MemorySafety,0,0,None,ACCEPT
devign_3069,qemu,CWE-MemorySafety,0,0,None,ACCEPT
devign_3070,qemu,CWE-MemorySafety,0,0,None,ACCEPT
devign_3071,qemu,CWE-MemorySafety,0,0,None,ACCEPT
devign_3072,qemu,CWE-MemorySafety,0,0,None,ACCEPT
devign_3073,FFmpeg,CWE-MemorySafety,0,1,CWE-252: Unchecked Dynamic Allocation Return,REJECT
devign_3074,FFmpeg,CWE-MemorySafety,0,0,None,ACCEPT
devign_3075,qemu,CWE-MemorySafety,0,0,None,ACCEPT
devign_3076,qemu,CWE-MemorySafety,0,0,None,ACCEPT
devign_3078,qemu,CWE-MemorySafety,0,0,None,ACCEPT
devign_3079,qemu,CWE-MemorySafety,0,0,None,ACCEPT
devign_3080,qemu,CWE-MemorySafety,0,0,None,ACCEPT
devign_3081,qemu,CWE-MemorySafety,0,0,None,ACCEPT
devign_3082,qemu,CWE-MemorySafety,0,0,None,ACCEPT
devign_3083,qemu,CWE-MemorySafety,0,0,None,ACCEPT
devign_3084,FFmpeg,CWE-MemorySafety,0,0,None,ACCEPT
devign_3085,qemu,CWE-MemorySafety,0,0,None,ACCEPT
devign_3086,qemu,CWE-MemorySafety,0,0,None,ACCEPT
devign_3087,qemu,CWE-MemorySafety,0,0,None,ACCEPT
devign_3088,qemu,CWE-MemorySafety,0,0,None,ACCEPT
devign_3089,qemu,CWE-MemorySafety,0,1,CWE-252: Unchecked Dynamic Allocation Return,REJECT
devign_3090,qemu,CWE-MemorySafety,0,0,None,ACCEPT
devign_3091,qemu,CWE-MemorySafety,0,0,None,ACCEPT
devign_3092,qemu,CWE-MemorySafety,0,0,None,ACCEPT
devign_3093,FFmpeg,CWE-MemorySafety,0,0,None,ACCEPT
devign_3094,qemu,CWE-MemorySafety,0,0,None,ACCEPT
devign_3095,qemu,CWE-MemorySafety,0,0,None,ACCEPT
devign_3096,qemu,CWE-MemorySafety,0,0,None,ACCEPT
devign_3097,qemu,CWE-MemorySafety,0,0,None,ACCEPT
devign_3098,qemu,CWE-MemorySafety,0,0,None,ACCEPT
devign_3099,qemu,CWE-MemorySafety,0,0,None,ACCEPT
devign_3100,qemu,CWE-MemorySafety,0,0,None,ACCEPT
devign_3101,qemu,CWE-MemorySafety,0,0,None,ACCEPT
devign_3102,FFmpeg,CWE-MemorySafety,0,0,None,ACCEPT
devign_3103,qemu,CWE-MemorySafety,0,0,None,ACCEPT
devign_3104,qemu,CWE-MemorySafety,0,0,None,ACCEPT
devign_3105,qemu,CWE-MemorySafety,0,0,None,ACCEPT
devign_3106,qemu,CWE-MemorySafety,0,0,None,ACCEPT
devign_3107,qemu,CWE-MemorySafety,0,0,None,ACCEPT
devign_3108,qemu,CWE-MemorySafety,0,0,None,ACCEPT
devign_3109,FFmpeg,CWE-MemorySafety,0,0,None,ACCEPT
devign_3110,qemu,CWE-MemorySafety,0,0,None,ACCEPT
devign_3111,qemu,CWE-MemorySafety,0,0,None,ACCEPT
devign_3112,qemu,CWE-MemorySafety,0,0,None,ACCEPT
devign_3113,qemu,CWE-MemorySafety,0,0,None,ACCEPT
devign_3114,qemu,CWE-MemorySafety,0,0,None,ACCEPT
devign_3115,qemu,CWE-MemorySafety,0,0,None,ACCEPT
devign_3117,FFmpeg,CWE-MemorySafety,0,0,None,ACCEPT
devign_3118,FFmpeg,CWE-MemorySafety,0,1,CWE-252: Unchecked Dynamic Allocation Return,REJECT
devign_3119,qemu,CWE-MemorySafety,1,0,None,ACCEPT
devign_3120,FFmpeg,CWE-MemorySafety,1,0,None,ACCEPT
devign_3121,qemu,CWE-MemorySafety,1,0,None,ACCEPT
devign_3122,qemu,CWE-MemorySafety,1,0,None,ACCEPT
devign_3123,qemu,CWE-MemorySafety,1,0,None,ACCEPT
devign_3124,qemu,CWE-MemorySafety,1,0,None,ACCEPT
devign_3125,FFmpeg,CWE-MemorySafety,1,0,None,ACCEPT
devign_3126,FFmpeg,CWE-MemorySafety,1,0,None,ACCEPT
devign_3127,FFmpeg,CWE-MemorySafety,0,0,None,ACCEPT
devign_3128,qemu,CWE-MemorySafety,0,0,None,ACCEPT
devign_3131,qemu,CWE-MemorySafety,0,0,None,ACCEPT
devign_3133,qemu,CWE-MemorySafety,0,0,None,ACCEPT
devign_3134,qemu,CWE-MemorySafety,0,0,None,ACCEPT
devign_3135,qemu,CWE-MemorySafety,0,0,None,ACCEPT
devign_3136,qemu,CWE-MemorySafety,0,0,None,ACCEPT
devign_3137,qemu,CWE-MemorySafety,0,0,None,ACCEPT
devign_3138,qemu,CWE-MemorySafety,0,0,None,ACCEPT
devign_3140,qemu,CWE-MemorySafety,0,0,None,ACCEPT
devign_3141,qemu,CWE-MemorySafety,0,0,None,ACCEPT
devign_3142,FFmpeg,CWE-MemorySafety,0,0,None,ACCEPT
devign_3144,qemu,CWE-MemorySafety,0,0,None,ACCEPT
devign_3146,qemu,CWE-MemorySafety,0,0,None,ACCEPT
devign_3148,qemu,CWE-MemorySafety,0,0,None,ACCEPT
devign_3149,qemu,CWE-MemorySafety,0,0,None,ACCEPT
devign_3150,FFmpeg,CWE-MemorySafety,1,0,None,ACCEPT
devign_3151,qemu,CWE-MemorySafety,1,0,None,ACCEPT
devign_3153,FFmpeg,CWE-MemorySafety,1,0,None,ACCEPT
devign_3154,FFmpeg,CWE-MemorySafety,1,0,None,ACCEPT
devign_3155,FFmpeg,CWE-MemorySafety,1,0,None,ACCEPT
devign_3157,FFmpeg,CWE-MemorySafety,1,0,None,ACCEPT
devign_3158,FFmpeg,CWE-MemorySafety,1,0,None,ACCEPT
devign_3159,qemu,CWE-MemorySafety,1,0,None,ACCEPT
devign_3160,qemu,CWE-MemorySafety,1,0,None,ACCEPT
devign_3161,qemu,CWE-MemorySafety,1,0,None,ACCEPT
devign_3162,FFmpeg,CWE-MemorySafety,1,0,None,ACCEPT
devign_3163,qemu,CWE-MemorySafety,1,0,None,ACCEPT
devign_3164,FFmpeg,CWE-MemorySafety,0,0,None,ACCEPT
devign_3165,FFmpeg,CWE-MemorySafety,0,0,None,ACCEPT
devign_3166,FFmpeg,CWE-MemorySafety,0,0,None,ACCEPT
devign_3167,FFmpeg,CWE-MemorySafety,1,0,None,ACCEPT
devign_3169,qemu,CWE-MemorySafety,1,1,CWE-252: Unchecked Dynamic Allocation Return,REJECT
devign_3170,qemu,CWE-MemorySafety,1,0,None,ACCEPT
devign_3171,qemu,CWE-MemorySafety,1,0,None,ACCEPT
devign_3172,FFmpeg,CWE-MemorySafety,1,0,None,ACCEPT
devign_3173,FFmpeg,CWE-MemorySafety,1,0,None,ACCEPT
devign_3176,FFmpeg,CWE-MemorySafety,1,0,None,ACCEPT
devign_3177,qemu,CWE-MemorySafety,1,0,None,ACCEPT
devign_3178,qemu,CWE-MemorySafety,1,0,None,ACCEPT
devign_3180,qemu,CWE-MemorySafety,1,0,None,ACCEPT
devign_3181,qemu,CWE-MemorySafety,1,1,CWE-252: Unchecked Dynamic Allocation Return,REJECT
devign_3182,FFmpeg,CWE-MemorySafety,1,0,None,ACCEPT
devign_3184,qemu,CWE-MemorySafety,1,0,None,ACCEPT
devign_3185,qemu,CWE-MemorySafety,1,0,None,ACCEPT
devign_3186,FFmpeg,CWE-MemorySafety,1,0,None,ACCEPT
devign_3187,FFmpeg,CWE-MemorySafety,1,0,None,ACCEPT
devign_3188,qemu,CWE-MemorySafety,1,0,None,ACCEPT
devign_3189,FFmpeg,CWE-MemorySafety,0,0,None,ACCEPT
devign_3190,FFmpeg,CWE-MemorySafety,0,0,None,ACCEPT
devign_3191,FFmpeg,CWE-MemorySafety,0,0,None,ACCEPT
devign_3192,FFmpeg,CWE-MemorySafety,0,0,None,ACCEPT
devign_3193,FFmpeg,CWE-MemorySafety,0,0,None,ACCEPT
devign_3196,qemu,CWE-MemorySafety,1,1,CWE-120: Unbounded String Operation,REJECT
devign_3198,qemu,CWE-MemorySafety,1,0,None,ACCEPT
devign_3199,qemu,CWE-MemorySafety,1,0,None,ACCEPT
devign_3200,FFmpeg,CWE-MemorySafety,1,0,None,ACCEPT
devign_3201,qemu,CWE-MemorySafety,1,0,None,ACCEPT
devign_3203,qemu,CWE-MemorySafety,0,0,None,ACCEPT
devign_3204,qemu,CWE-MemorySafety,0,0,None,ACCEPT
devign_3205,qemu,CWE-MemorySafety,0,0,None,ACCEPT
devign_3206,qemu,CWE-MemorySafety,0,0,None,ACCEPT
devign_3207,qemu,CWE-MemorySafety,0,0,None,ACCEPT
devign_3210,qemu,CWE-MemorySafety,0,0,None,ACCEPT
devign_3212,FFmpeg,CWE-MemorySafety,0,0,None,ACCEPT
devign_3213,qemu,CWE-MemorySafety,0,1,CWE-252: Unchecked Dynamic Allocation Return,REJECT
devign_3215,qemu,CWE-MemorySafety,0,0,None,ACCEPT
devign_3216,qemu,CWE-MemorySafety,0,0,None,ACCEPT
devign_3217,qemu,CWE-MemorySafety,0,0,None,ACCEPT
devign_3218,qemu,CWE-MemorySafety,0,0,None,ACCEPT
devign_3219,qemu,CWE-MemorySafety,0,0,None,ACCEPT
devign_3220,qemu,CWE-MemorySafety,0,0,None,ACCEPT
devign_3221,qemu,CWE-MemorySafety,0,0,None,ACCEPT
devign_3222,FFmpeg,CWE-MemorySafety,0,0,None,ACCEPT
devign_3223,qemu,CWE-MemorySafety,0,0,None,ACCEPT
devign_3224,qemu,CWE-MemorySafety,0,0,None,ACCEPT
devign_3225,FFmpeg,CWE-MemorySafety,1,0,None,ACCEPT
devign_3226,qemu,CWE-MemorySafety,1,0,None,ACCEPT
devign_3228,qemu,CWE-MemorySafety,1,1,CWE-252: Unchecked Dynamic Allocation Return,REJECT
devign_3229,qemu,CWE-MemorySafety,1,0,None,ACCEPT
devign_3231,FFmpeg,CWE-MemorySafety,1,0,None,ACCEPT
devign_3232,qemu,CWE-MemorySafety,1,0,None,ACCEPT
devign_3233,FFmpeg,CWE-MemorySafety,1,1,CWE-252: Unchecked Dynamic Allocation Return,REJECT
devign_3234,FFmpeg,CWE-MemorySafety,1,0,None,ACCEPT
devign_3236,FFmpeg,CWE-MemorySafety,1,0,None,ACCEPT
devign_3237,FFmpeg,CWE-MemorySafety,0,0,None,ACCEPT
devign_3239,FFmpeg,CWE-MemorySafety,1,1,CWE-252: Unchecked Dynamic Allocation Return,REJECT
devign_3240,FFmpeg,CWE-MemorySafety,1,0,None,ACCEPT
devign_3242,qemu,CWE-MemorySafety,1,0,None,ACCEPT
devign_3243,FFmpeg,CWE-MemorySafety,0,0,None,ACCEPT
devign_3244,FFmpeg,CWE-MemorySafety,0,0,None,ACCEPT
devign_3246,FFmpeg,CWE-MemorySafety,0,0,None,ACCEPT
devign_3247,qemu,CWE-MemorySafety,1,0,None,ACCEPT
devign_3248,qemu,CWE-MemorySafety,1,0,None,ACCEPT
devign_3249,FFmpeg,CWE-MemorySafety,1,0,None,ACCEPT
devign_3250,FFmpeg,CWE-MemorySafety,1,1,CWE-252: Unchecked Dynamic Allocation Return,REJECT
devign_3251,qemu,CWE-MemorySafety,1,0,None,ACCEPT
devign_3252,qemu,CWE-MemorySafety,1,0,None,ACCEPT
devign_3253,FFmpeg,CWE-MemorySafety,1,0,None,ACCEPT
devign_3254,qemu,CWE-MemorySafety,1,1,CWE-252: Unchecked Dynamic Allocation Return,REJECT
devign_3255,FFmpeg,CWE-MemorySafety,1,0,None,ACCEPT
devign_3256,qemu,CWE-MemorySafety,1,0,None,ACCEPT
devign_3258,FFmpeg,CWE-MemorySafety,1,0,None,ACCEPT
devign_3259,FFmpeg,CWE-MemorySafety,1,0,None,ACCEPT
devign_3260,FFmpeg,CWE-MemorySafety,1,0,None,ACCEPT
devign_3261,qemu,CWE-MemorySafety,1,0,None,ACCEPT
devign_3262,FFmpeg,CWE-MemorySafety,0,0,None,ACCEPT
devign_3263,FFmpeg,CWE-MemorySafety,0,1,CWE-252: Unchecked Dynamic Allocation Return,REJECT
devign_3265,FFmpeg,CWE-MemorySafety,0,0,None,ACCEPT
devign_3267,FFmpeg,CWE-MemorySafety,0,0,None,ACCEPT
devign_3269,FFmpeg,CWE-MemorySafety,1,0,None,ACCEPT
devign_3270,qemu,CWE-MemorySafety,1,0,None,ACCEPT
devign_3271,qemu,CWE-MemorySafety,1,0,None,ACCEPT
devign_3272,qemu,CWE-MemorySafety,1,0,None,ACCEPT
devign_3273,FFmpeg,CWE-MemorySafety,0,0,None,ACCEPT
devign_3274,FFmpeg,CWE-MemorySafety,0,0,None,ACCEPT
devign_3275,FFmpeg,CWE-MemorySafety,0,0,None,ACCEPT
devign_3277,FFmpeg,CWE-MemorySafety,1,0,None,ACCEPT
devign_3278,qemu,CWE-MemorySafety,1,0,None,ACCEPT
devign_3280,FFmpeg,CWE-MemorySafety,1,0,None,ACCEPT
devign_3282,FFmpeg,CWE-MemorySafety,0,0,None,ACCEPT
devign_3283,FFmpeg,CWE-MemorySafety,0,0,None,ACCEPT
devign_3284,FFmpeg,CWE-MemorySafety,0,0,None,ACCEPT
devign_3285,FFmpeg,CWE-MemorySafety,0,0,None,ACCEPT
devign_3286,FFmpeg,CWE-MemorySafety,0,0,None,ACCEPT
devign_3287,FFmpeg,CWE-MemorySafety,0,0,None,ACCEPT
devign_3289,qemu,CWE-MemorySafety,1,0,None,ACCEPT
devign_3290,qemu,CWE-MemorySafety,1,0,None,ACCEPT
devign_3291,qemu,CWE-MemorySafety,1,0,None,ACCEPT
devign_3293,FFmpeg,CWE-MemorySafety,1,0,None,ACCEPT
devign_3294,FFmpeg,CWE-MemorySafety,1,0,None,ACCEPT
devign_3295,qemu,CWE-MemorySafety,1,0,None,ACCEPT
devign_3296,FFmpeg,CWE-MemorySafety,0,0,None,ACCEPT
devign_3297,FFmpeg,CWE-MemorySafety,0,0,None,ACCEPT
devign_3298,FFmpeg,CWE-MemorySafety,1,0,None,ACCEPT
devign_3300,FFmpeg,CWE-MemorySafety,1,0,None,ACCEPT
devign_3303,qemu,CWE-MemorySafety,1,0,None,ACCEPT
devign_3304,FFmpeg,CWE-MemorySafety,1,0,None,ACCEPT
devign_3306,qemu,CWE-MemorySafety,1,0,None,ACCEPT
devign_3308,qemu,CWE-MemorySafety,1,0,None,ACCEPT
devign_3309,qemu,CWE-MemorySafety,1,0,None,ACCEPT
devign_3310,FFmpeg,CWE-MemorySafety,1,1,CWE-120: Unbounded String Operation,REJECT
devign_3311,qemu,CWE-MemorySafety,1,0,None,ACCEPT
devign_3312,FFmpeg,CWE-MemorySafety,0,0,None,ACCEPT
devign_3313,qemu,CWE-MemorySafety,1,0,None,ACCEPT
devign_3314,qemu,CWE-MemorySafety,1,0,None,ACCEPT
devign_3315,qemu,CWE-MemorySafety,1,0,None,ACCEPT
devign_3316,qemu,CWE-MemorySafety,1,0,None,ACCEPT
devign_3318,qemu,CWE-MemorySafety,1,0,None,ACCEPT
devign_3319,FFmpeg,CWE-MemorySafety,1,0,None,ACCEPT
devign_3320,qemu,CWE-MemorySafety,1,0,None,ACCEPT
devign_3321,FFmpeg,CWE-MemorySafety,1,0,None,ACCEPT
devign_3323,FFmpeg,CWE-MemorySafety,1,1,CWE-252: Unchecked Dynamic Allocation Return,REJECT
devign_3324,qemu,CWE-MemorySafety,1,0,None,ACCEPT
devign_3325,FFmpeg,CWE-MemorySafety,1,0,None,ACCEPT
devign_3326,qemu,CWE-MemorySafety,1,0,None,ACCEPT
devign_3327,qemu,CWE-MemorySafety,1,0,None,ACCEPT
devign_3328,qemu,CWE-MemorySafety,1,0,None,ACCEPT
devign_3329,FFmpeg,CWE-MemorySafety,1,0,None,ACCEPT
devign_3330,qemu,CWE-MemorySafety,1,0,None,ACCEPT
devign_3331,FFmpeg,CWE-MemorySafety,1,0,None,ACCEPT
devign_3332,qemu,CWE-MemorySafety,1,0,None,ACCEPT
devign_3333,FFmpeg,CWE-MemorySafety,1,0,None,ACCEPT
devign_3335,qemu,CWE-MemorySafety,1,0,None,ACCEPT
devign_3336,FFmpeg,CWE-MemorySafety,1,0,None,ACCEPT
devign_3337,FFmpeg,CWE-MemorySafety,1,0,None,ACCEPT
devign_3338,FFmpeg,CWE-MemorySafety,1,0,None,ACCEPT
devign_3339,qemu,CWE-MemorySafety,1,0,None,ACCEPT
devign_3340,FFmpeg,CWE-MemorySafety,1,0,None,ACCEPT
devign_3341,qemu,CWE-MemorySafety,1,0,None,ACCEPT
devign_3342,qemu,CWE-MemorySafety,1,0,None,ACCEPT
devign_3343,qemu,CWE-MemorySafety,1,0,None,ACCEPT
devign_3344,qemu,CWE-MemorySafety,0,0,None,ACCEPT
devign_3345,qemu,CWE-MemorySafety,0,0,None,ACCEPT
devign_3346,qemu,CWE-MemorySafety,0,0,None,ACCEPT
devign_3348,qemu,CWE-MemorySafety,0,0,None,ACCEPT
devign_3349,qemu,CWE-MemorySafety,0,0,None,ACCEPT
devign_3350,qemu,CWE-MemorySafety,0,0,None,ACCEPT
devign_3351,FFmpeg,CWE-MemorySafety,0,0,None,ACCEPT
devign_3353,qemu,CWE-MemorySafety,0,0,None,ACCEPT
devign_3354,qemu,CWE-MemorySafety,0,0,None,ACCEPT
devign_3355,qemu,CWE-MemorySafety,0,0,None,ACCEPT
devign_3356,qemu,CWE-MemorySafety,0,0,None,ACCEPT
devign_3357,qemu,CWE-MemorySafety,0,0,None,ACCEPT
devign_3358,qemu,CWE-MemorySafety,0,0,None,ACCEPT
devign_3359,FFmpeg,CWE-MemorySafety,0,0,None,ACCEPT
devign_3360,qemu,CWE-MemorySafety,0,0,None,ACCEPT
devign_3361,qemu,CWE-MemorySafety,0,0,None,ACCEPT
devign_3363,qemu,CWE-MemorySafety,0,0,None,ACCEPT
devign_3364,qemu,CWE-MemorySafety,0,0,None,ACCEPT
devign_3365,qemu,CWE-MemorySafety,0,0,None,ACCEPT
devign_3366,qemu,CWE-MemorySafety,0,0,None,ACCEPT
devign_3367,qemu,CWE-MemorySafety,0,0,None,ACCEPT
devign_3368,qemu,CWE-MemorySafety,0,0,None,ACCEPT
devign_3369,FFmpeg,CWE-MemorySafety,0,0,None,ACCEPT
devign_3370,qemu,CWE-MemorySafety,0,0,None,ACCEPT
devign_3371,qemu,CWE-MemorySafety,0,0,None,ACCEPT
devign_3373,qemu,CWE-MemorySafety,0,0,None,ACCEPT
devign_3374,qemu,CWE-MemorySafety,1,0,None,ACCEPT
devign_3375,FFmpeg,CWE-MemorySafety,1,0,None,ACCEPT
devign_3376,qemu,CWE-MemorySafety,1,0,None,ACCEPT
devign_3377,qemu,CWE-MemorySafety,1,0,None,ACCEPT
devign_3378,FFmpeg,CWE-MemorySafety,0,0,None,ACCEPT
devign_3379,FFmpeg,CWE-MemorySafety,0,0,None,ACCEPT
devign_3380,qemu,CWE-MemorySafety,1,0,None,ACCEPT
devign_3382,qemu,CWE-MemorySafety,1,0,None,ACCEPT
devign_3384,qemu,CWE-MemorySafety,1,0,None,ACCEPT
devign_3385,FFmpeg,CWE-MemorySafety,1,0,None,ACCEPT
devign_3386,qemu,CWE-MemorySafety,1,0,None,ACCEPT
devign_3387,FFmpeg,CWE-MemorySafety,1,1,CWE-252: Unchecked Dynamic Allocation Return,REJECT
devign_3388,qemu,CWE-MemorySafety,1,0,None,ACCEPT
devign_3389,qemu,CWE-MemorySafety,1,0,None,ACCEPT
devign_3391,FFmpeg,CWE-MemorySafety,1,0,None,ACCEPT
devign_3392,FFmpeg,CWE-MemorySafety,1,0,None,ACCEPT
devign_3393,qemu,CWE-MemorySafety,1,0,None,ACCEPT
devign_3395,qemu,CWE-MemorySafety,1,0,None,ACCEPT
devign_3396,FFmpeg,CWE-MemorySafety,1,0,None,ACCEPT
devign_3397,FFmpeg,CWE-MemorySafety,1,1,CWE-252: Unchecked Dynamic Allocation Return,REJECT
devign_3398,FFmpeg,CWE-MemorySafety,1,0,None,ACCEPT
devign_3400,FFmpeg,CWE-MemorySafety,1,0,None,ACCEPT
devign_3402,qemu,CWE-MemorySafety,0,0,None,ACCEPT
devign_3403,qemu,CWE-MemorySafety,0,0,None,ACCEPT
devign_3404,qemu,CWE-MemorySafety,0,0,None,ACCEPT
devign_3405,FFmpeg,CWE-MemorySafety,0,0,None,ACCEPT
devign_3407,qemu,CWE-MemorySafety,0,0,None,ACCEPT
devign_3408,qemu,CWE-MemorySafety,0,0,None,ACCEPT
devign_3409,qemu,CWE-MemorySafety,0,0,None,ACCEPT
devign_3410,qemu,CWE-MemorySafety,0,0,None,ACCEPT
devign_3411,qemu,CWE-MemorySafety,0,0,None,ACCEPT
devign_3412,qemu,CWE-MemorySafety,0,0,None,ACCEPT
devign_3413,qemu,CWE-MemorySafety,0,0,None,ACCEPT
devign_3414,qemu,CWE-MemorySafety,0,0,None,ACCEPT
devign_3415,FFmpeg,CWE-MemorySafety,0,0,None,ACCEPT
devign_3416,qemu,CWE-MemorySafety,0,0,None,ACCEPT
devign_3417,qemu,CWE-MemorySafety,0,0,None,ACCEPT
devign_3418,qemu,CWE-MemorySafety,0,0,None,ACCEPT
devign_3419,qemu,CWE-MemorySafety,0,0,None,ACCEPT
devign_3420,qemu,CWE-MemorySafety,0,0,None,ACCEPT
devign_3421,FFmpeg,CWE-MemorySafety,0,0,None,ACCEPT
devign_3423,FFmpeg,CWE-MemorySafety,0,0,None,ACCEPT
devign_3424,FFmpeg,CWE-MemorySafety,0,0,None,ACCEPT
devign_3425,FFmpeg,CWE-MemorySafety,0,0,None,ACCEPT
devign_3426,qemu,CWE-MemorySafety,0,0,None,ACCEPT
devign_3427,qemu,CWE-MemorySafety,0,0,None,ACCEPT
devign_3428,qemu,CWE-MemorySafety,0,0,None,ACCEPT
devign_3430,qemu,CWE-MemorySafety,0,0,None,ACCEPT
devign_3431,qemu,CWE-MemorySafety,0,0,None,ACCEPT
devign_3432,qemu,CWE-MemorySafety,0,1,CWE-252: Unchecked Dynamic Allocation Return,REJECT
devign_3433,FFmpeg,CWE-MemorySafety,0,0,None,ACCEPT
devign_3434,qemu,CWE-MemorySafety,0,0,None,ACCEPT
devign_3436,qemu,CWE-MemorySafety,0,0,None,ACCEPT
devign_3437,qemu,CWE-MemorySafety,0,0,None,ACCEPT
devign_3438,qemu,CWE-MemorySafety,0,0,None,ACCEPT
devign_3439,qemu,CWE-MemorySafety,1,0,None,ACCEPT
devign_3441,qemu,CWE-MemorySafety,1,0,None,ACCEPT
devign_3442,FFmpeg,CWE-MemorySafety,1,0,None,ACCEPT
devign_3443,qemu,CWE-MemorySafety,1,0,None,ACCEPT
devign_3445,FFmpeg,CWE-MemorySafety,1,0,None,ACCEPT
devign_3447,qemu,CWE-MemorySafety,1,0,None,ACCEPT
devign_3448,FFmpeg,CWE-MemorySafety,1,0,None,ACCEPT
devign_3450,FFmpeg,CWE-MemorySafety,1,0,None,ACCEPT
devign_3452,qemu,CWE-MemorySafety,1,0,None,ACCEPT
devign_3453,qemu,CWE-MemorySafety,1,0,None,ACCEPT
devign_3454,FFmpeg,CWE-MemorySafety,1,0,None,ACCEPT
devign_3455,qemu,CWE-MemorySafety,1,0,None,ACCEPT
devign_3456,FFmpeg,CWE-MemorySafety,1,0,None,ACCEPT
devign_3457,FFmpeg,CWE-MemorySafety,1,0,None,ACCEPT
devign_3460,qemu,CWE-MemorySafety,1,0,None,ACCEPT
devign_3461,FFmpeg,CWE-MemorySafety,1,0,None,ACCEPT
devign_3462,FFmpeg,CWE-MemorySafety,1,1,CWE-252: Unchecked Dynamic Allocation Return,REJECT
devign_3463,qemu,CWE-MemorySafety,1,0,None,ACCEPT
devign_3465,qemu,CWE-MemorySafety,1,0,None,ACCEPT
devign_3466,qemu,CWE-MemorySafety,1,0,None,ACCEPT
devign_3467,FFmpeg,CWE-MemorySafety,1,0,None,ACCEPT
devign_3468,FFmpeg,CWE-MemorySafety,0,0,None,ACCEPT
devign_3469,FFmpeg,CWE-MemorySafety,0,0,None,ACCEPT
devign_3470,FFmpeg,CWE-MemorySafety,0,0,None,ACCEPT
devign_3471,qemu,CWE-MemorySafety,1,0,None,ACCEPT
devign_3472,qemu,CWE-MemorySafety,1,0,None,ACCEPT
devign_3473,FFmpeg,CWE-MemorySafety,1,0,None,ACCEPT
devign_3475,qemu,CWE-MemorySafety,0,0,None,ACCEPT
devign_3478,FFmpeg,CWE-MemorySafety,0,0,None,ACCEPT
devign_3479,qemu,CWE-MemorySafety,0,0,None,ACCEPT
devign_3480,qemu,CWE-MemorySafety,0,0,None,ACCEPT
devign_3482,qemu,CWE-MemorySafety,0,0,None,ACCEPT
devign_3483,qemu,CWE-MemorySafety,0,0,None,ACCEPT
devign_3484,qemu,CWE-MemorySafety,0,0,None,ACCEPT
devign_3485,qemu,CWE-MemorySafety,0,0,None,ACCEPT
devign_3487,qemu,CWE-MemorySafety,0,0,None,ACCEPT
devign_3488,qemu,CWE-MemorySafety,0,0,None,ACCEPT
devign_3489,FFmpeg,CWE-MemorySafety,0,0,None,ACCEPT
devign_3490,qemu,CWE-MemorySafety,0,0,None,ACCEPT
devign_3491,qemu,CWE-MemorySafety,0,0,None,ACCEPT
devign_3492,qemu,CWE-MemorySafety,0,1,CWE-120: Unbounded String Operation,REJECT
devign_3493,qemu,CWE-MemorySafety,0,0,None,ACCEPT
devign_3494,qemu,CWE-MemorySafety,0,0,None,ACCEPT
devign_3495,qemu,CWE-MemorySafety,0,0,None,ACCEPT
devign_3496,qemu,CWE-MemorySafety,0,0,None,ACCEPT
devign_3497,qemu,CWE-MemorySafety,0,0,None,ACCEPT
devign_3499,FFmpeg,CWE-MemorySafety,0,1,CWE-252: Unchecked Dynamic Allocation Return,REJECT
devign_3500,FFmpeg,CWE-MemorySafety,0,0,None,ACCEPT
devign_3501,qemu,CWE-MemorySafety,0,0,None,ACCEPT
devign_3502,qemu,CWE-MemorySafety,0,0,None,ACCEPT
devign_3504,qemu,CWE-MemorySafety,0,0,None,ACCEPT
devign_3505,qemu,CWE-MemorySafety,0,0,None,ACCEPT
devign_3506,FFmpeg,CWE-MemorySafety,0,0,None,ACCEPT
devign_3507,FFmpeg,CWE-MemorySafety,0,0,None,ACCEPT
devign_3508,FFmpeg,CWE-MemorySafety,0,0,None,ACCEPT
devign_3509,qemu,CWE-MemorySafety,0,0,None,ACCEPT
devign_3510,qemu,CWE-MemorySafety,0,0,None,ACCEPT
devign_3512,qemu,CWE-MemorySafety,0,0,None,ACCEPT
devign_3513,qemu,CWE-MemorySafety,0,0,None,ACCEPT
devign_3514,qemu,CWE-MemorySafety,0,0,None,ACCEPT
devign_3515,FFmpeg,CWE-MemorySafety,0,0,None,ACCEPT
devign_3516,qemu,CWE-MemorySafety,0,0,None,ACCEPT
devign_3518,qemu,CWE-MemorySafety,0,0,None,ACCEPT
devign_3519,qemu,CWE-MemorySafety,0,0,None,ACCEPT
devign_3520,qemu,CWE-MemorySafety,0,0,None,ACCEPT
devign_3522,qemu,CWE-MemorySafety,0,1,CWE-120: Unbounded String Operation,REJECT
devign_3523,FFmpeg,CWE-MemorySafety,0,0,None,ACCEPT
devign_3524,qemu,CWE-MemorySafety,0,0,None,ACCEPT
devign_3525,qemu,CWE-MemorySafety,0,0,None,ACCEPT
devign_3526,qemu,CWE-MemorySafety,0,0,None,ACCEPT
devign_3527,qemu,CWE-MemorySafety,0,0,None,ACCEPT
devign_3529,qemu,CWE-MemorySafety,0,0,None,ACCEPT
devign_3530,qemu,CWE-MemorySafety,0,0,None,ACCEPT
devign_3531,qemu,CWE-MemorySafety,0,0,None,ACCEPT
devign_3532,qemu,CWE-MemorySafety,0,1,CWE-120: Unbounded String Operation,REJECT
devign_3533,qemu,CWE-MemorySafety,0,0,None,ACCEPT
devign_3535,qemu,CWE-MemorySafety,0,0,None,ACCEPT
devign_3536,FFmpeg,CWE-MemorySafety,0,0,None,ACCEPT
devign_3537,FFmpeg,CWE-MemorySafety,0,0,None,ACCEPT
devign_3538,FFmpeg,CWE-MemorySafety,0,0,None,ACCEPT
devign_3539,FFmpeg,CWE-MemorySafety,0,0,None,ACCEPT
devign_3540,qemu,CWE-MemorySafety,1,0,None,ACCEPT
devign_3541,FFmpeg,CWE-MemorySafety,1,0,None,ACCEPT
devign_3542,qemu,CWE-MemorySafety,1,0,None,ACCEPT
devign_3543,FFmpeg,CWE-MemorySafety,0,0,None,ACCEPT
devign_3545,qemu,CWE-MemorySafety,1,0,None,ACCEPT
devign_3546,qemu,CWE-MemorySafety,1,0,None,ACCEPT
devign_3547,qemu,CWE-MemorySafety,1,0,None,ACCEPT
devign_3548,qemu,CWE-MemorySafety,1,0,None,ACCEPT
devign_3549,qemu,CWE-MemorySafety,1,1,CWE-252: Unchecked Dynamic Allocation Return,REJECT
devign_3550,qemu,CWE-MemorySafety,1,0,None,ACCEPT
devign_3551,FFmpeg,CWE-MemorySafety,1,0,None,ACCEPT
devign_3554,FFmpeg,CWE-MemorySafety,0,0,None,ACCEPT
devign_3555,FFmpeg,CWE-MemorySafety,0,0,None,ACCEPT
devign_3556,FFmpeg,CWE-MemorySafety,1,1,CWE-252: Unchecked Dynamic Allocation Return,REJECT
devign_3557,FFmpeg,CWE-MemorySafety,1,0,None,ACCEPT
devign_3558,FFmpeg,CWE-MemorySafety,1,0,None,ACCEPT
devign_3559,qemu,CWE-MemorySafety,1,0,None,ACCEPT
devign_3560,FFmpeg,CWE-MemorySafety,1,0,None,ACCEPT
devign_3561,qemu,CWE-MemorySafety,1,0,None,ACCEPT
devign_3562,qemu,CWE-MemorySafety,1,0,None,ACCEPT
devign_3563,qemu,CWE-MemorySafety,1,0,None,ACCEPT
devign_3564,FFmpeg,CWE-MemorySafety,1,0,None,ACCEPT
devign_3565,FFmpeg,CWE-MemorySafety,1,0,None,ACCEPT
devign_3566,qemu,CWE-MemorySafety,1,0,None,ACCEPT
devign_3567,qemu,CWE-MemorySafety,1,0,None,ACCEPT
devign_3568,FFmpeg,CWE-MemorySafety,1,0,None,ACCEPT
devign_3569,qemu,CWE-MemorySafety,0,0,None,ACCEPT
devign_3571,qemu,CWE-MemorySafety,0,0,None,ACCEPT
devign_3572,qemu,CWE-MemorySafety,0,0,None,ACCEPT
devign_3573,qemu,CWE-MemorySafety,0,0,None,ACCEPT
devign_3574,qemu,CWE-MemorySafety,0,0,None,ACCEPT
devign_3575,qemu,CWE-MemorySafety,0,0,None,ACCEPT
devign_3578,qemu,CWE-MemorySafety,0,0,None,ACCEPT
devign_3579,qemu,CWE-MemorySafety,0,1,CWE-252: Unchecked Dynamic Allocation Return,REJECT
devign_3580,qemu,CWE-MemorySafety,0,0,None,ACCEPT
devign_3581,qemu,CWE-MemorySafety,0,0,None,ACCEPT
devign_3582,qemu,CWE-MemorySafety,0,0,None,ACCEPT
devign_3583,qemu,CWE-MemorySafety,0,0,None,ACCEPT
devign_3584,qemu,CWE-MemorySafety,0,0,None,ACCEPT
devign_3585,qemu,CWE-MemorySafety,0,0,None,ACCEPT
devign_3586,qemu,CWE-MemorySafety,0,0,None,ACCEPT
devign_3587,qemu,CWE-MemorySafety,0,0,None,ACCEPT
devign_3588,FFmpeg,CWE-MemorySafety,0,0,None,ACCEPT
devign_3589,qemu,CWE-MemorySafety,0,0,None,ACCEPT
devign_3590,FFmpeg,CWE-MemorySafety,0,0,None,ACCEPT
devign_3591,FFmpeg,CWE-MemorySafety,0,0,None,ACCEPT
devign_3592,FFmpeg,CWE-MemorySafety,0,0,None,ACCEPT
devign_3593,FFmpeg,CWE-MemorySafety,0,0,None,ACCEPT
devign_3595,qemu,CWE-MemorySafety,1,0,None,ACCEPT
devign_3597,qemu,CWE-MemorySafety,1,1,CWE-252: Unchecked Dynamic Allocation Return,REJECT
devign_3598,FFmpeg,CWE-MemorySafety,1,0,None,ACCEPT
devign_3599,qemu,CWE-MemorySafety,1,0,None,ACCEPT
devign_3600,qemu,CWE-MemorySafety,1,0,None,ACCEPT
devign_3601,qemu,CWE-MemorySafety,1,0,None,ACCEPT
devign_3602,qemu,CWE-MemorySafety,1,0,None,ACCEPT
devign_3603,FFmpeg,CWE-MemorySafety,1,0,None,ACCEPT
devign_3604,qemu,CWE-MemorySafety,1,0,None,ACCEPT
devign_3605,FFmpeg,CWE-MemorySafety,1,0,None,ACCEPT
devign_3606,qemu,CWE-MemorySafety,0,0,None,ACCEPT
devign_3607,qemu,CWE-MemorySafety,0,0,None,ACCEPT
devign_3608,qemu,CWE-MemorySafety,0,0,None,ACCEPT
devign_3609,qemu,CWE-MemorySafety,0,0,None,ACCEPT
devign_3610,qemu,CWE-MemorySafety,0,0,None,ACCEPT
devign_3611,qemu,CWE-MemorySafety,0,1,CWE-252: Unchecked Dynamic Allocation Return,REJECT
devign_3612,FFmpeg,CWE-MemorySafety,0,0,None,ACCEPT
devign_3613,qemu,CWE-MemorySafety,0,0,None,ACCEPT
devign_3615,qemu,CWE-MemorySafety,0,0,None,ACCEPT
devign_3616,qemu,CWE-MemorySafety,0,0,None,ACCEPT
devign_3617,qemu,CWE-MemorySafety,0,0,None,ACCEPT
devign_3619,qemu,CWE-MemorySafety,0,0,None,ACCEPT
devign_3620,qemu,CWE-MemorySafety,0,0,None,ACCEPT
devign_3621,qemu,CWE-MemorySafety,0,0,None,ACCEPT
devign_3623,qemu,CWE-MemorySafety,0,0,None,ACCEPT
devign_3625,qemu,CWE-MemorySafety,0,0,None,ACCEPT
devign_3626,qemu,CWE-MemorySafety,0,0,None,ACCEPT
devign_3628,qemu,CWE-MemorySafety,0,0,None,ACCEPT
devign_3631,qemu,CWE-MemorySafety,0,0,None,ACCEPT
devign_3632,qemu,CWE-MemorySafety,0,0,None,ACCEPT
devign_3634,qemu,CWE-MemorySafety,0,0,None,ACCEPT
devign_3635,qemu,CWE-MemorySafety,0,0,None,ACCEPT
devign_3636,FFmpeg,CWE-MemorySafety,1,0,None,ACCEPT
devign_3637,qemu,CWE-MemorySafety,1,0,None,ACCEPT
devign_3639,FFmpeg,CWE-MemorySafety,1,0,None,ACCEPT
devign_3640,qemu,CWE-MemorySafety,1,0,None,ACCEPT
devign_3641,qemu,CWE-MemorySafety,1,0,None,ACCEPT
devign_3644,FFmpeg,CWE-MemorySafety,1,0,None,ACCEPT
devign_3645,qemu,CWE-MemorySafety,1,0,None,ACCEPT
devign_3647,FFmpeg,CWE-MemorySafety,0,0,None,ACCEPT
devign_3648,FFmpeg,CWE-MemorySafety,0,1,CWE-252: Unchecked Dynamic Allocation Return,REJECT
devign_3649,qemu,CWE-MemorySafety,1,0,None,ACCEPT
devign_3650,qemu,CWE-MemorySafety,1,0,None,ACCEPT
devign_3651,qemu,CWE-MemorySafety,1,0,None,ACCEPT
devign_3653,qemu,CWE-MemorySafety,0,0,None,ACCEPT
devign_3654,qemu,CWE-MemorySafety,0,0,None,ACCEPT
devign_3655,qemu,CWE-MemorySafety,0,0,None,ACCEPT
devign_3656,qemu,CWE-MemorySafety,0,0,None,ACCEPT
devign_3657,qemu,CWE-MemorySafety,0,0,None,ACCEPT
devign_3658,qemu,CWE-MemorySafety,0,0,None,ACCEPT
devign_3660,qemu,CWE-MemorySafety,0,0,None,ACCEPT
devign_3661,qemu,CWE-MemorySafety,0,0,None,ACCEPT
devign_3662,qemu,CWE-MemorySafety,0,0,None,ACCEPT
devign_3663,qemu,CWE-MemorySafety,0,0,None,ACCEPT
devign_3664,qemu,CWE-MemorySafety,0,0,None,ACCEPT
devign_3665,qemu,CWE-MemorySafety,0,0,None,ACCEPT
devign_3666,qemu,CWE-MemorySafety,0,0,None,ACCEPT
devign_3667,qemu,CWE-MemorySafety,0,0,None,ACCEPT
devign_3668,FFmpeg,CWE-MemorySafety,0,0,None,ACCEPT
devign_3669,qemu,CWE-MemorySafety,0,0,None,ACCEPT
devign_3670,qemu,CWE-MemorySafety,0,0,None,ACCEPT
devign_3671,qemu,CWE-MemorySafety,0,0,None,ACCEPT
devign_3673,qemu,CWE-MemorySafety,0,0,None,ACCEPT
devign_3674,qemu,CWE-MemorySafety,0,0,None,ACCEPT
devign_3676,qemu,CWE-MemorySafety,0,1,CWE-252: Unchecked Dynamic Allocation Return,REJECT
devign_3677,FFmpeg,CWE-MemorySafety,0,0,None,ACCEPT
devign_3679,FFmpeg,CWE-MemorySafety,1,0,None,ACCEPT
devign_3683,qemu,CWE-MemorySafety,1,0,None,ACCEPT
devign_3684,FFmpeg,CWE-MemorySafety,0,0,None,ACCEPT
devign_3686,FFmpeg,CWE-MemorySafety,0,0,None,ACCEPT
devign_3688,FFmpeg,CWE-MemorySafety,0,0,None,ACCEPT
devign_3689,qemu,CWE-MemorySafety,1,0,None,ACCEPT
devign_3691,qemu,CWE-MemorySafety,1,0,None,ACCEPT
devign_3692,qemu,CWE-MemorySafety,1,0,None,ACCEPT
devign_3693,qemu,CWE-MemorySafety,1,0,None,ACCEPT
devign_3694,qemu,CWE-MemorySafety,1,0,None,ACCEPT
devign_3695,FFmpeg,CWE-MemorySafety,1,0,None,ACCEPT
devign_3696,qemu,CWE-MemorySafety,1,0,None,ACCEPT
devign_3697,qemu,CWE-MemorySafety,0,1,CWE-120: Unbounded String Operation,REJECT
devign_3699,FFmpeg,CWE-MemorySafety,0,0,None,ACCEPT
devign_3700,qemu,CWE-MemorySafety,0,0,None,ACCEPT
devign_3701,qemu,CWE-MemorySafety,0,0,None,ACCEPT
devign_3702,qemu,CWE-MemorySafety,0,0,None,ACCEPT
devign_3704,qemu,CWE-MemorySafety,0,0,None,ACCEPT
devign_3705,qemu,CWE-MemorySafety,0,0,None,ACCEPT
devign_3706,qemu,CWE-MemorySafety,0,0,None,ACCEPT
devign_3707,qemu,CWE-MemorySafety,0,0,None,ACCEPT
devign_3709,FFmpeg,CWE-MemorySafety,0,0,None,ACCEPT
devign_3710,qemu,CWE-MemorySafety,0,0,None,ACCEPT
devign_3711,qemu,CWE-MemorySafety,0,0,None,ACCEPT
devign_3712,qemu,CWE-MemorySafety,0,0,None,ACCEPT
devign_3713,qemu,CWE-MemorySafety,0,0,None,ACCEPT
devign_3714,qemu,CWE-MemorySafety,0,1,CWE-252: Unchecked Dynamic Allocation Return,REJECT
devign_3715,qemu,CWE-MemorySafety,0,0,None,ACCEPT
devign_3716,FFmpeg,CWE-MemorySafety,0,1,CWE-252: Unchecked Dynamic Allocation Return,REJECT
devign_3717,qemu,CWE-MemorySafety,0,0,None,ACCEPT
devign_3718,qemu,CWE-MemorySafety,0,0,None,ACCEPT
devign_3719,qemu,CWE-MemorySafety,0,0,None,ACCEPT
devign_3720,qemu,CWE-MemorySafety,0,0,None,ACCEPT
devign_3721,qemu,CWE-MemorySafety,0,0,None,ACCEPT
devign_3722,qemu,CWE-MemorySafety,0,0,None,ACCEPT
devign_3723,FFmpeg,CWE-MemorySafety,0,0,None,ACCEPT
devign_3724,FFmpeg,CWE-MemorySafety,0,0,None,ACCEPT
devign_3725,qemu,CWE-MemorySafety,1,0,None,ACCEPT
devign_3726,qemu,CWE-MemorySafety,1,0,None,ACCEPT
devign_3727,FFmpeg,CWE-MemorySafety,1,0,None,ACCEPT
devign_3728,FFmpeg,CWE-MemorySafety,0,0,None,ACCEPT
devign_3729,FFmpeg,CWE-MemorySafety,0,0,None,ACCEPT
devign_3730,FFmpeg,CWE-MemorySafety,0,0,None,ACCEPT
devign_3731,FFmpeg,CWE-MemorySafety,0,0,None,ACCEPT
devign_3732,FFmpeg,CWE-MemorySafety,0,0,None,ACCEPT
devign_3733,FFmpeg,CWE-MemorySafety,0,0,None,ACCEPT
devign_3734,FFmpeg,CWE-MemorySafety,0,0,None,ACCEPT
devign_3735,FFmpeg,CWE-MemorySafety,0,0,None,ACCEPT
devign_3736,FFmpeg,CWE-MemorySafety,0,0,None,ACCEPT
devign_3738,qemu,CWE-MemorySafety,1,0,None,ACCEPT
devign_3740,qemu,CWE-MemorySafety,1,1,CWE-252: Unchecked Dynamic Allocation Return,REJECT
devign_3741,FFmpeg,CWE-MemorySafety,1,1,CWE-252: Unchecked Dynamic Allocation Return,REJECT
devign_3742,qemu,CWE-MemorySafety,1,0,None,ACCEPT
devign_3744,qemu,CWE-MemorySafety,1,0,None,ACCEPT
devign_3745,qemu,CWE-MemorySafety,1,0,None,ACCEPT
devign_3746,qemu,CWE-MemorySafety,0,0,None,ACCEPT
devign_3747,qemu,CWE-MemorySafety,0,0,None,ACCEPT
devign_3749,qemu,CWE-MemorySafety,0,0,None,ACCEPT
devign_3752,qemu,CWE-MemorySafety,0,0,None,ACCEPT
devign_3753,qemu,CWE-MemorySafety,0,0,None,ACCEPT
devign_3754,FFmpeg,CWE-MemorySafety,0,0,None,ACCEPT
devign_3756,qemu,CWE-MemorySafety,0,0,None,ACCEPT
devign_3758,qemu,CWE-MemorySafety,0,0,None,ACCEPT
devign_3759,qemu,CWE-MemorySafety,0,0,None,ACCEPT
devign_3761,qemu,CWE-MemorySafety,0,0,None,ACCEPT
devign_3762,qemu,CWE-MemorySafety,0,0,None,ACCEPT
devign_3765,qemu,CWE-MemorySafety,0,0,None,ACCEPT
devign_3766,FFmpeg,CWE-MemorySafety,0,0,None,ACCEPT
devign_3767,qemu,CWE-MemorySafety,0,0,None,ACCEPT
devign_3768,qemu,CWE-MemorySafety,0,0,None,ACCEPT
devign_3771,qemu,CWE-MemorySafety,1,0,None,ACCEPT
devign_3772,qemu,CWE-MemorySafety,1,0,None,ACCEPT
devign_3774,qemu,CWE-MemorySafety,1,0,None,ACCEPT
devign_3777,FFmpeg,CWE-MemorySafety,1,0,None,ACCEPT
devign_3779,FFmpeg,CWE-MemorySafety,0,0,None,ACCEPT
devign_3780,qemu,CWE-MemorySafety,1,0,None,ACCEPT
devign_3781,qemu,CWE-MemorySafety,1,0,None,ACCEPT
devign_3782,FFmpeg,CWE-MemorySafety,1,0,None,ACCEPT
devign_3783,FFmpeg,CWE-MemorySafety,1,0,None,ACCEPT
devign_3786,qemu,CWE-MemorySafety,1,0,None,ACCEPT
devign_3787,FFmpeg,CWE-MemorySafety,1,0,None,ACCEPT
devign_3788,FFmpeg,CWE-MemorySafety,1,0,None,ACCEPT
devign_3789,qemu,CWE-MemorySafety,1,0,None,ACCEPT
devign_3790,FFmpeg,CWE-MemorySafety,1,0,None,ACCEPT
devign_3792,FFmpeg,CWE-MemorySafety,1,0,None,ACCEPT
devign_3793,qemu,CWE-MemorySafety,1,0,None,ACCEPT
devign_3794,qemu,CWE-MemorySafety,1,0,None,ACCEPT
devign_3795,qemu,CWE-MemorySafety,1,0,None,ACCEPT
devign_3796,FFmpeg,CWE-MemorySafety,1,0,None,ACCEPT
devign_3797,FFmpeg,CWE-MemorySafety,1,0,None,ACCEPT
devign_3798,qemu,CWE-MemorySafety,1,0,None,ACCEPT
devign_3799,FFmpeg,CWE-MemorySafety,0,0,None,ACCEPT
devign_3800,FFmpeg,CWE-MemorySafety,0,0,None,ACCEPT
devign_3801,FFmpeg,CWE-MemorySafety,0,0,None,ACCEPT
devign_3802,FFmpeg,CWE-MemorySafety,0,1,CWE-252: Unchecked Dynamic Allocation Return,REJECT
devign_3803,FFmpeg,CWE-MemorySafety,0,0,None,ACCEPT
devign_3804,FFmpeg,CWE-MemorySafety,0,0,None,ACCEPT
devign_3805,FFmpeg,CWE-MemorySafety,0,0,None,ACCEPT
devign_3806,qemu,CWE-MemorySafety,1,0,None,ACCEPT
devign_3807,FFmpeg,CWE-MemorySafety,1,1,CWE-252: Unchecked Dynamic Allocation Return,REJECT
devign_3811,FFmpeg,CWE-MemorySafety,1,0,None,ACCEPT
devign_3813,FFmpeg,CWE-MemorySafety,1,0,None,ACCEPT
devign_3815,FFmpeg,CWE-MemorySafety,0,0,None,ACCEPT
devign_3816,FFmpeg,CWE-MemorySafety,0,0,None,ACCEPT
devign_3817,FFmpeg,CWE-MemorySafety,0,0,None,ACCEPT
devign_3818,qemu,CWE-MemorySafety,0,0,None,ACCEPT
devign_3819,qemu,CWE-MemorySafety,0,0,None,ACCEPT
devign_3821,qemu,CWE-MemorySafety,0,1,CWE-252: Unchecked Dynamic Allocation Return,REJECT
devign_3822,FFmpeg,CWE-MemorySafety,0,0,None,ACCEPT
devign_3824,qemu,CWE-MemorySafety,0,0,None,ACCEPT
devign_3825,qemu,CWE-MemorySafety,0,0,None,ACCEPT
devign_3826,qemu,CWE-MemorySafety,0,0,None,ACCEPT
devign_3828,qemu,CWE-MemorySafety,0,0,None,ACCEPT
devign_3829,qemu,CWE-MemorySafety,0,0,None,ACCEPT
devign_3830,qemu,CWE-MemorySafety,0,0,None,ACCEPT
devign_3831,qemu,CWE-MemorySafety,0,0,None,ACCEPT
devign_3832,qemu,CWE-MemorySafety,0,0,None,ACCEPT
devign_3833,qemu,CWE-MemorySafety,0,0,None,ACCEPT
devign_3835,qemu,CWE-MemorySafety,0,0,None,ACCEPT
devign_3836,qemu,CWE-MemorySafety,0,0,None,ACCEPT
devign_3837,qemu,CWE-MemorySafety,0,0,None,ACCEPT
devign_3840,FFmpeg,CWE-MemorySafety,1,0,None,ACCEPT
devign_3841,qemu,CWE-MemorySafety,1,0,None,ACCEPT
devign_3842,FFmpeg,CWE-MemorySafety,1,0,None,ACCEPT
devign_3843,qemu,CWE-MemorySafety,1,0,None,ACCEPT
devign_3844,FFmpeg,CWE-MemorySafety,1,0,None,ACCEPT
devign_3845,FFmpeg,CWE-MemorySafety,1,0,None,ACCEPT
devign_3846,FFmpeg,CWE-MemorySafety,1,0,None,ACCEPT
devign_3847,qemu,CWE-MemorySafety,1,0,None,ACCEPT
devign_3848,qemu,CWE-MemorySafety,1,0,None,ACCEPT
devign_3849,FFmpeg,CWE-MemorySafety,1,0,None,ACCEPT
devign_3850,qemu,CWE-MemorySafety,1,0,None,ACCEPT
devign_3852,FFmpeg,CWE-MemorySafety,1,1,CWE-252: Unchecked Dynamic Allocation Return,REJECT
devign_3853,qemu,CWE-MemorySafety,1,0,None,ACCEPT
devign_3854,FFmpeg,CWE-MemorySafety,0,0,None,ACCEPT
devign_3855,qemu,CWE-MemorySafety,1,0,None,ACCEPT
devign_3856,FFmpeg,CWE-MemorySafety,1,0,None,ACCEPT
devign_3857,qemu,CWE-MemorySafety,1,0,None,ACCEPT
devign_3858,FFmpeg,CWE-MemorySafety,0,1,CWE-252: Unchecked Dynamic Allocation Return,REJECT
devign_3860,FFmpeg,CWE-MemorySafety,0,0,None,ACCEPT
devign_3861,FFmpeg,CWE-MemorySafety,0,0,None,ACCEPT
devign_3862,FFmpeg,CWE-MemorySafety,1,0,None,ACCEPT
devign_3863,FFmpeg,CWE-MemorySafety,1,0,None,ACCEPT
devign_3864,qemu,CWE-MemorySafety,1,0,None,ACCEPT
devign_3865,qemu,CWE-MemorySafety,1,0,None,ACCEPT
devign_3866,FFmpeg,CWE-MemorySafety,1,0,None,ACCEPT
devign_3867,qemu,CWE-MemorySafety,1,0,None,ACCEPT
devign_3868,FFmpeg,CWE-MemorySafety,0,0,None,ACCEPT
devign_3869,FFmpeg,CWE-MemorySafety,0,1,CWE-252: Unchecked Dynamic Allocation Return,REJECT
devign_3870,FFmpeg,CWE-MemorySafety,0,0,None,ACCEPT
devign_3871,FFmpeg,CWE-MemorySafety,1,0,None,ACCEPT
devign_3872,FFmpeg,CWE-MemorySafety,0,0,None,ACCEPT
devign_3873,FFmpeg,CWE-MemorySafety,0,0,None,ACCEPT
devign_3874,FFmpeg,CWE-MemorySafety,0,0,None,ACCEPT
devign_3875,FFmpeg,CWE-MemorySafety,1,0,None,ACCEPT
devign_3876,FFmpeg,CWE-MemorySafety,1,0,None,ACCEPT
devign_3878,qemu,CWE-MemorySafety,1,0,None,ACCEPT
devign_3879,FFmpeg,CWE-MemorySafety,1,1,CWE-252: Unchecked Dynamic Allocation Return,REJECT
devign_3881,FFmpeg,CWE-MemorySafety,1,0,None,ACCEPT
devign_3882,qemu,CWE-MemorySafety,1,0,None,ACCEPT
devign_3883,FFmpeg,CWE-MemorySafety,1,0,None,ACCEPT
devign_3884,FFmpeg,CWE-MemorySafety,0,0,None,ACCEPT
devign_3886,FFmpeg,CWE-MemorySafety,0,0,None,ACCEPT
devign_3887,FFmpeg,CWE-MemorySafety,0,0,None,ACCEPT
devign_3888,FFmpeg,CWE-MemorySafety,0,0,None,ACCEPT
devign_3890,qemu,CWE-MemorySafety,1,0,None,ACCEPT
devign_3893,FFmpeg,CWE-MemorySafety,1,0,None,ACCEPT
devign_3894,qemu,CWE-MemorySafety,1,0,None,ACCEPT
devign_3895,FFmpeg,CWE-MemorySafety,1,0,None,ACCEPT
devign_3896,FFmpeg,CWE-MemorySafety,1,0,None,ACCEPT
devign_3897,qemu,CWE-MemorySafety,1,0,None,ACCEPT
devign_3898,FFmpeg,CWE-MemorySafety,1,0,None,ACCEPT
devign_3899,FFmpeg,CWE-MemorySafety,1,0,None,ACCEPT
devign_3900,FFmpeg,CWE-MemorySafety,1,0,None,ACCEPT
devign_3901,qemu,CWE-MemorySafety,1,0,None,ACCEPT
devign_3902,FFmpeg,CWE-MemorySafety,0,0,None,ACCEPT
devign_3903,FFmpeg,CWE-MemorySafety,1,0,None,ACCEPT
devign_3904,FFmpeg,CWE-MemorySafety,0,0,None,ACCEPT
devign_3906,qemu,CWE-MemorySafety,1,0,None,ACCEPT
devign_3907,FFmpeg,CWE-MemorySafety,1,0,None,ACCEPT
devign_3908,qemu,CWE-MemorySafety,1,0,None,ACCEPT
devign_3909,qemu,CWE-MemorySafety,1,0,None,ACCEPT
devign_3911,FFmpeg,CWE-MemorySafety,1,0,None,ACCEPT
devign_3912,FFmpeg,CWE-MemorySafety,0,0,None,ACCEPT
devign_3913,FFmpeg,CWE-MemorySafety,0,0,None,ACCEPT
devign_3915,qemu,CWE-MemorySafety,0,0,None,ACCEPT
devign_3916,FFmpeg,CWE-MemorySafety,0,1,CWE-252: Unchecked Dynamic Allocation Return,REJECT
devign_3918,qemu,CWE-MemorySafety,0,0,None,ACCEPT
devign_3919,qemu,CWE-MemorySafety,0,0,None,ACCEPT
devign_3920,qemu,CWE-MemorySafety,0,0,None,ACCEPT
devign_3921,qemu,CWE-MemorySafety,0,0,None,ACCEPT
devign_3922,qemu,CWE-MemorySafety,0,0,None,ACCEPT
devign_3924,FFmpeg,CWE-MemorySafety,0,0,None,ACCEPT
devign_3926,qemu,CWE-MemorySafety,0,0,None,ACCEPT
devign_3927,qemu,CWE-MemorySafety,0,0,None,ACCEPT
devign_3928,qemu,CWE-MemorySafety,0,0,None,ACCEPT
devign_3929,qemu,CWE-MemorySafety,0,0,None,ACCEPT
devign_3930,qemu,CWE-MemorySafety,0,0,None,ACCEPT
devign_3931,qemu,CWE-MemorySafety,0,0,None,ACCEPT
devign_3932,qemu,CWE-MemorySafety,0,0,None,ACCEPT
devign_3933,qemu,CWE-MemorySafety,0,0,None,ACCEPT
devign_3934,qemu,CWE-MemorySafety,1,0,None,ACCEPT
devign_3936,FFmpeg,CWE-MemorySafety,1,1,CWE-252: Unchecked Dynamic Allocation Return,REJECT
devign_3937,qemu,CWE-MemorySafety,1,0,None,ACCEPT
devign_3939,FFmpeg,CWE-MemorySafety,1,0,None,ACCEPT
devign_3940,qemu,CWE-MemorySafety,1,0,None,ACCEPT
devign_3941,FFmpeg,CWE-MemorySafety,1,0,None,ACCEPT
devign_3942,qemu,CWE-MemorySafety,1,0,None,ACCEPT
devign_3943,qemu,CWE-MemorySafety,1,1,CWE-252: Unchecked Dynamic Allocation Return,REJECT
devign_3944,qemu,CWE-MemorySafety,1,0,None,ACCEPT
devign_3945,FFmpeg,CWE-MemorySafety,1,0,None,ACCEPT
devign_3946,FFmpeg,CWE-MemorySafety,1,0,None,ACCEPT
devign_3947,qemu,CWE-MemorySafety,1,0,None,ACCEPT
devign_3948,FFmpeg,CWE-MemorySafety,1,0,None,ACCEPT
devign_3950,qemu,CWE-MemorySafety,1,0,None,ACCEPT
devign_3951,qemu,CWE-MemorySafety,1,0,None,ACCEPT
devign_3952,qemu,CWE-MemorySafety,1,1,CWE-120: Unbounded String Operation,REJECT
devign_3953,qemu,CWE-MemorySafety,1,0,None,ACCEPT
devign_3954,qemu,CWE-MemorySafety,1,0,None,ACCEPT
devign_3955,qemu,CWE-MemorySafety,1,0,None,ACCEPT
devign_3956,qemu,CWE-MemorySafety,1,0,None,ACCEPT
devign_3957,qemu,CWE-MemorySafety,1,0,None,ACCEPT
devign_3958,FFmpeg,CWE-MemorySafety,1,0,None,ACCEPT
devign_3959,qemu,CWE-MemorySafety,1,0,None,ACCEPT
devign_3961,qemu,CWE-MemorySafety,1,0,None,ACCEPT
devign_3962,FFmpeg,CWE-MemorySafety,1,0,None,ACCEPT
devign_3963,qemu,CWE-MemorySafety,0,0,None,ACCEPT
devign_3964,FFmpeg,CWE-MemorySafety,0,0,None,ACCEPT
devign_3965,qemu,CWE-MemorySafety,0,0,None,ACCEPT
devign_3966,qemu,CWE-MemorySafety,0,1,CWE-252: Unchecked Dynamic Allocation Return,REJECT
devign_3967,qemu,CWE-MemorySafety,0,0,None,ACCEPT
devign_3968,qemu,CWE-MemorySafety,0,0,None,ACCEPT
devign_3969,qemu,CWE-MemorySafety,0,0,None,ACCEPT
devign_3970,qemu,CWE-MemorySafety,0,0,None,ACCEPT
devign_3971,qemu,CWE-MemorySafety,0,0,None,ACCEPT
devign_3973,qemu,CWE-MemorySafety,0,0,None,ACCEPT
devign_3974,qemu,CWE-MemorySafety,0,0,None,ACCEPT
devign_3976,qemu,CWE-MemorySafety,0,0,None,ACCEPT
devign_3977,qemu,CWE-MemorySafety,0,0,None,ACCEPT
devign_3978,qemu,CWE-MemorySafety,0,0,None,ACCEPT
devign_3979,FFmpeg,CWE-MemorySafety,0,0,None,ACCEPT
devign_3981,qemu,CWE-MemorySafety,0,0,None,ACCEPT
devign_3983,qemu,CWE-MemorySafety,0,0,None,ACCEPT
devign_3984,qemu,CWE-MemorySafety,0,0,None,ACCEPT
devign_3985,qemu,CWE-MemorySafety,0,0,None,ACCEPT
devign_3986,qemu,CWE-MemorySafety,0,0,None,ACCEPT
devign_3988,FFmpeg,CWE-MemorySafety,0,0,None,ACCEPT
devign_3990,qemu,CWE-MemorySafety,0,0,None,ACCEPT
devign_3991,qemu,CWE-MemorySafety,0,0,None,ACCEPT
devign_3992,FFmpeg,CWE-MemorySafety,0,0,None,ACCEPT
devign_3993,qemu,CWE-MemorySafety,0,0,None,ACCEPT
devign_3995,qemu,CWE-MemorySafety,0,0,None,ACCEPT
devign_3996,qemu,CWE-MemorySafety,0,0,None,ACCEPT
devign_3997,qemu,CWE-MemorySafety,0,0,None,ACCEPT
devign_3999,qemu,CWE-MemorySafety,0,0,None,ACCEPT
devign_4000,qemu,CWE-MemorySafety,0,0,None,ACCEPT
devign_4001,qemu,CWE-MemorySafety,0,0,None,ACCEPT
devign_4002,qemu,CWE-MemorySafety,0,0,None,ACCEPT
devign_4003,qemu,CWE-MemorySafety,0,0,None,ACCEPT
devign_4004,FFmpeg,CWE-MemorySafety,0,0,None,ACCEPT
devign_4005,qemu,CWE-MemorySafety,0,0,None,ACCEPT
devign_4006,qemu,CWE-MemorySafety,0,0,None,ACCEPT
devign_4007,qemu,CWE-MemorySafety,0,0,None,ACCEPT
devign_4008,qemu,CWE-MemorySafety,0,0,None,ACCEPT
devign_4009,qemu,CWE-MemorySafety,0,0,None,ACCEPT
devign_4010,qemu,CWE-MemorySafety,0,0,None,ACCEPT
devign_4011,qemu,CWE-MemorySafety,0,0,None,ACCEPT
devign_4013,qemu,CWE-MemorySafety,0,0,None,ACCEPT
devign_4014,qemu,CWE-MemorySafety,0,0,None,ACCEPT
devign_4016,qemu,CWE-MemorySafety,0,0,None,ACCEPT
devign_4017,qemu,CWE-MemorySafety,0,0,None,ACCEPT
devign_4018,qemu,CWE-MemorySafety,0,0,None,ACCEPT
devign_4019,qemu,CWE-MemorySafety,0,0,None,ACCEPT
devign_4020,qemu,CWE-MemorySafety,0,0,None,ACCEPT
devign_4021,qemu,CWE-MemorySafety,0,0,None,ACCEPT
devign_4022,qemu,CWE-MemorySafety,0,0,None,ACCEPT
devign_4023,qemu,CWE-MemorySafety,0,0,None,ACCEPT
devign_4025,FFmpeg,CWE-MemorySafety,0,0,None,ACCEPT
devign_4026,FFmpeg,CWE-MemorySafety,0,0,None,ACCEPT
devign_4027,FFmpeg,CWE-MemorySafety,0,0,None,ACCEPT
devign_4028,FFmpeg,CWE-MemorySafety,0,0,None,ACCEPT
devign_4031,qemu,CWE-MemorySafety,1,0,None,ACCEPT
devign_4033,FFmpeg,CWE-MemorySafety,1,0,None,ACCEPT
devign_4037,qemu,CWE-MemorySafety,1,0,None,ACCEPT
devign_4039,qemu,CWE-MemorySafety,1,0,None,ACCEPT
devign_4040,FFmpeg,CWE-MemorySafety,1,1,CWE-252: Unchecked Dynamic Allocation Return,REJECT
devign_4041,qemu,CWE-MemorySafety,1,0,None,ACCEPT
devign_4042,qemu,CWE-MemorySafety,1,0,None,ACCEPT
devign_4043,FFmpeg,CWE-MemorySafety,0,0,None,ACCEPT
devign_4044,FFmpeg,CWE-MemorySafety,1,0,None,ACCEPT
devign_4046,FFmpeg,CWE-MemorySafety,1,0,None,ACCEPT
devign_4047,FFmpeg,CWE-MemorySafety,1,0,None,ACCEPT
devign_4048,qemu,CWE-MemorySafety,1,0,None,ACCEPT
devign_4049,FFmpeg,CWE-MemorySafety,1,1,CWE-120: Unbounded String Operation,REJECT
devign_4050,FFmpeg,CWE-MemorySafety,1,0,None,ACCEPT
devign_4051,qemu,CWE-MemorySafety,1,0,None,ACCEPT
devign_4053,qemu,CWE-MemorySafety,1,0,None,ACCEPT
devign_4054,qemu,CWE-MemorySafety,1,0,None,ACCEPT
devign_4055,FFmpeg,CWE-MemorySafety,1,0,None,ACCEPT
devign_4056,qemu,CWE-MemorySafety,1,0,None,ACCEPT
devign_4057,FFmpeg,CWE-MemorySafety,0,0,None,ACCEPT
devign_4058,FFmpeg,CWE-MemorySafety,0,0,None,ACCEPT
devign_4059,qemu,CWE-MemorySafety,0,0,None,ACCEPT
devign_4060,qemu,CWE-MemorySafety,0,0,None,ACCEPT
devign_4063,FFmpeg,CWE-MemorySafety,0,0,None,ACCEPT
devign_4065,qemu,CWE-MemorySafety,0,0,None,ACCEPT
devign_4066,qemu,CWE-MemorySafety,0,0,None,ACCEPT
devign_4068,qemu,CWE-MemorySafety,0,0,None,ACCEPT
devign_4069,qemu,CWE-MemorySafety,0,0,None,ACCEPT
devign_4070,qemu,CWE-MemorySafety,0,0,None,ACCEPT
devign_4073,FFmpeg,CWE-MemorySafety,0,0,None,ACCEPT
devign_4074,qemu,CWE-MemorySafety,0,0,None,ACCEPT
devign_4075,qemu,CWE-MemorySafety,0,0,None,ACCEPT
devign_4076,qemu,CWE-MemorySafety,0,0,None,ACCEPT
devign_4080,qemu,CWE-MemorySafety,0,0,None,ACCEPT
devign_4081,FFmpeg,CWE-MemorySafety,0,0,None,ACCEPT
devign_4082,qemu,CWE-MemorySafety,0,0,None,ACCEPT
devign_4083,qemu,CWE-MemorySafety,0,0,None,ACCEPT
devign_4084,qemu,CWE-MemorySafety,0,0,None,ACCEPT
devign_4085,qemu,CWE-MemorySafety,0,0,None,ACCEPT
devign_4086,qemu,CWE-MemorySafety,0,0,None,ACCEPT
devign_4088,qemu,CWE-MemorySafety,0,0,None,ACCEPT
devign_4089,qemu,CWE-MemorySafety,0,0,None,ACCEPT
devign_4090,qemu,CWE-MemorySafety,0,0,None,ACCEPT
devign_4091,qemu,CWE-MemorySafety,0,1,CWE-120: Unbounded String Operation,REJECT
devign_4092,qemu,CWE-MemorySafety,0,0,None,ACCEPT
devign_4094,qemu,CWE-MemorySafety,0,0,None,ACCEPT
devign_4096,qemu,CWE-MemorySafety,0,0,None,ACCEPT
devign_4097,FFmpeg,CWE-MemorySafety,1,0,None,ACCEPT
devign_4099,qemu,CWE-MemorySafety,1,0,None,ACCEPT
devign_4100,FFmpeg,CWE-MemorySafety,1,0,None,ACCEPT
devign_4101,FFmpeg,CWE-MemorySafety,1,0,None,ACCEPT
devign_4102,qemu,CWE-MemorySafety,1,0,None,ACCEPT
devign_4103,FFmpeg,CWE-MemorySafety,0,0,None,ACCEPT
devign_4104,FFmpeg,CWE-MemorySafety,0,0,None,ACCEPT
devign_4105,FFmpeg,CWE-MemorySafety,0,0,None,ACCEPT
devign_4106,FFmpeg,CWE-MemorySafety,0,0,None,ACCEPT
devign_4107,qemu,CWE-MemorySafety,1,0,None,ACCEPT
devign_4108,FFmpeg,CWE-MemorySafety,0,0,None,ACCEPT
devign_4109,qemu,CWE-MemorySafety,1,0,None,ACCEPT
devign_4110,qemu,CWE-MemorySafety,1,0,None,ACCEPT
devign_4111,FFmpeg,CWE-MemorySafety,1,0,None,ACCEPT
devign_4113,FFmpeg,CWE-MemorySafety,0,0,None,ACCEPT
devign_4114,FFmpeg,CWE-MemorySafety,0,0,None,ACCEPT
devign_4116,qemu,CWE-MemorySafety,0,0,None,ACCEPT
devign_4117,qemu,CWE-MemorySafety,0,0,None,ACCEPT
devign_4119,qemu,CWE-MemorySafety,0,0,None,ACCEPT
devign_4120,qemu,CWE-MemorySafety,0,0,None,ACCEPT
devign_4121,qemu,CWE-MemorySafety,0,0,None,ACCEPT
devign_4122,qemu,CWE-MemorySafety,0,0,None,ACCEPT
devign_4123,qemu,CWE-MemorySafety,0,0,None,ACCEPT
devign_4124,qemu,CWE-MemorySafety,0,0,None,ACCEPT
devign_4125,FFmpeg,CWE-MemorySafety,0,0,None,ACCEPT
devign_4126,qemu,CWE-MemorySafety,0,0,None,ACCEPT
devign_4127,qemu,CWE-MemorySafety,0,0,None,ACCEPT
devign_4130,qemu,CWE-MemorySafety,0,0,None,ACCEPT
devign_4131,FFmpeg,CWE-MemorySafety,0,0,None,ACCEPT
devign_4132,qemu,CWE-MemorySafety,0,0,None,ACCEPT
devign_4133,qemu,CWE-MemorySafety,0,0,None,ACCEPT
devign_4134,qemu,CWE-MemorySafety,0,0,None,ACCEPT
devign_4135,qemu,CWE-MemorySafety,0,0,None,ACCEPT
devign_4136,qemu,CWE-MemorySafety,0,0,None,ACCEPT
devign_4140,qemu,CWE-MemorySafety,0,0,None,ACCEPT
devign_4142,FFmpeg,CWE-MemorySafety,1,0,None,ACCEPT
devign_4143,FFmpeg,CWE-MemorySafety,1,0,None,ACCEPT
devign_4145,FFmpeg,CWE-MemorySafety,0,0,None,ACCEPT
devign_4146,FFmpeg,CWE-MemorySafety,0,0,None,ACCEPT
devign_4147,FFmpeg,CWE-MemorySafety,0,0,None,ACCEPT
devign_4150,FFmpeg,CWE-MemorySafety,1,0,None,ACCEPT
devign_4151,FFmpeg,CWE-MemorySafety,1,0,None,ACCEPT
devign_4152,FFmpeg,CWE-MemorySafety,1,0,None,ACCEPT
devign_4153,FFmpeg,CWE-MemorySafety,1,0,None,ACCEPT
devign_4154,FFmpeg,CWE-MemorySafety,1,0,None,ACCEPT
devign_4155,qemu,CWE-MemorySafety,1,0,None,ACCEPT
devign_4157,FFmpeg,CWE-MemorySafety,1,0,None,ACCEPT
devign_4158,qemu,CWE-MemorySafety,1,0,None,ACCEPT
devign_4159,FFmpeg,CWE-MemorySafety,0,0,None,ACCEPT
devign_4160,FFmpeg,CWE-MemorySafety,0,0,None,ACCEPT
devign_4161,FFmpeg,CWE-MemorySafety,0,0,None,ACCEPT
devign_4162,FFmpeg,CWE-MemorySafety,0,0,None,ACCEPT
devign_4163,FFmpeg,CWE-MemorySafety,1,0,None,ACCEPT
devign_4164,FFmpeg,CWE-MemorySafety,1,1,CWE-120: Unbounded String Operation,REJECT
devign_4166,qemu,CWE-MemorySafety,1,1,CWE-252: Unchecked Dynamic Allocation Return,REJECT
devign_4167,qemu,CWE-MemorySafety,1,0,None,ACCEPT
devign_4168,qemu,CWE-MemorySafety,1,0,None,ACCEPT
devign_4169,FFmpeg,CWE-MemorySafety,0,0,None,ACCEPT
devign_4170,qemu,CWE-MemorySafety,1,0,None,ACCEPT
devign_4171,FFmpeg,CWE-MemorySafety,1,0,None,ACCEPT
devign_4172,FFmpeg,CWE-MemorySafety,1,0,None,ACCEPT
devign_4174,FFmpeg,CWE-MemorySafety,1,0,None,ACCEPT
devign_4175,qemu,CWE-MemorySafety,1,0,None,ACCEPT
devign_4179,FFmpeg,CWE-MemorySafety,1,0,None,ACCEPT
devign_4180,qemu,CWE-MemorySafety,1,0,None,ACCEPT
devign_4181,qemu,CWE-MemorySafety,1,0,None,ACCEPT
devign_4182,FFmpeg,CWE-MemorySafety,1,0,None,ACCEPT
devign_4183,qemu,CWE-MemorySafety,1,0,None,ACCEPT
devign_4184,FFmpeg,CWE-MemorySafety,1,0,None,ACCEPT
devign_4186,qemu,CWE-MemorySafety,1,0,None,ACCEPT
devign_4187,qemu,CWE-MemorySafety,1,0,None,ACCEPT
devign_4188,FFmpeg,CWE-MemorySafety,1,0,None,ACCEPT
devign_4189,qemu,CWE-MemorySafety,1,0,None,ACCEPT
devign_4190,FFmpeg,CWE-MemorySafety,0,0,None,ACCEPT
devign_4191,FFmpeg,CWE-MemorySafety,0,1,CWE-252: Unchecked Dynamic Allocation Return,REJECT
devign_4192,FFmpeg,CWE-MemorySafety,1,0,None,ACCEPT
devign_4193,FFmpeg,CWE-MemorySafety,1,0,None,ACCEPT
devign_4194,FFmpeg,CWE-MemorySafety,1,0,None,ACCEPT
devign_4195,qemu,CWE-MemorySafety,1,0,None,ACCEPT
devign_4197,FFmpeg,CWE-MemorySafety,1,0,None,ACCEPT
devign_4198,qemu,CWE-MemorySafety,1,0,None,ACCEPT
devign_4199,FFmpeg,CWE-MemorySafety,0,0,None,ACCEPT
devign_4200,FFmpeg,CWE-MemorySafety,0,0,None,ACCEPT
devign_4202,qemu,CWE-MemorySafety,0,0,None,ACCEPT
devign_4204,qemu,CWE-MemorySafety,0,0,None,ACCEPT
devign_4205,qemu,CWE-MemorySafety,0,0,None,ACCEPT
devign_4206,qemu,CWE-MemorySafety,0,0,None,ACCEPT
devign_4208,qemu,CWE-MemorySafety,0,0,None,ACCEPT
devign_4209,qemu,CWE-MemorySafety,0,0,None,ACCEPT
devign_4210,qemu,CWE-MemorySafety,0,0,None,ACCEPT
devign_4211,qemu,CWE-MemorySafety,0,0,None,ACCEPT
devign_4212,qemu,CWE-MemorySafety,0,0,None,ACCEPT
devign_4213,FFmpeg,CWE-MemorySafety,0,0,None,ACCEPT
devign_4214,qemu,CWE-MemorySafety,0,0,None,ACCEPT
devign_4215,qemu,CWE-MemorySafety,0,0,None,ACCEPT
devign_4216,qemu,CWE-MemorySafety,0,0,None,ACCEPT
devign_4217,qemu,CWE-MemorySafety,0,0,None,ACCEPT
devign_4221,qemu,CWE-MemorySafety,0,0,None,ACCEPT
devign_4222,qemu,CWE-MemorySafety,0,0,None,ACCEPT
devign_4223,qemu,CWE-MemorySafety,0,1,CWE-120: Unbounded String Operation,REJECT
devign_4224,qemu,CWE-MemorySafety,0,0,None,ACCEPT
devign_4225,FFmpeg,CWE-MemorySafety,0,0,None,ACCEPT
devign_4226,qemu,CWE-MemorySafety,0,0,None,ACCEPT
devign_4227,qemu,CWE-MemorySafety,0,0,None,ACCEPT
devign_4228,qemu,CWE-MemorySafety,0,0,None,ACCEPT
devign_4229,qemu,CWE-MemorySafety,0,0,None,ACCEPT
devign_4230,qemu,CWE-MemorySafety,0,0,None,ACCEPT
devign_4231,qemu,CWE-MemorySafety,0,0,None,ACCEPT
devign_4232,qemu,CWE-MemorySafety,0,0,None,ACCEPT
devign_4233,qemu,CWE-MemorySafety,0,0,None,ACCEPT
devign_4234,FFmpeg,CWE-MemorySafety,0,0,None,ACCEPT
devign_4235,FFmpeg,CWE-MemorySafety,0,0,None,ACCEPT
devign_4236,qemu,CWE-MemorySafety,0,0,None,ACCEPT
devign_4238,qemu,CWE-MemorySafety,0,0,None,ACCEPT
devign_4239,qemu,CWE-MemorySafety,0,0,None,ACCEPT
devign_4240,qemu,CWE-MemorySafety,0,0,None,ACCEPT
devign_4241,qemu,CWE-MemorySafety,0,0,None,ACCEPT
devign_4242,qemu,CWE-MemorySafety,0,0,None,ACCEPT
devign_4243,qemu,CWE-MemorySafety,0,0,None,ACCEPT
devign_4244,qemu,CWE-MemorySafety,0,0,None,ACCEPT
devign_4247,qemu,CWE-MemorySafety,1,0,None,ACCEPT
devign_4248,qemu,CWE-MemorySafety,1,0,None,ACCEPT
devign_4249,FFmpeg,CWE-MemorySafety,1,1,CWE-252: Unchecked Dynamic Allocation Return,REJECT
devign_4251,FFmpeg,CWE-MemorySafety,1,0,None,ACCEPT
devign_4252,qemu,CWE-MemorySafety,1,0,None,ACCEPT
devign_4253,qemu,CWE-MemorySafety,1,0,None,ACCEPT
devign_4254,qemu,CWE-MemorySafety,1,0,None,ACCEPT
devign_4255,qemu,CWE-MemorySafety,1,0,None,ACCEPT
devign_4256,FFmpeg,CWE-MemorySafety,0,0,None,ACCEPT
devign_4257,FFmpeg,CWE-MemorySafety,0,0,None,ACCEPT
devign_4258,FFmpeg,CWE-MemorySafety,0,0,None,ACCEPT
devign_4259,FFmpeg,CWE-MemorySafety,0,0,None,ACCEPT
devign_4260,FFmpeg,CWE-MemorySafety,0,0,None,ACCEPT
devign_4261,FFmpeg,CWE-MemorySafety,1,0,None,ACCEPT
devign_4262,qemu,CWE-MemorySafety,1,0,None,ACCEPT
devign_4263,qemu,CWE-MemorySafety,1,0,None,ACCEPT
devign_4265,qemu,CWE-MemorySafety,1,0,None,ACCEPT
devign_4266,FFmpeg,CWE-MemorySafety,1,0,None,ACCEPT
devign_4268,FFmpeg,CWE-MemorySafety,0,0,None,ACCEPT
devign_4269,FFmpeg,CWE-MemorySafety,0,0,None,ACCEPT
devign_4270,qemu,CWE-MemorySafety,0,0,None,ACCEPT
devign_4271,qemu,CWE-MemorySafety,0,0,None,ACCEPT
devign_4272,qemu,CWE-MemorySafety,0,0,None,ACCEPT
devign_4274,qemu,CWE-MemorySafety,0,0,None,ACCEPT
devign_4276,qemu,CWE-MemorySafety,0,0,None,ACCEPT
devign_4278,qemu,CWE-MemorySafety,0,0,None,ACCEPT
devign_4279,qemu,CWE-MemorySafety,0,0,None,ACCEPT
devign_4281,qemu,CWE-MemorySafety,0,0,None,ACCEPT
devign_4282,FFmpeg,CWE-MemorySafety,0,0,None,ACCEPT
devign_4283,FFmpeg,CWE-MemorySafety,0,1,CWE-252: Unchecked Dynamic Allocation Return,REJECT
devign_4284,FFmpeg,CWE-MemorySafety,0,0,None,ACCEPT
devign_4285,qemu,CWE-MemorySafety,0,0,None,ACCEPT
devign_4287,qemu,CWE-MemorySafety,0,0,None,ACCEPT
devign_4289,FFmpeg,CWE-MemorySafety,1,1,CWE-252: Unchecked Dynamic Allocation Return,REJECT
devign_4290,FFmpeg,CWE-MemorySafety,0,0,None,ACCEPT
devign_4291,FFmpeg,CWE-MemorySafety,1,0,None,ACCEPT
devign_4292,FFmpeg,CWE-MemorySafety,1,0,None,ACCEPT
devign_4293,qemu,CWE-MemorySafety,1,0,None,ACCEPT
devign_4294,qemu,CWE-MemorySafety,1,0,None,ACCEPT
devign_4295,FFmpeg,CWE-MemorySafety,0,0,None,ACCEPT
devign_4296,FFmpeg,CWE-MemorySafety,0,0,None,ACCEPT
devign_4297,qemu,CWE-MemorySafety,1,0,None,ACCEPT
devign_4298,qemu,CWE-MemorySafety,1,0,None,ACCEPT
devign_4299,qemu,CWE-MemorySafety,1,0,None,ACCEPT
devign_4300,qemu,CWE-MemorySafety,1,0,None,ACCEPT
devign_4301,FFmpeg,CWE-MemorySafety,1,0,None,ACCEPT
devign_4302,qemu,CWE-MemorySafety,1,0,None,ACCEPT
devign_4303,qemu,CWE-MemorySafety,1,0,None,ACCEPT
devign_4304,qemu,CWE-MemorySafety,1,0,None,ACCEPT
devign_4305,FFmpeg,CWE-MemorySafety,1,0,None,ACCEPT
devign_4306,qemu,CWE-MemorySafety,1,0,None,ACCEPT
devign_4307,FFmpeg,CWE-MemorySafety,1,0,None,ACCEPT
devign_4309,FFmpeg,CWE-MemorySafety,0,0,None,ACCEPT
devign_4310,FFmpeg,CWE-MemorySafety,0,0,None,ACCEPT
devign_4311,FFmpeg,CWE-MemorySafety,0,0,None,ACCEPT
devign_4312,FFmpeg,CWE-MemorySafety,0,0,None,ACCEPT
devign_4313,FFmpeg,CWE-MemorySafety,0,0,None,ACCEPT
devign_4314,FFmpeg,CWE-MemorySafety,0,0,None,ACCEPT
devign_4315,FFmpeg,CWE-MemorySafety,0,0,None,ACCEPT
devign_4316,qemu,CWE-MemorySafety,1,0,None,ACCEPT
devign_4317,FFmpeg,CWE-MemorySafety,1,1,CWE-120: Unbounded String Operation,REJECT
devign_4319,qemu,CWE-MemorySafety,1,0,None,ACCEPT
devign_4320,qemu,CWE-MemorySafety,1,0,None,ACCEPT
devign_4321,qemu,CWE-MemorySafety,1,0,None,ACCEPT
devign_4322,qemu,CWE-MemorySafety,1,0,None,ACCEPT
devign_4323,qemu,CWE-MemorySafety,1,0,None,ACCEPT
devign_4324,qemu,CWE-MemorySafety,1,0,None,ACCEPT
devign_4326,qemu,CWE-MemorySafety,1,0,None,ACCEPT
devign_4327,qemu,CWE-MemorySafety,1,0,None,ACCEPT
devign_4328,FFmpeg,CWE-MemorySafety,0,0,None,ACCEPT
devign_4329,FFmpeg,CWE-MemorySafety,0,0,None,ACCEPT
devign_4330,FFmpeg,CWE-MemorySafety,0,0,None,ACCEPT
devign_4331,FFmpeg,CWE-MemorySafety,0,0,None,ACCEPT
devign_4332,FFmpeg,CWE-MemorySafety,0,0,None,ACCEPT
devign_4333,FFmpeg,CWE-MemorySafety,1,0,None,ACCEPT
devign_4334,qemu,CWE-MemorySafety,1,0,None,ACCEPT
devign_4335,FFmpeg,CWE-MemorySafety,1,0,None,ACCEPT
devign_4336,qemu,CWE-MemorySafety,0,0,None,ACCEPT
devign_4337,qemu,CWE-MemorySafety,0,0,None,ACCEPT
devign_4338,qemu,CWE-MemorySafety,0,0,None,ACCEPT
devign_4340,qemu,CWE-MemorySafety,0,0,None,ACCEPT
devign_4341,qemu,CWE-MemorySafety,0,0,None,ACCEPT
devign_4342,qemu,CWE-MemorySafety,0,0,None,ACCEPT
devign_4343,qemu,CWE-MemorySafety,0,0,None,ACCEPT
devign_4344,FFmpeg,CWE-MemorySafety,0,0,None,ACCEPT
devign_4345,qemu,CWE-MemorySafety,0,0,None,ACCEPT
devign_4346,qemu,CWE-MemorySafety,0,0,None,ACCEPT
devign_4347,qemu,CWE-MemorySafety,0,0,None,ACCEPT
devign_4348,qemu,CWE-MemorySafety,0,0,None,ACCEPT
devign_4349,qemu,CWE-MemorySafety,0,0,None,ACCEPT
devign_4350,qemu,CWE-MemorySafety,0,0,None,ACCEPT
devign_4352,FFmpeg,CWE-MemorySafety,0,0,None,ACCEPT
devign_4353,qemu,CWE-MemorySafety,0,0,None,ACCEPT
devign_4354,qemu,CWE-MemorySafety,0,0,None,ACCEPT
devign_4355,qemu,CWE-MemorySafety,0,0,None,ACCEPT
devign_4356,qemu,CWE-MemorySafety,0,0,None,ACCEPT
devign_4357,qemu,CWE-MemorySafety,0,0,None,ACCEPT
devign_4359,qemu,CWE-MemorySafety,0,0,None,ACCEPT
devign_4360,qemu,CWE-MemorySafety,0,0,None,ACCEPT
devign_4361,qemu,CWE-MemorySafety,0,0,None,ACCEPT
devign_4363,qemu,CWE-MemorySafety,1,0,None,ACCEPT
devign_4364,qemu,CWE-MemorySafety,1,1,CWE-252: Unchecked Dynamic Allocation Return,REJECT
devign_4365,qemu,CWE-MemorySafety,1,0,None,ACCEPT
devign_4366,FFmpeg,CWE-MemorySafety,1,0,None,ACCEPT
devign_4367,FFmpeg,CWE-MemorySafety,1,0,None,ACCEPT
devign_4368,qemu,CWE-MemorySafety,1,0,None,ACCEPT
devign_4369,qemu,CWE-MemorySafety,1,1,CWE-252: Unchecked Dynamic Allocation Return,REJECT
devign_4372,qemu,CWE-MemorySafety,1,0,None,ACCEPT
devign_4373,qemu,CWE-MemorySafety,1,0,None,ACCEPT
devign_4374,FFmpeg,CWE-MemorySafety,1,0,None,ACCEPT
devign_4375,qemu,CWE-MemorySafety,1,0,None,ACCEPT
devign_4376,qemu,CWE-MemorySafety,1,0,None,ACCEPT
devign_4377,qemu,CWE-MemorySafety,1,0,None,ACCEPT
devign_4378,qemu,CWE-MemorySafety,1,0,None,ACCEPT
devign_4379,FFmpeg,CWE-MemorySafety,1,0,None,ACCEPT
devign_4380,FFmpeg,CWE-MemorySafety,1,0,None,ACCEPT
devign_4381,FFmpeg,CWE-MemorySafety,1,0,None,ACCEPT
devign_4382,qemu,CWE-MemorySafety,1,0,None,ACCEPT
devign_4383,qemu,CWE-MemorySafety,1,0,None,ACCEPT
devign_4387,FFmpeg,CWE-MemorySafety,1,0,None,ACCEPT
devign_4388,FFmpeg,CWE-MemorySafety,1,0,None,ACCEPT
devign_4389,FFmpeg,CWE-MemorySafety,0,0,None,ACCEPT
devign_4390,FFmpeg,CWE-MemorySafety,0,0,None,ACCEPT
devign_4391,FFmpeg,CWE-MemorySafety,1,0,None,ACCEPT
devign_4392,qemu,CWE-MemorySafety,1,0,None,ACCEPT
devign_4393,qemu,CWE-MemorySafety,1,0,None,ACCEPT
devign_4394,qemu,CWE-MemorySafety,1,0,None,ACCEPT
devign_4395,FFmpeg,CWE-MemorySafety,0,0,None,ACCEPT
devign_4396,FFmpeg,CWE-MemorySafety,0,0,None,ACCEPT
devign_4397,FFmpeg,CWE-MemorySafety,0,0,None,ACCEPT
devign_4398,FFmpeg,CWE-MemorySafety,0,1,CWE-252: Unchecked Dynamic Allocation Return,REJECT
devign_4400,FFmpeg,CWE-MemorySafety,0,0,None,ACCEPT
devign_4401,FFmpeg,CWE-MemorySafety,0,0,None,ACCEPT
devign_4402,FFmpeg,CWE-MemorySafety,0,0,None,ACCEPT
devign_4403,FFmpeg,CWE-MemorySafety,0,0,None,ACCEPT
devign_4404,qemu,CWE-MemorySafety,1,0,None,ACCEPT
devign_4405,FFmpeg,CWE-MemorySafety,1,0,None,ACCEPT
devign_4406,FFmpeg,CWE-MemorySafety,1,0,None,ACCEPT
devign_4407,qemu,CWE-MemorySafety,1,0,None,ACCEPT
devign_4408,qemu,CWE-MemorySafety,1,0,None,ACCEPT
devign_4409,qemu,CWE-MemorySafety,0,0,None,ACCEPT
devign_4410,qemu,CWE-MemorySafety,0,0,None,ACCEPT
devign_4411,qemu,CWE-MemorySafety,0,0,None,ACCEPT
devign_4412,qemu,CWE-MemorySafety,0,0,None,ACCEPT
devign_4413,qemu,CWE-MemorySafety,0,0,None,ACCEPT
devign_4414,qemu,CWE-MemorySafety,0,0,None,ACCEPT
devign_4416,FFmpeg,CWE-MemorySafety,0,0,None,ACCEPT
devign_4417,FFmpeg,CWE-MemorySafety,0,1,CWE-252: Unchecked Dynamic Allocation Return,REJECT
devign_4418,qemu,CWE-MemorySafety,0,0,None,ACCEPT
devign_4420,qemu,CWE-MemorySafety,0,0,None,ACCEPT
devign_4421,qemu,CWE-MemorySafety,0,0,None,ACCEPT
devign_4422,qemu,CWE-MemorySafety,0,0,None,ACCEPT
devign_4423,qemu,CWE-MemorySafety,0,0,None,ACCEPT
devign_4424,qemu,CWE-MemorySafety,0,0,None,ACCEPT
devign_4425,qemu,CWE-MemorySafety,0,0,None,ACCEPT
devign_4428,FFmpeg,CWE-MemorySafety,0,0,None,ACCEPT
devign_4429,qemu,CWE-MemorySafety,0,0,None,ACCEPT
devign_4430,qemu,CWE-MemorySafety,0,1,CWE-252: Unchecked Dynamic Allocation Return,REJECT
devign_4431,qemu,CWE-MemorySafety,0,0,None,ACCEPT
devign_4432,FFmpeg,CWE-MemorySafety,1,0,None,ACCEPT
devign_4433,FFmpeg,CWE-MemorySafety,0,0,None,ACCEPT
devign_4434,FFmpeg,CWE-MemorySafety,1,0,None,ACCEPT
devign_4435,qemu,CWE-MemorySafety,1,0,None,ACCEPT
devign_4436,FFmpeg,CWE-MemorySafety,1,0,None,ACCEPT
devign_4437,qemu,CWE-MemorySafety,1,0,None,ACCEPT
devign_4438,FFmpeg,CWE-MemorySafety,1,0,None,ACCEPT
devign_4439,FFmpeg,CWE-MemorySafety,1,0,None,ACCEPT
devign_4440,qemu,CWE-MemorySafety,1,0,None,ACCEPT
devign_4441,FFmpeg,CWE-MemorySafety,1,0,None,ACCEPT
devign_4442,qemu,CWE-MemorySafety,1,0,None,ACCEPT
devign_4443,FFmpeg,CWE-MemorySafety,1,0,None,ACCEPT
devign_4444,qemu,CWE-MemorySafety,1,0,None,ACCEPT
devign_4445,FFmpeg,CWE-MemorySafety,1,0,None,ACCEPT
devign_4446,FFmpeg,CWE-MemorySafety,1,0,None,ACCEPT
devign_4448,FFmpeg,CWE-MemorySafety,1,0,None,ACCEPT
devign_4449,qemu,CWE-MemorySafety,1,0,None,ACCEPT
devign_4450,qemu,CWE-MemorySafety,1,0,None,ACCEPT
devign_4451,qemu,CWE-MemorySafety,1,0,None,ACCEPT
devign_4453,FFmpeg,CWE-MemorySafety,1,1,CWE-252: Unchecked Dynamic Allocation Return,REJECT
devign_4454,qemu,CWE-MemorySafety,1,0,None,ACCEPT
devign_4455,qemu,CWE-MemorySafety,1,0,None,ACCEPT
devign_4456,FFmpeg,CWE-MemorySafety,1,0,None,ACCEPT
devign_4457,qemu,CWE-MemorySafety,1,0,None,ACCEPT
devign_4459,FFmpeg,CWE-MemorySafety,0,0,None,ACCEPT
devign_4460,FFmpeg,CWE-MemorySafety,0,0,None,ACCEPT
devign_4461,FFmpeg,CWE-MemorySafety,1,0,None,ACCEPT
devign_4462,qemu,CWE-MemorySafety,1,0,None,ACCEPT
devign_4463,FFmpeg,CWE-MemorySafety,1,0,None,ACCEPT
devign_4464,qemu,CWE-MemorySafety,1,0,None,ACCEPT
devign_4466,qemu,CWE-MemorySafety,1,0,None,ACCEPT
devign_4467,qemu,CWE-MemorySafety,1,0,None,ACCEPT
devign_4469,qemu,CWE-MemorySafety,1,0,None,ACCEPT
devign_4472,qemu,CWE-MemorySafety,1,0,None,ACCEPT
devign_4474,FFmpeg,CWE-MemorySafety,0,0,None,ACCEPT
devign_4475,qemu,CWE-MemorySafety,1,0,None,ACCEPT
devign_4476,FFmpeg,CWE-MemorySafety,1,0,None,ACCEPT
devign_4477,qemu,CWE-MemorySafety,1,0,None,ACCEPT
devign_4478,qemu,CWE-MemorySafety,1,0,None,ACCEPT
devign_4480,FFmpeg,CWE-MemorySafety,1,0,None,ACCEPT
devign_4481,FFmpeg,CWE-MemorySafety,1,0,None,ACCEPT
devign_4482,qemu,CWE-MemorySafety,1,0,None,ACCEPT
devign_4484,qemu,CWE-MemorySafety,0,0,None,ACCEPT
devign_4485,qemu,CWE-MemorySafety,0,0,None,ACCEPT
devign_4486,qemu,CWE-MemorySafety,0,0,None,ACCEPT
devign_4487,qemu,CWE-MemorySafety,0,0,None,ACCEPT
devign_4488,FFmpeg,CWE-MemorySafety,0,0,None,ACCEPT
devign_4491,qemu,CWE-MemorySafety,0,0,None,ACCEPT
devign_4493,qemu,CWE-MemorySafety,0,0,None,ACCEPT
devign_4495,qemu,CWE-MemorySafety,0,0,None,ACCEPT
devign_4497,qemu,CWE-MemorySafety,0,0,None,ACCEPT
devign_4498,qemu,CWE-MemorySafety,0,0,None,ACCEPT
devign_4499,qemu,CWE-MemorySafety,0,0,None,ACCEPT
devign_4500,qemu,CWE-MemorySafety,0,0,None,ACCEPT
devign_4501,qemu,CWE-MemorySafety,0,0,None,ACCEPT
devign_4502,qemu,CWE-MemorySafety,0,0,None,ACCEPT
devign_4503,qemu,CWE-MemorySafety,0,0,None,ACCEPT
devign_4506,FFmpeg,CWE-MemorySafety,0,0,None,ACCEPT
devign_4507,qemu,CWE-MemorySafety,0,0,None,ACCEPT
devign_4508,qemu,CWE-MemorySafety,0,0,None,ACCEPT
devign_4509,qemu,CWE-MemorySafety,0,0,None,ACCEPT
devign_4511,qemu,CWE-MemorySafety,0,0,None,ACCEPT
devign_4512,qemu,CWE-MemorySafety,0,0,None,ACCEPT
devign_4513,FFmpeg,CWE-MemorySafety,0,0,None,ACCEPT
devign_4514,FFmpeg,CWE-MemorySafety,0,0,None,ACCEPT
devign_4515,FFmpeg,CWE-MemorySafety,0,0,None,ACCEPT
devign_4518,qemu,CWE-MemorySafety,1,0,None,ACCEPT
devign_4519,FFmpeg,CWE-MemorySafety,1,1,CWE-252: Unchecked Dynamic Allocation Return,REJECT
devign_4520,qemu,CWE-MemorySafety,1,0,None,ACCEPT
devign_4521,qemu,CWE-MemorySafety,1,0,None,ACCEPT
devign_4522,FFmpeg,CWE-MemorySafety,1,0,None,ACCEPT
devign_4524,FFmpeg,CWE-MemorySafety,1,1,CWE-252: Unchecked Dynamic Allocation Return,REJECT
devign_4525,FFmpeg,CWE-MemorySafety,0,0,None,ACCEPT
devign_4526,FFmpeg,CWE-MemorySafety,0,0,None,ACCEPT
devign_4527,FFmpeg,CWE-MemorySafety,0,0,None,ACCEPT
devign_4529,FFmpeg,CWE-MemorySafety,1,1,CWE-252: Unchecked Dynamic Allocation Return,REJECT
devign_4531,qemu,CWE-MemorySafety,1,0,None,ACCEPT
devign_4532,qemu,CWE-MemorySafety,1,0,None,ACCEPT
devign_4534,FFmpeg,CWE-MemorySafety,1,0,None,ACCEPT
devign_4536,qemu,CWE-MemorySafety,1,0,None,ACCEPT
devign_4537,FFmpeg,CWE-MemorySafety,1,0,None,ACCEPT
devign_4538,FFmpeg,CWE-MemorySafety,0,0,None,ACCEPT
devign_4539,FFmpeg,CWE-MemorySafety,0,0,None,ACCEPT
devign_4540,FFmpeg,CWE-MemorySafety,0,0,None,ACCEPT
devign_4542,qemu,CWE-MemorySafety,1,0,None,ACCEPT
devign_4545,qemu,CWE-MemorySafety,1,0,None,ACCEPT
devign_4546,qemu,CWE-MemorySafety,1,0,None,ACCEPT
devign_4547,qemu,CWE-MemorySafety,1,0,None,ACCEPT
devign_4548,qemu,CWE-MemorySafety,1,0,None,ACCEPT
devign_4549,FFmpeg,CWE-MemorySafety,0,0,None,ACCEPT
devign_4551,qemu,CWE-MemorySafety,0,0,None,ACCEPT
devign_4552,qemu,CWE-MemorySafety,0,0,None,ACCEPT
devign_4553,qemu,CWE-MemorySafety,0,0,None,ACCEPT
devign_4554,qemu,CWE-MemorySafety,0,0,None,ACCEPT
devign_4555,qemu,CWE-MemorySafety,0,0,None,ACCEPT
devign_4556,qemu,CWE-MemorySafety,0,0,None,ACCEPT
devign_4557,qemu,CWE-MemorySafety,0,0,None,ACCEPT
devign_4558,FFmpeg,CWE-MemorySafety,0,0,None,ACCEPT
devign_4559,qemu,CWE-MemorySafety,0,0,None,ACCEPT
devign_4560,qemu,CWE-MemorySafety,0,0,None,ACCEPT
devign_4561,qemu,CWE-MemorySafety,0,0,None,ACCEPT
devign_4562,qemu,CWE-MemorySafety,0,0,None,ACCEPT
devign_4563,qemu,CWE-MemorySafety,0,0,None,ACCEPT
devign_4564,qemu,CWE-MemorySafety,0,0,None,ACCEPT
devign_4566,FFmpeg,CWE-MemorySafety,0,0,None,ACCEPT
devign_4567,FFmpeg,CWE-MemorySafety,0,0,None,ACCEPT
devign_4568,qemu,CWE-MemorySafety,0,0,None,ACCEPT
devign_4569,qemu,CWE-MemorySafety,0,0,None,ACCEPT
devign_4572,qemu,CWE-MemorySafety,0,0,None,ACCEPT
devign_4573,qemu,CWE-MemorySafety,0,0,None,ACCEPT
devign_4574,qemu,CWE-MemorySafety,0,0,None,ACCEPT
devign_4575,FFmpeg,CWE-MemorySafety,0,0,None,ACCEPT
devign_4577,qemu,CWE-MemorySafety,0,0,None,ACCEPT
devign_4578,qemu,CWE-MemorySafety,0,0,None,ACCEPT
devign_4579,qemu,CWE-MemorySafety,0,0,None,ACCEPT
devign_4580,qemu,CWE-MemorySafety,0,0,None,ACCEPT
devign_4581,FFmpeg,CWE-MemorySafety,0,0,None,ACCEPT
devign_4582,qemu,CWE-MemorySafety,0,0,None,ACCEPT
devign_4583,qemu,CWE-MemorySafety,0,0,None,ACCEPT
devign_4584,qemu,CWE-MemorySafety,0,0,None,ACCEPT
devign_4585,qemu,CWE-MemorySafety,0,0,None,ACCEPT
devign_4586,qemu,CWE-MemorySafety,0,0,None,ACCEPT
devign_4587,qemu,CWE-MemorySafety,0,0,None,ACCEPT
devign_4588,qemu,CWE-MemorySafety,0,0,None,ACCEPT
devign_4590,qemu,CWE-MemorySafety,0,0,None,ACCEPT
devign_4591,qemu,CWE-MemorySafety,0,0,None,ACCEPT
devign_4592,FFmpeg,CWE-MemorySafety,0,0,None,ACCEPT
devign_4593,qemu,CWE-MemorySafety,0,0,None,ACCEPT
devign_4594,qemu,CWE-MemorySafety,0,0,None,ACCEPT
devign_4595,qemu,CWE-MemorySafety,0,0,None,ACCEPT
devign_4596,qemu,CWE-MemorySafety,0,0,None,ACCEPT
devign_4597,qemu,CWE-MemorySafety,0,0,None,ACCEPT
devign_4599,qemu,CWE-MemorySafety,0,0,None,ACCEPT
devign_4600,qemu,CWE-MemorySafety,0,0,None,ACCEPT
devign_4601,qemu,CWE-MemorySafety,0,0,None,ACCEPT
devign_4602,FFmpeg,CWE-MemorySafety,0,0,None,ACCEPT
devign_4603,qemu,CWE-MemorySafety,0,0,None,ACCEPT
devign_4604,qemu,CWE-MemorySafety,0,0,None,ACCEPT
devign_4605,qemu,CWE-MemorySafety,0,0,None,ACCEPT
devign_4607,qemu,CWE-MemorySafety,0,0,None,ACCEPT
devign_4610,qemu,CWE-MemorySafety,0,0,None,ACCEPT
devign_4611,qemu,CWE-MemorySafety,0,0,None,ACCEPT
devign_4612,FFmpeg,CWE-MemorySafety,0,0,None,ACCEPT
devign_4613,FFmpeg,CWE-MemorySafety,0,0,None,ACCEPT
devign_4614,FFmpeg,CWE-MemorySafety,1,0,None,ACCEPT
devign_4616,FFmpeg,CWE-MemorySafety,1,0,None,ACCEPT
devign_4617,qemu,CWE-MemorySafety,1,1,CWE-252: Unchecked Dynamic Allocation Return,REJECT
devign_4618,qemu,CWE-MemorySafety,1,0,None,ACCEPT
devign_4621,FFmpeg,CWE-MemorySafety,0,0,None,ACCEPT
devign_4623,FFmpeg,CWE-MemorySafety,1,0,None,ACCEPT
devign_4624,FFmpeg,CWE-MemorySafety,1,0,None,ACCEPT
devign_4625,FFmpeg,CWE-MemorySafety,1,0,None,ACCEPT
devign_4626,qemu,CWE-MemorySafety,1,0,None,ACCEPT
devign_4628,qemu,CWE-MemorySafety,1,0,None,ACCEPT
devign_4630,FFmpeg,CWE-MemorySafety,0,0,None,ACCEPT
devign_4633,FFmpeg,CWE-MemorySafety,0,0,None,ACCEPT
devign_4636,qemu,CWE-MemorySafety,1,0,None,ACCEPT
devign_4637,FFmpeg,CWE-MemorySafety,1,0,None,ACCEPT
devign_4638,qemu,CWE-MemorySafety,1,0,None,ACCEPT
devign_4640,qemu,CWE-MemorySafety,1,0,None,ACCEPT
devign_4641,qemu,CWE-MemorySafety,1,0,None,ACCEPT
devign_4642,qemu,CWE-MemorySafety,1,0,None,ACCEPT
devign_4643,FFmpeg,CWE-MemorySafety,0,0,None,ACCEPT
devign_4644,FFmpeg,CWE-MemorySafety,0,0,None,ACCEPT
devign_4645,FFmpeg,CWE-MemorySafety,0,0,None,ACCEPT
devign_4646,qemu,CWE-MemorySafety,1,0,None,ACCEPT
devign_4647,qemu,CWE-MemorySafety,1,0,None,ACCEPT
devign_4648,qemu,CWE-MemorySafety,1,0,None,ACCEPT
devign_4649,qemu,CWE-MemorySafety,1,0,None,ACCEPT
devign_4650,qemu,CWE-MemorySafety,1,0,None,ACCEPT
devign_4651,qemu,CWE-MemorySafety,1,0,None,ACCEPT
devign_4652,FFmpeg,CWE-MemorySafety,0,0,None,ACCEPT
devign_4654,FFmpeg,CWE-MemorySafety,0,0,None,ACCEPT
devign_4656,FFmpeg,CWE-MemorySafety,0,0,None,ACCEPT
devign_4657,qemu,CWE-MemorySafety,1,0,None,ACCEPT
devign_4658,qemu,CWE-MemorySafety,1,0,None,ACCEPT
devign_4659,FFmpeg,CWE-MemorySafety,1,0,None,ACCEPT
devign_4660,qemu,CWE-MemorySafety,1,0,None,ACCEPT
devign_4661,qemu,CWE-MemorySafety,1,0,None,ACCEPT
devign_4662,FFmpeg,CWE-MemorySafety,0,0,None,ACCEPT
devign_4663,FFmpeg,CWE-MemorySafety,0,0,None,ACCEPT
devign_4665,qemu,CWE-MemorySafety,1,0,None,ACCEPT
devign_4666,qemu,CWE-MemorySafety,1,0,None,ACCEPT
devign_4667,FFmpeg,CWE-MemorySafety,1,1,CWE-252: Unchecked Dynamic Allocation Return,REJECT
devign_4669,FFmpeg,CWE-MemorySafety,1,0,None,ACCEPT
devign_4671,FFmpeg,CWE-MemorySafety,0,0,None,ACCEPT
devign_4672,qemu,CWE-MemorySafety,1,0,None,ACCEPT
devign_4673,FFmpeg,CWE-MemorySafety,1,0,None,ACCEPT
devign_4674,qemu,CWE-MemorySafety,1,0,None,ACCEPT
devign_4675,qemu,CWE-MemorySafety,1,0,None,ACCEPT
devign_4676,FFmpeg,CWE-MemorySafety,1,0,None,ACCEPT
devign_4677,FFmpeg,CWE-MemorySafety,1,1,CWE-252: Unchecked Dynamic Allocation Return,REJECT
devign_4678,FFmpeg,CWE-MemorySafety,0,0,None,ACCEPT
devign_4680,qemu,CWE-MemorySafety,1,0,None,ACCEPT
devign_4681,FFmpeg,CWE-MemorySafety,1,0,None,ACCEPT
devign_4682,FFmpeg,CWE-MemorySafety,1,0,None,ACCEPT
devign_4683,qemu,CWE-MemorySafety,1,0,None,ACCEPT
devign_4685,qemu,CWE-MemorySafety,0,0,None,ACCEPT
devign_4687,qemu,CWE-MemorySafety,0,0,None,ACCEPT
devign_4688,qemu,CWE-MemorySafety,0,0,None,ACCEPT
devign_4689,FFmpeg,CWE-MemorySafety,0,0,None,ACCEPT
devign_4690,qemu,CWE-MemorySafety,0,0,None,ACCEPT
devign_4691,qemu,CWE-MemorySafety,0,0,None,ACCEPT
devign_4692,qemu,CWE-MemorySafety,0,0,None,ACCEPT
devign_4693,qemu,CWE-MemorySafety,0,0,None,ACCEPT
devign_4696,qemu,CWE-MemorySafety,0,0,None,ACCEPT
devign_4698,qemu,CWE-MemorySafety,0,0,None,ACCEPT
devign_4699,qemu,CWE-MemorySafety,0,0,None,ACCEPT
devign_4700,qemu,CWE-MemorySafety,0,0,None,ACCEPT
devign_4701,qemu,CWE-MemorySafety,0,0,None,ACCEPT
devign_4702,qemu,CWE-MemorySafety,0,0,None,ACCEPT
devign_4703,qemu,CWE-MemorySafety,0,0,None,ACCEPT
devign_4704,qemu,CWE-MemorySafety,0,0,None,ACCEPT
devign_4705,qemu,CWE-MemorySafety,0,0,None,ACCEPT
devign_4706,qemu,CWE-MemorySafety,0,0,None,ACCEPT
devign_4707,qemu,CWE-MemorySafety,0,0,None,ACCEPT
devign_4708,qemu,CWE-MemorySafety,0,0,None,ACCEPT
devign_4709,qemu,CWE-MemorySafety,0,0,None,ACCEPT
devign_4710,FFmpeg,CWE-MemorySafety,1,0,None,ACCEPT
devign_4711,qemu,CWE-MemorySafety,1,0,None,ACCEPT
devign_4712,FFmpeg,CWE-MemorySafety,0,0,None,ACCEPT
devign_4713,FFmpeg,CWE-MemorySafety,0,0,None,ACCEPT
devign_4714,FFmpeg,CWE-MemorySafety,0,0,None,ACCEPT
devign_4715,FFmpeg,CWE-MemorySafety,0,0,None,ACCEPT
devign_4716,qemu,CWE-MemorySafety,1,0,None,ACCEPT
devign_4717,FFmpeg,CWE-MemorySafety,1,0,None,ACCEPT
devign_4718,qemu,CWE-MemorySafety,1,0,None,ACCEPT
devign_4719,qemu,CWE-MemorySafety,1,0,None,ACCEPT
devign_4720,qemu,CWE-MemorySafety,1,0,None,ACCEPT
devign_4721,FFmpeg,CWE-MemorySafety,1,0,None,ACCEPT
devign_4723,qemu,CWE-MemorySafety,1,0,None,ACCEPT
devign_4726,FFmpeg,CWE-MemorySafety,1,0,None,ACCEPT
devign_4727,qemu,CWE-MemorySafety,1,0,None,ACCEPT
devign_4728,qemu,CWE-MemorySafety,1,0,None,ACCEPT
devign_4730,FFmpeg,CWE-MemorySafety,1,0,None,ACCEPT
devign_4731,qemu,CWE-MemorySafety,1,0,None,ACCEPT
devign_4732,FFmpeg,CWE-MemorySafety,1,0,None,ACCEPT
devign_4733,FFmpeg,CWE-MemorySafety,1,1,CWE-252: Unchecked Dynamic Allocation Return,REJECT
devign_4734,qemu,CWE-MemorySafety,1,0,None,ACCEPT
devign_4735,FFmpeg,CWE-MemorySafety,1,0,None,ACCEPT
devign_4736,qemu,CWE-MemorySafety,1,0,None,ACCEPT
devign_4737,qemu,CWE-MemorySafety,0,0,None,ACCEPT
devign_4738,qemu,CWE-MemorySafety,0,0,None,ACCEPT
devign_4739,qemu,CWE-MemorySafety,0,0,None,ACCEPT
devign_4742,qemu,CWE-MemorySafety,0,0,None,ACCEPT
devign_4743,qemu,CWE-MemorySafety,0,0,None,ACCEPT
devign_4744,qemu,CWE-MemorySafety,0,0,None,ACCEPT
devign_4745,qemu,CWE-MemorySafety,0,0,None,ACCEPT
devign_4746,qemu,CWE-MemorySafety,0,0,None,ACCEPT
devign_4747,qemu,CWE-MemorySafety,0,0,None,ACCEPT
devign_4748,qemu,CWE-MemorySafety,0,0,None,ACCEPT
devign_4749,qemu,CWE-MemorySafety,0,0,None,ACCEPT
devign_4750,FFmpeg,CWE-MemorySafety,0,1,CWE-252: Unchecked Dynamic Allocation Return,REJECT
devign_4751,FFmpeg,CWE-MemorySafety,0,0,None,ACCEPT
devign_4752,qemu,CWE-MemorySafety,0,0,None,ACCEPT
devign_4753,qemu,CWE-MemorySafety,0,0,None,ACCEPT
devign_4754,qemu,CWE-MemorySafety,0,0,None,ACCEPT
devign_4755,qemu,CWE-MemorySafety,0,0,None,ACCEPT
devign_4757,qemu,CWE-MemorySafety,0,0,None,ACCEPT
devign_4758,qemu,CWE-MemorySafety,0,0,None,ACCEPT
devign_4759,qemu,CWE-MemorySafety,1,0,None,ACCEPT
devign_4760,FFmpeg,CWE-MemorySafety,1,0,None,ACCEPT
devign_4761,qemu,CWE-MemorySafety,1,0,None,ACCEPT
devign_4762,FFmpeg,CWE-MemorySafety,1,0,None,ACCEPT
devign_4764,qemu,CWE-MemorySafety,1,1,CWE-120: Unbounded String Operation,REJECT
devign_4765,FFmpeg,CWE-MemorySafety,1,0,None,ACCEPT
devign_4766,FFmpeg,CWE-MemorySafety,1,0,None,ACCEPT
devign_4767,FFmpeg,CWE-MemorySafety,1,0,None,ACCEPT
devign_4768,qemu,CWE-MemorySafety,1,0,None,ACCEPT
devign_4769,qemu,CWE-MemorySafety,1,0,None,ACCEPT
devign_4770,qemu,CWE-MemorySafety,1,0,None,ACCEPT
devign_4771,qemu,CWE-MemorySafety,1,0,None,ACCEPT
devign_4772,FFmpeg,CWE-MemorySafety,1,0,None,ACCEPT
devign_4773,FFmpeg,CWE-MemorySafety,1,0,None,ACCEPT
devign_4774,qemu,CWE-MemorySafety,1,0,None,ACCEPT
devign_4775,qemu,CWE-MemorySafety,1,0,None,ACCEPT
devign_4776,FFmpeg,CWE-MemorySafety,0,0,None,ACCEPT
devign_4777,FFmpeg,CWE-MemorySafety,1,1,CWE-252: Unchecked Dynamic Allocation Return,REJECT
devign_4779,qemu,CWE-MemorySafety,1,0,None,ACCEPT
devign_4781,qemu,CWE-MemorySafety,1,0,None,ACCEPT
devign_4783,qemu,CWE-MemorySafety,1,0,None,ACCEPT
devign_4784,qemu,CWE-MemorySafety,1,0,None,ACCEPT
devign_4785,FFmpeg,CWE-MemorySafety,1,0,None,ACCEPT
devign_4786,qemu,CWE-MemorySafety,1,0,None,ACCEPT
devign_4787,qemu,CWE-MemorySafety,1,0,None,ACCEPT
devign_4788,FFmpeg,CWE-MemorySafety,1,0,None,ACCEPT
devign_4789,FFmpeg,CWE-MemorySafety,0,0,None,ACCEPT
devign_4790,FFmpeg,CWE-MemorySafety,0,0,None,ACCEPT
devign_4791,FFmpeg,CWE-MemorySafety,1,0,None,ACCEPT
devign_4793,qemu,CWE-MemorySafety,1,0,None,ACCEPT
devign_4794,FFmpeg,CWE-MemorySafety,1,0,None,ACCEPT
devign_4796,FFmpeg,CWE-MemorySafety,1,0,None,ACCEPT
devign_4797,qemu,CWE-MemorySafety,1,1,CWE-120: Unbounded String Operation | CWE-252: Unchecked Dynamic Allocation Return,REJECT
devign_4798,FFmpeg,CWE-MemorySafety,1,0,None,ACCEPT
devign_4799,qemu,CWE-MemorySafety,1,0,None,ACCEPT
devign_4800,FFmpeg,CWE-MemorySafety,1,0,None,ACCEPT
devign_4801,FFmpeg,CWE-MemorySafety,1,1,CWE-252: Unchecked Dynamic Allocation Return,REJECT
devign_4802,qemu,CWE-MemorySafety,1,0,None,ACCEPT
devign_4803,FFmpeg,CWE-MemorySafety,1,0,None,ACCEPT
devign_4804,qemu,CWE-MemorySafety,1,0,None,ACCEPT
devign_4805,qemu,CWE-MemorySafety,1,0,None,ACCEPT
devign_4807,qemu,CWE-MemorySafety,1,0,None,ACCEPT
devign_4808,qemu,CWE-MemorySafety,1,0,None,ACCEPT
devign_4809,qemu,CWE-MemorySafety,1,0,None,ACCEPT
devign_4810,qemu,CWE-MemorySafety,1,0,None,ACCEPT
devign_4812,qemu,CWE-MemorySafety,1,0,None,ACCEPT
devign_4813,FFmpeg,CWE-MemorySafety,0,0,None,ACCEPT
devign_4815,FFmpeg,CWE-MemorySafety,0,0,None,ACCEPT
devign_4819,qemu,CWE-MemorySafety,1,0,None,ACCEPT
devign_4820,qemu,CWE-MemorySafety,1,0,None,ACCEPT
devign_4821,qemu,CWE-MemorySafety,1,0,None,ACCEPT
devign_4823,FFmpeg,CWE-MemorySafety,1,0,None,ACCEPT
devign_4824,FFmpeg,CWE-MemorySafety,1,0,None,ACCEPT
devign_4825,qemu,CWE-MemorySafety,1,0,None,ACCEPT
devign_4826,FFmpeg,CWE-MemorySafety,1,0,None,ACCEPT
devign_4827,qemu,CWE-MemorySafety,1,0,None,ACCEPT
devign_4828,qemu,CWE-MemorySafety,1,0,None,ACCEPT
devign_4829,qemu,CWE-MemorySafety,1,0,None,ACCEPT
devign_4830,FFmpeg,CWE-MemorySafety,1,0,None,ACCEPT
devign_4832,qemu,CWE-MemorySafety,1,0,None,ACCEPT
devign_4833,FFmpeg,CWE-MemorySafety,1,0,None,ACCEPT
devign_4834,qemu,CWE-MemorySafety,1,0,None,ACCEPT
devign_4835,FFmpeg,CWE-MemorySafety,1,1,CWE-252: Unchecked Dynamic Allocation Return,REJECT
devign_4837,qemu,CWE-MemorySafety,1,0,None,ACCEPT
devign_4838,qemu,CWE-MemorySafety,0,0,None,ACCEPT
devign_4839,qemu,CWE-MemorySafety,0,1,CWE-120: Unbounded String Operation,REJECT
devign_4841,qemu,CWE-MemorySafety,0,0,None,ACCEPT
devign_4843,qemu,CWE-MemorySafety,0,0,None,ACCEPT
devign_4844,qemu,CWE-MemorySafety,0,0,None,ACCEPT
devign_4846,qemu,CWE-MemorySafety,0,0,None,ACCEPT
devign_4847,qemu,CWE-MemorySafety,0,0,None,ACCEPT
devign_4848,qemu,CWE-MemorySafety,0,0,None,ACCEPT
devign_4849,qemu,CWE-MemorySafety,0,0,None,ACCEPT
devign_4850,qemu,CWE-MemorySafety,0,0,None,ACCEPT
devign_4851,FFmpeg,CWE-MemorySafety,0,0,None,ACCEPT
devign_4852,qemu,CWE-MemorySafety,0,0,None,ACCEPT
devign_4853,qemu,CWE-MemorySafety,1,0,None,ACCEPT
devign_4854,FFmpeg,CWE-MemorySafety,1,0,None,ACCEPT
devign_4855,FFmpeg,CWE-MemorySafety,1,0,None,ACCEPT
devign_4856,FFmpeg,CWE-MemorySafety,1,0,None,ACCEPT
devign_4857,FFmpeg,CWE-MemorySafety,0,0,None,ACCEPT
devign_4858,qemu,CWE-MemorySafety,1,0,None,ACCEPT
devign_4859,FFmpeg,CWE-MemorySafety,1,0,None,ACCEPT
devign_4862,qemu,CWE-MemorySafety,0,0,None,ACCEPT
devign_4864,qemu,CWE-MemorySafety,0,0,None,ACCEPT
devign_4866,qemu,CWE-MemorySafety,0,0,None,ACCEPT
devign_4868,qemu,CWE-MemorySafety,0,0,None,ACCEPT
devign_4869,qemu,CWE-MemorySafety,0,0,None,ACCEPT
devign_4870,qemu,CWE-MemorySafety,0,0,None,ACCEPT
devign_4872,qemu,CWE-MemorySafety,0,0,None,ACCEPT
devign_4873,qemu,CWE-MemorySafety,0,0,None,ACCEPT
devign_4874,qemu,CWE-MemorySafety,0,0,None,ACCEPT
devign_4875,FFmpeg,CWE-MemorySafety,0,0,None,ACCEPT
devign_4876,qemu,CWE-MemorySafety,0,1,CWE-120: Unbounded String Operation | CWE-252: Unchecked Dynamic Allocation Return,REJECT
devign_4877,qemu,CWE-MemorySafety,0,0,None,ACCEPT
devign_4879,FFmpeg,CWE-MemorySafety,0,0,None,ACCEPT
devign_4880,FFmpeg,CWE-MemorySafety,0,0,None,ACCEPT
devign_4881,FFmpeg,CWE-MemorySafety,0,0,None,ACCEPT
devign_4882,FFmpeg,CWE-MemorySafety,0,0,None,ACCEPT
devign_4883,FFmpeg,CWE-MemorySafety,0,0,None,ACCEPT
devign_4884,FFmpeg,CWE-MemorySafety,0,0,None,ACCEPT
devign_4885,FFmpeg,CWE-MemorySafety,0,0,None,ACCEPT
devign_4886,qemu,CWE-MemorySafety,0,0,None,ACCEPT
devign_4887,qemu,CWE-MemorySafety,0,1,CWE-252: Unchecked Dynamic Allocation Return,REJECT
devign_4888,qemu,CWE-MemorySafety,0,0,None,ACCEPT
devign_4889,qemu,CWE-MemorySafety,0,0,None,ACCEPT
devign_4892,qemu,CWE-MemorySafety,0,0,None,ACCEPT
devign_4893,qemu,CWE-MemorySafety,0,0,None,ACCEPT
devign_4894,qemu,CWE-MemorySafety,0,0,None,ACCEPT
devign_4895,qemu,CWE-MemorySafety,0,0,None,ACCEPT
devign_4896,qemu,CWE-MemorySafety,0,0,None,ACCEPT
devign_4897,qemu,CWE-MemorySafety,0,0,None,ACCEPT
devign_4898,qemu,CWE-MemorySafety,0,0,None,ACCEPT
devign_4899,qemu,CWE-MemorySafety,0,0,None,ACCEPT
devign_4900,FFmpeg,CWE-MemorySafety,0,0,None,ACCEPT
devign_4901,qemu,CWE-MemorySafety,0,0,None,ACCEPT
devign_4902,qemu,CWE-MemorySafety,0,0,None,ACCEPT
devign_4903,qemu,CWE-MemorySafety,0,0,None,ACCEPT
devign_4904,qemu,CWE-MemorySafety,0,0,None,ACCEPT
devign_4905,qemu,CWE-MemorySafety,0,0,None,ACCEPT
devign_4906,qemu,CWE-MemorySafety,0,0,None,ACCEPT
devign_4908,FFmpeg,CWE-MemorySafety,0,0,None,ACCEPT
devign_4909,qemu,CWE-MemorySafety,0,0,None,ACCEPT
devign_4910,qemu,CWE-MemorySafety,0,0,None,ACCEPT
devign_4912,qemu,CWE-MemorySafety,0,0,None,ACCEPT
devign_4913,qemu,CWE-MemorySafety,0,0,None,ACCEPT
devign_4914,FFmpeg,CWE-MemorySafety,0,1,CWE-252: Unchecked Dynamic Allocation Return,REJECT
devign_4915,qemu,CWE-MemorySafety,1,0,None,ACCEPT
devign_4916,qemu,CWE-MemorySafety,1,0,None,ACCEPT
devign_4917,qemu,CWE-MemorySafety,1,0,None,ACCEPT
devign_4919,qemu,CWE-MemorySafety,1,0,None,ACCEPT
devign_4920,FFmpeg,CWE-MemorySafety,1,0,None,ACCEPT
devign_4921,qemu,CWE-MemorySafety,1,0,None,ACCEPT
devign_4922,qemu,CWE-MemorySafety,1,0,None,ACCEPT
devign_4924,FFmpeg,CWE-MemorySafety,1,1,CWE-252: Unchecked Dynamic Allocation Return,REJECT
devign_4925,FFmpeg,CWE-MemorySafety,1,0,None,ACCEPT
devign_4926,qemu,CWE-MemorySafety,1,0,None,ACCEPT
devign_4927,FFmpeg,CWE-MemorySafety,1,0,None,ACCEPT
devign_4928,qemu,CWE-MemorySafety,1,0,None,ACCEPT
devign_4929,FFmpeg,CWE-MemorySafety,0,0,None,ACCEPT
devign_4930,FFmpeg,CWE-MemorySafety,0,0,None,ACCEPT
devign_4931,qemu,CWE-MemorySafety,1,0,None,ACCEPT
devign_4932,qemu,CWE-MemorySafety,1,0,None,ACCEPT
devign_4934,FFmpeg,CWE-MemorySafety,1,0,None,ACCEPT
devign_4935,qemu,CWE-MemorySafety,1,1,CWE-252: Unchecked Dynamic Allocation Return,REJECT
devign_4936,FFmpeg,CWE-MemorySafety,1,0,None,ACCEPT
devign_4937,qemu,CWE-MemorySafety,1,0,None,ACCEPT
devign_4938,FFmpeg,CWE-MemorySafety,1,0,None,ACCEPT
devign_4940,qemu,CWE-MemorySafety,1,0,None,ACCEPT
devign_4942,qemu,CWE-MemorySafety,1,0,None,ACCEPT
devign_4943,qemu,CWE-MemorySafety,1,0,None,ACCEPT
devign_4944,FFmpeg,CWE-MemorySafety,0,0,None,ACCEPT
devign_4945,FFmpeg,CWE-MemorySafety,0,0,None,ACCEPT
devign_4946,FFmpeg,CWE-MemorySafety,0,0,None,ACCEPT
devign_4947,FFmpeg,CWE-MemorySafety,0,0,None,ACCEPT
devign_4948,FFmpeg,CWE-MemorySafety,0,0,None,ACCEPT
devign_4949,FFmpeg,CWE-MemorySafety,1,0,None,ACCEPT
devign_4950,qemu,CWE-MemorySafety,1,0,None,ACCEPT
devign_4951,qemu,CWE-MemorySafety,1,0,None,ACCEPT
devign_4952,qemu,CWE-MemorySafety,1,0,None,ACCEPT
devign_4953,FFmpeg,CWE-MemorySafety,1,0,None,ACCEPT
devign_4954,FFmpeg,CWE-MemorySafety,1,0,None,ACCEPT
devign_4958,qemu,CWE-MemorySafety,1,0,None,ACCEPT
devign_4959,FFmpeg,CWE-MemorySafety,1,0,None,ACCEPT
devign_4961,FFmpeg,CWE-MemorySafety,1,0,None,ACCEPT
devign_4962,qemu,CWE-MemorySafety,1,0,None,ACCEPT
devign_4964,qemu,CWE-MemorySafety,1,0,None,ACCEPT
devign_4965,qemu,CWE-MemorySafety,1,0,None,ACCEPT
devign_4966,qemu,CWE-MemorySafety,1,0,None,ACCEPT
devign_4969,qemu,CWE-MemorySafety,1,0,None,ACCEPT
devign_4971,FFmpeg,CWE-MemorySafety,1,0,None,ACCEPT
devign_4972,FFmpeg,CWE-MemorySafety,1,0,None,ACCEPT
devign_4973,FFmpeg,CWE-MemorySafety,1,0,None,ACCEPT
devign_4976,FFmpeg,CWE-MemorySafety,1,1,CWE-252: Unchecked Dynamic Allocation Return,REJECT
devign_4978,FFmpeg,CWE-MemorySafety,0,0,None,ACCEPT
devign_4979,qemu,CWE-MemorySafety,0,1,CWE-120: Unbounded String Operation,REJECT
devign_4980,qemu,CWE-MemorySafety,0,0,None,ACCEPT
devign_4981,qemu,CWE-MemorySafety,0,0,None,ACCEPT
devign_4983,qemu,CWE-MemorySafety,0,0,None,ACCEPT
devign_4985,FFmpeg,CWE-MemorySafety,0,0,None,ACCEPT
devign_4986,FFmpeg,CWE-MemorySafety,0,0,None,ACCEPT
devign_4987,qemu,CWE-MemorySafety,0,0,None,ACCEPT
devign_4988,qemu,CWE-MemorySafety,0,0,None,ACCEPT
devign_4989,qemu,CWE-MemorySafety,0,0,None,ACCEPT
devign_4991,FFmpeg,CWE-MemorySafety,1,0,None,ACCEPT
devign_4992,qemu,CWE-MemorySafety,1,0,None,ACCEPT
devign_4993,FFmpeg,CWE-MemorySafety,1,0,None,ACCEPT
devign_4995,qemu,CWE-MemorySafety,1,0,None,ACCEPT
devign_4997,FFmpeg,CWE-MemorySafety,1,0,None,ACCEPT
devign_4998,qemu,CWE-MemorySafety,1,0,None,ACCEPT
devign_4999,FFmpeg,CWE-MemorySafety,1,0,None,ACCEPT
devign_5000,qemu,CWE-MemorySafety,1,0,None,ACCEPT
devign_5001,FFmpeg,CWE-MemorySafety,1,1,CWE-252: Unchecked Dynamic Allocation Return,REJECT
devign_5002,FFmpeg,CWE-MemorySafety,1,0,None,ACCEPT
devign_5003,FFmpeg,CWE-MemorySafety,1,0,None,ACCEPT
devign_5004,qemu,CWE-MemorySafety,0,0,None,ACCEPT
devign_5005,qemu,CWE-MemorySafety,0,0,None,ACCEPT
devign_5006,FFmpeg,CWE-MemorySafety,0,0,None,ACCEPT
devign_5007,qemu,CWE-MemorySafety,0,0,None,ACCEPT
devign_5008,qemu,CWE-MemorySafety,0,0,None,ACCEPT
devign_5009,qemu,CWE-MemorySafety,0,0,None,ACCEPT
devign_5011,qemu,CWE-MemorySafety,0,0,None,ACCEPT
devign_5012,qemu,CWE-MemorySafety,0,0,None,ACCEPT
devign_5014,qemu,CWE-MemorySafety,0,0,None,ACCEPT
devign_5015,qemu,CWE-MemorySafety,0,0,None,ACCEPT
devign_5016,qemu,CWE-MemorySafety,0,0,None,ACCEPT
devign_5019,qemu,CWE-MemorySafety,0,0,None,ACCEPT
devign_5021,qemu,CWE-MemorySafety,0,0,None,ACCEPT
devign_5022,qemu,CWE-MemorySafety,0,0,None,ACCEPT
devign_5024,qemu,CWE-MemorySafety,0,0,None,ACCEPT
devign_5025,qemu,CWE-MemorySafety,0,0,None,ACCEPT
devign_5026,FFmpeg,CWE-MemorySafety,0,0,None,ACCEPT
devign_5027,FFmpeg,CWE-MemorySafety,0,0,None,ACCEPT
devign_5028,qemu,CWE-MemorySafety,0,0,None,ACCEPT
devign_5029,FFmpeg,CWE-MemorySafety,0,0,None,ACCEPT
devign_5031,qemu,CWE-MemorySafety,0,0,None,ACCEPT
devign_5033,qemu,CWE-MemorySafety,0,0,None,ACCEPT
devign_5034,qemu,CWE-MemorySafety,0,0,None,ACCEPT
devign_5035,qemu,CWE-MemorySafety,0,0,None,ACCEPT
devign_5036,qemu,CWE-MemorySafety,0,1,CWE-252: Unchecked Dynamic Allocation Return,REJECT
devign_5037,qemu,CWE-MemorySafety,0,0,None,ACCEPT
devign_5038,qemu,CWE-MemorySafety,0,0,None,ACCEPT
devign_5039,FFmpeg,CWE-MemorySafety,0,0,None,ACCEPT
devign_5040,qemu,CWE-MemorySafety,0,0,None,ACCEPT
devign_5041,qemu,CWE-MemorySafety,0,0,None,ACCEPT
devign_5042,qemu,CWE-MemorySafety,0,0,None,ACCEPT
devign_5044,qemu,CWE-MemorySafety,0,0,None,ACCEPT
devign_5045,qemu,CWE-MemorySafety,0,0,None,ACCEPT
devign_5048,FFmpeg,CWE-MemorySafety,0,0,None,ACCEPT
devign_5049,qemu,CWE-MemorySafety,1,0,None,ACCEPT
devign_5050,qemu,CWE-MemorySafety,1,0,None,ACCEPT
devign_5051,qemu,CWE-MemorySafety,1,0,None,ACCEPT
devign_5052,qemu,CWE-MemorySafety,1,0,None,ACCEPT
devign_5054,FFmpeg,CWE-MemorySafety,0,0,None,ACCEPT
devign_5055,qemu,CWE-MemorySafety,0,0,None,ACCEPT
devign_5056,qemu,CWE-MemorySafety,0,0,None,ACCEPT
devign_5057,qemu,CWE-MemorySafety,0,0,None,ACCEPT
devign_5058,qemu,CWE-MemorySafety,0,0,None,ACCEPT
devign_5060,qemu,CWE-MemorySafety,0,0,None,ACCEPT
devign_5061,qemu,CWE-MemorySafety,0,0,None,ACCEPT
devign_5063,qemu,CWE-MemorySafety,0,0,None,ACCEPT
devign_5064,qemu,CWE-MemorySafety,0,0,None,ACCEPT
devign_5065,qemu,CWE-MemorySafety,0,0,None,ACCEPT
devign_5066,qemu,CWE-MemorySafety,0,0,None,ACCEPT
devign_5067,qemu,CWE-MemorySafety,0,0,None,ACCEPT
devign_5068,qemu,CWE-MemorySafety,0,0,None,ACCEPT
devign_5069,qemu,CWE-MemorySafety,0,0,None,ACCEPT
devign_5070,qemu,CWE-MemorySafety,0,0,None,ACCEPT
devign_5071,qemu,CWE-MemorySafety,0,0,None,ACCEPT
devign_5073,qemu,CWE-MemorySafety,0,0,None,ACCEPT
devign_5074,qemu,CWE-MemorySafety,0,0,None,ACCEPT
devign_5075,qemu,CWE-MemorySafety,0,0,None,ACCEPT
devign_5076,FFmpeg,CWE-MemorySafety,0,0,None,ACCEPT
devign_5077,FFmpeg,CWE-MemorySafety,0,0,None,ACCEPT
devign_5078,FFmpeg,CWE-MemorySafety,0,0,None,ACCEPT
devign_5079,FFmpeg,CWE-MemorySafety,1,0,None,ACCEPT
devign_5080,qemu,CWE-MemorySafety,1,0,None,ACCEPT
devign_5081,FFmpeg,CWE-MemorySafety,1,0,None,ACCEPT
devign_5082,qemu,CWE-MemorySafety,1,0,None,ACCEPT
devign_5083,FFmpeg,CWE-MemorySafety,1,0,None,ACCEPT
devign_5084,qemu,CWE-MemorySafety,1,0,None,ACCEPT
devign_5085,FFmpeg,CWE-MemorySafety,1,0,None,ACCEPT
devign_5087,FFmpeg,CWE-MemorySafety,1,0,None,ACCEPT
devign_5088,FFmpeg,CWE-MemorySafety,0,0,None,ACCEPT
devign_5089,FFmpeg,CWE-MemorySafety,0,0,None,ACCEPT
devign_5090,FFmpeg,CWE-MemorySafety,0,0,None,ACCEPT
devign_5091,FFmpeg,CWE-MemorySafety,0,0,None,ACCEPT
devign_5092,FFmpeg,CWE-MemorySafety,0,0,None,ACCEPT
devign_5093,FFmpeg,CWE-MemorySafety,0,0,None,ACCEPT
devign_5094,FFmpeg,CWE-MemorySafety,0,0,None,ACCEPT
devign_5095,FFmpeg,CWE-MemorySafety,0,0,None,ACCEPT
devign_5096,FFmpeg,CWE-MemorySafety,0,0,None,ACCEPT
devign_5097,FFmpeg,CWE-MemorySafety,0,0,None,ACCEPT
devign_5098,FFmpeg,CWE-MemorySafety,0,1,CWE-252: Unchecked Dynamic Allocation Return,REJECT
devign_5099,qemu,CWE-MemorySafety,1,0,None,ACCEPT
devign_5100,qemu,CWE-MemorySafety,1,0,None,ACCEPT
devign_5101,qemu,CWE-MemorySafety,1,0,None,ACCEPT
devign_5102,qemu,CWE-MemorySafety,1,0,None,ACCEPT
devign_5103,FFmpeg,CWE-MemorySafety,1,1,CWE-252: Unchecked Dynamic Allocation Return,REJECT
devign_5106,qemu,CWE-MemorySafety,1,0,None,ACCEPT
devign_5107,FFmpeg,CWE-MemorySafety,1,0,None,ACCEPT
devign_5108,qemu,CWE-MemorySafety,1,0,None,ACCEPT
devign_5109,qemu,CWE-MemorySafety,1,0,None,ACCEPT
devign_5110,FFmpeg,CWE-MemorySafety,1,0,None,ACCEPT
devign_5111,FFmpeg,CWE-MemorySafety,1,0,None,ACCEPT
devign_5113,qemu,CWE-MemorySafety,1,0,None,ACCEPT
devign_5114,FFmpeg,CWE-MemorySafety,1,0,None,ACCEPT
devign_5115,FFmpeg,CWE-MemorySafety,1,0,None,ACCEPT
devign_5116,FFmpeg,CWE-MemorySafety,1,0,None,ACCEPT
devign_5117,FFmpeg,CWE-MemorySafety,1,0,None,ACCEPT
devign_5118,FFmpeg,CWE-MemorySafety,1,0,None,ACCEPT
devign_5119,FFmpeg,CWE-MemorySafety,1,0,None,ACCEPT
devign_5120,FFmpeg,CWE-MemorySafety,1,0,None,ACCEPT
devign_5121,qemu,CWE-MemorySafety,1,0,None,ACCEPT
devign_5123,FFmpeg,CWE-MemorySafety,1,0,None,ACCEPT
devign_5125,qemu,CWE-MemorySafety,1,0,None,ACCEPT
devign_5126,qemu,CWE-MemorySafety,1,0,None,ACCEPT
devign_5128,qemu,CWE-MemorySafety,1,0,None,ACCEPT
devign_5129,qemu,CWE-MemorySafety,1,0,None,ACCEPT
devign_5130,FFmpeg,CWE-MemorySafety,1,0,None,ACCEPT
devign_5131,qemu,CWE-MemorySafety,1,0,None,ACCEPT
devign_5132,FFmpeg,CWE-MemorySafety,0,0,None,ACCEPT
devign_5133,qemu,CWE-MemorySafety,1,0,None,ACCEPT
devign_5134,qemu,CWE-MemorySafety,1,0,None,ACCEPT
devign_5135,qemu,CWE-MemorySafety,1,0,None,ACCEPT
devign_5136,FFmpeg,CWE-MemorySafety,1,0,None,ACCEPT
devign_5137,qemu,CWE-MemorySafety,1,0,None,ACCEPT
devign_5138,qemu,CWE-MemorySafety,1,0,None,ACCEPT
devign_5140,qemu,CWE-MemorySafety,1,0,None,ACCEPT
devign_5142,FFmpeg,CWE-MemorySafety,1,1,CWE-252: Unchecked Dynamic Allocation Return,REJECT
devign_5143,qemu,CWE-MemorySafety,1,1,CWE-252: Unchecked Dynamic Allocation Return,REJECT
devign_5144,FFmpeg,CWE-MemorySafety,1,0,None,ACCEPT
devign_5146,FFmpeg,CWE-MemorySafety,1,0,None,ACCEPT
devign_5147,FFmpeg,CWE-MemorySafety,0,0,None,ACCEPT
devign_5148,qemu,CWE-MemorySafety,0,0,None,ACCEPT
devign_5149,qemu,CWE-MemorySafety,0,0,None,ACCEPT
devign_5150,qemu,CWE-MemorySafety,0,0,None,ACCEPT
devign_5151,qemu,CWE-MemorySafety,0,0,None,ACCEPT
devign_5152,qemu,CWE-MemorySafety,0,0,None,ACCEPT
devign_5153,qemu,CWE-MemorySafety,0,0,None,ACCEPT
devign_5154,qemu,CWE-MemorySafety,0,0,None,ACCEPT
devign_5155,qemu,CWE-MemorySafety,0,0,None,ACCEPT
devign_5156,qemu,CWE-MemorySafety,0,0,None,ACCEPT
devign_5157,qemu,CWE-MemorySafety,0,0,None,ACCEPT
devign_5158,FFmpeg,CWE-MemorySafety,0,0,None,ACCEPT
devign_5159,qemu,CWE-MemorySafety,0,0,None,ACCEPT
devign_5160,qemu,CWE-MemorySafety,0,1,CWE-120: Unbounded String Operation,REJECT
devign_5163,qemu,CWE-MemorySafety,0,0,None,ACCEPT
devign_5166,qemu,CWE-MemorySafety,1,0,None,ACCEPT
devign_5167,qemu,CWE-MemorySafety,1,0,None,ACCEPT
devign_5168,FFmpeg,CWE-MemorySafety,1,0,None,ACCEPT
devign_5169,FFmpeg,CWE-MemorySafety,1,0,None,ACCEPT
devign_5170,FFmpeg,CWE-MemorySafety,1,0,None,ACCEPT
devign_5171,qemu,CWE-MemorySafety,1,0,None,ACCEPT
devign_5172,qemu,CWE-MemorySafety,1,0,None,ACCEPT
devign_5173,qemu,CWE-MemorySafety,1,0,None,ACCEPT
devign_5174,FFmpeg,CWE-MemorySafety,1,0,None,ACCEPT
devign_5175,FFmpeg,CWE-MemorySafety,1,0,None,ACCEPT
devign_5176,qemu,CWE-MemorySafety,1,0,None,ACCEPT
devign_5177,qemu,CWE-MemorySafety,1,0,None,ACCEPT
devign_5178,FFmpeg,CWE-MemorySafety,1,0,None,ACCEPT
devign_5180,FFmpeg,CWE-MemorySafety,1,1,CWE-252: Unchecked Dynamic Allocation Return,REJECT
devign_5181,FFmpeg,CWE-MemorySafety,1,0,None,ACCEPT
devign_5183,qemu,CWE-MemorySafety,1,0,None,ACCEPT
devign_5184,qemu,CWE-MemorySafety,1,0,None,ACCEPT
devign_5185,FFmpeg,CWE-MemorySafety,0,0,None,ACCEPT
devign_5186,qemu,CWE-MemorySafety,1,0,None,ACCEPT
devign_5187,FFmpeg,CWE-MemorySafety,1,0,None,ACCEPT
devign_5188,FFmpeg,CWE-MemorySafety,1,0,None,ACCEPT
devign_5189,qemu,CWE-MemorySafety,1,0,None,ACCEPT
devign_5191,FFmpeg,CWE-MemorySafety,1,0,None,ACCEPT
devign_5192,qemu,CWE-MemorySafety,1,0,None,ACCEPT
devign_5193,qemu,CWE-MemorySafety,1,0,None,ACCEPT
devign_5194,qemu,CWE-MemorySafety,1,0,None,ACCEPT
devign_5195,FFmpeg,CWE-MemorySafety,0,0,None,ACCEPT
devign_5196,qemu,CWE-MemorySafety,1,0,None,ACCEPT
devign_5197,FFmpeg,CWE-MemorySafety,0,0,None,ACCEPT
devign_5198,FFmpeg,CWE-MemorySafety,0,0,None,ACCEPT
devign_5200,FFmpeg,CWE-MemorySafety,0,0,None,ACCEPT
devign_5201,FFmpeg,CWE-MemorySafety,0,0,None,ACCEPT
devign_5202,FFmpeg,CWE-MemorySafety,0,0,None,ACCEPT
devign_5203,FFmpeg,CWE-MemorySafety,1,0,None,ACCEPT
devign_5205,qemu,CWE-MemorySafety,1,0,None,ACCEPT
devign_5208,qemu,CWE-MemorySafety,1,0,None,ACCEPT
devign_5209,FFmpeg,CWE-MemorySafety,1,0,None,ACCEPT
devign_5210,qemu,CWE-MemorySafety,1,0,None,ACCEPT
devign_5211,qemu,CWE-MemorySafety,1,0,None,ACCEPT
devign_5212,qemu,CWE-MemorySafety,1,0,None,ACCEPT
devign_5213,qemu,CWE-MemorySafety,1,0,None,ACCEPT
devign_5215,FFmpeg,CWE-MemorySafety,1,0,None,ACCEPT
devign_5218,FFmpeg,CWE-MemorySafety,1,0,None,ACCEPT
devign_5219,qemu,CWE-MemorySafety,1,0,None,ACCEPT
devign_5220,qemu,CWE-MemorySafety,1,0,None,ACCEPT
devign_5221,FFmpeg,CWE-MemorySafety,1,0,None,ACCEPT
devign_5223,qemu,CWE-MemorySafety,1,0,None,ACCEPT
devign_5224,FFmpeg,CWE-MemorySafety,1,0,None,ACCEPT
devign_5225,qemu,CWE-MemorySafety,1,0,None,ACCEPT
devign_5226,qemu,CWE-MemorySafety,1,0,None,ACCEPT
devign_5228,FFmpeg,CWE-MemorySafety,0,0,None,ACCEPT
devign_5229,FFmpeg,CWE-MemorySafety,0,0,None,ACCEPT
devign_5230,FFmpeg,CWE-MemorySafety,0,0,None,ACCEPT
devign_5231,FFmpeg,CWE-MemorySafety,0,1,CWE-252: Unchecked Dynamic Allocation Return,REJECT
devign_5232,FFmpeg,CWE-MemorySafety,0,0,None,ACCEPT
devign_5233,qemu,CWE-MemorySafety,1,0,None,ACCEPT
devign_5234,qemu,CWE-MemorySafety,1,0,None,ACCEPT
devign_5235,FFmpeg,CWE-MemorySafety,1,1,CWE-252: Unchecked Dynamic Allocation Return,REJECT
devign_5236,FFmpeg,CWE-MemorySafety,1,0,None,ACCEPT
devign_5237,FFmpeg,CWE-MemorySafety,1,0,None,ACCEPT
devign_5238,qemu,CWE-MemorySafety,1,1,CWE-252: Unchecked Dynamic Allocation Return,REJECT
devign_5240,FFmpeg,CWE-MemorySafety,0,0,None,ACCEPT
devign_5241,FFmpeg,CWE-MemorySafety,1,0,None,ACCEPT
devign_5243,FFmpeg,CWE-MemorySafety,0,0,None,ACCEPT
devign_5244,qemu,CWE-MemorySafety,1,0,None,ACCEPT
devign_5245,qemu,CWE-MemorySafety,1,0,None,ACCEPT
devign_5246,qemu,CWE-MemorySafety,1,0,None,ACCEPT
devign_5247,qemu,CWE-MemorySafety,1,0,None,ACCEPT
devign_5250,FFmpeg,CWE-MemorySafety,0,0,None,ACCEPT
devign_5252,qemu,CWE-MemorySafety,1,0,None,ACCEPT
devign_5254,FFmpeg,CWE-MemorySafety,1,0,None,ACCEPT
devign_5255,qemu,CWE-MemorySafety,1,0,None,ACCEPT
devign_5256,FFmpeg,CWE-MemorySafety,1,1,CWE-252: Unchecked Dynamic Allocation Return,REJECT
devign_5257,qemu,CWE-MemorySafety,1,0,None,ACCEPT
devign_5258,qemu,CWE-MemorySafety,0,0,None,ACCEPT
devign_5260,qemu,CWE-MemorySafety,0,0,None,ACCEPT
devign_5261,qemu,CWE-MemorySafety,0,0,None,ACCEPT
devign_5262,qemu,CWE-MemorySafety,0,0,None,ACCEPT
devign_5263,qemu,CWE-MemorySafety,0,0,None,ACCEPT
devign_5264,qemu,CWE-MemorySafety,0,0,None,ACCEPT
devign_5265,qemu,CWE-MemorySafety,0,0,None,ACCEPT
devign_5266,FFmpeg,CWE-MemorySafety,0,0,None,ACCEPT
devign_5267,FFmpeg,CWE-MemorySafety,0,0,None,ACCEPT
devign_5268,qemu,CWE-MemorySafety,0,0,None,ACCEPT
devign_5270,qemu,CWE-MemorySafety,0,0,None,ACCEPT
devign_5271,qemu,CWE-MemorySafety,0,0,None,ACCEPT
devign_5272,qemu,CWE-MemorySafety,0,0,None,ACCEPT
devign_5273,FFmpeg,CWE-MemorySafety,1,0,None,ACCEPT
devign_5274,qemu,CWE-MemorySafety,1,0,None,ACCEPT
devign_5275,FFmpeg,CWE-MemorySafety,1,0,None,ACCEPT
devign_5276,qemu,CWE-MemorySafety,1,0,None,ACCEPT
devign_5277,qemu,CWE-MemorySafety,1,0,None,ACCEPT
devign_5278,qemu,CWE-MemorySafety,1,0,None,ACCEPT
devign_5280,qemu,CWE-MemorySafety,1,1,CWE-252: Unchecked Dynamic Allocation Return,REJECT
devign_5281,FFmpeg,CWE-MemorySafety,1,0,None,ACCEPT
devign_5282,qemu,CWE-MemorySafety,1,0,None,ACCEPT
devign_5283,qemu,CWE-MemorySafety,1,0,None,ACCEPT
devign_5284,qemu,CWE-MemorySafety,1,0,None,ACCEPT
devign_5285,qemu,CWE-MemorySafety,1,0,None,ACCEPT
devign_5286,qemu,CWE-MemorySafety,1,0,None,ACCEPT
devign_5287,qemu,CWE-MemorySafety,1,0,None,ACCEPT
devign_5288,qemu,CWE-MemorySafety,1,0,None,ACCEPT
devign_5289,qemu,CWE-MemorySafety,1,0,None,ACCEPT
devign_5292,qemu,CWE-MemorySafety,1,0,None,ACCEPT
devign_5293,FFmpeg,CWE-MemorySafety,1,0,None,ACCEPT
devign_5294,qemu,CWE-MemorySafety,1,0,None,ACCEPT
devign_5295,FFmpeg,CWE-MemorySafety,1,0,None,ACCEPT
devign_5298,qemu,CWE-MemorySafety,1,0,None,ACCEPT
devign_5299,FFmpeg,CWE-MemorySafety,0,0,None,ACCEPT
devign_5300,FFmpeg,CWE-MemorySafety,0,0,None,ACCEPT
devign_5301,FFmpeg,CWE-MemorySafety,0,0,None,ACCEPT
devign_5302,FFmpeg,CWE-MemorySafety,0,0,None,ACCEPT
devign_5303,FFmpeg,CWE-MemorySafety,0,0,None,ACCEPT
devign_5304,FFmpeg,CWE-MemorySafety,0,0,None,ACCEPT
devign_5305,FFmpeg,CWE-MemorySafety,0,0,None,ACCEPT
devign_5306,qemu,CWE-MemorySafety,0,0,None,ACCEPT
devign_5307,qemu,CWE-MemorySafety,0,0,None,ACCEPT
devign_5308,qemu,CWE-MemorySafety,0,0,None,ACCEPT
devign_5310,qemu,CWE-MemorySafety,0,0,None,ACCEPT
devign_5311,qemu,CWE-MemorySafety,0,0,None,ACCEPT
devign_5313,FFmpeg,CWE-MemorySafety,0,0,None,ACCEPT
devign_5314,qemu,CWE-MemorySafety,0,0,None,ACCEPT
devign_5315,qemu,CWE-MemorySafety,0,0,None,ACCEPT
devign_5316,qemu,CWE-MemorySafety,0,0,None,ACCEPT
devign_5317,qemu,CWE-MemorySafety,0,0,None,ACCEPT
devign_5319,qemu,CWE-MemorySafety,0,0,None,ACCEPT
devign_5320,qemu,CWE-MemorySafety,0,0,None,ACCEPT
devign_5321,qemu,CWE-MemorySafety,0,0,None,ACCEPT
devign_5324,qemu,CWE-MemorySafety,0,0,None,ACCEPT
devign_5325,qemu,CWE-MemorySafety,0,0,None,ACCEPT
devign_5327,qemu,CWE-MemorySafety,0,1,CWE-120: Unbounded String Operation,REJECT
devign_5328,qemu,CWE-MemorySafety,0,0,None,ACCEPT
devign_5330,qemu,CWE-MemorySafety,0,1,CWE-252: Unchecked Dynamic Allocation Return,REJECT
devign_5331,FFmpeg,CWE-MemorySafety,0,0,None,ACCEPT
devign_5332,FFmpeg,CWE-MemorySafety,0,0,None,ACCEPT
devign_5333,FFmpeg,CWE-MemorySafety,0,0,None,ACCEPT
devign_5334,FFmpeg,CWE-MemorySafety,0,0,None,ACCEPT
devign_5335,qemu,CWE-MemorySafety,1,0,None,ACCEPT
devign_5336,qemu,CWE-MemorySafety,1,0,None,ACCEPT
devign_5337,FFmpeg,CWE-MemorySafety,1,0,None,ACCEPT
devign_5338,qemu,CWE-MemorySafety,1,1,CWE-120: Unbounded String Operation,REJECT
devign_5340,qemu,CWE-MemorySafety,1,0,None,ACCEPT
devign_5341,qemu,CWE-MemorySafety,1,0,None,ACCEPT
devign_5342,qemu,CWE-MemorySafety,1,0,None,ACCEPT
devign_5343,qemu,CWE-MemorySafety,1,0,None,ACCEPT
devign_5345,FFmpeg,CWE-MemorySafety,0,0,None,ACCEPT
devign_5346,FFmpeg,CWE-MemorySafety,1,0,None,ACCEPT
devign_5347,FFmpeg,CWE-MemorySafety,1,1,CWE-120: Unbounded String Operation,REJECT
devign_5348,qemu,CWE-MemorySafety,1,0,None,ACCEPT
devign_5349,qemu,CWE-MemorySafety,1,0,None,ACCEPT
devign_5350,qemu,CWE-MemorySafety,1,0,None,ACCEPT
devign_5351,qemu,CWE-MemorySafety,1,1,CWE-252: Unchecked Dynamic Allocation Return,REJECT
devign_5353,qemu,CWE-MemorySafety,1,0,None,ACCEPT
devign_5354,FFmpeg,CWE-MemorySafety,1,0,None,ACCEPT
devign_5355,FFmpeg,CWE-MemorySafety,1,0,None,ACCEPT
devign_5356,FFmpeg,CWE-MemorySafety,0,0,None,ACCEPT
devign_5357,FFmpeg,CWE-MemorySafety,0,0,None,ACCEPT
devign_5358,FFmpeg,CWE-MemorySafety,0,0,None,ACCEPT
devign_5360,FFmpeg,CWE-MemorySafety,1,0,None,ACCEPT
devign_5361,FFmpeg,CWE-MemorySafety,0,0,None,ACCEPT
devign_5362,qemu,CWE-MemorySafety,1,0,None,ACCEPT
devign_5363,qemu,CWE-MemorySafety,1,0,None,ACCEPT
devign_5364,qemu,CWE-MemorySafety,1,0,None,ACCEPT
devign_5365,FFmpeg,CWE-MemorySafety,1,0,None,ACCEPT
devign_5366,qemu,CWE-MemorySafety,1,1,CWE-252: Unchecked Dynamic Allocation Return,REJECT
devign_5367,FFmpeg,CWE-MemorySafety,1,0,None,ACCEPT
devign_5368,FFmpeg,CWE-MemorySafety,1,1,CWE-252: Unchecked Dynamic Allocation Return,REJECT
devign_5370,FFmpeg,CWE-MemorySafety,1,1,CWE-252: Unchecked Dynamic Allocation Return,REJECT
devign_5371,FFmpeg,CWE-MemorySafety,1,0,None,ACCEPT
devign_5372,qemu,CWE-MemorySafety,1,0,None,ACCEPT
devign_5373,qemu,CWE-MemorySafety,1,0,None,ACCEPT
devign_5374,qemu,CWE-MemorySafety,1,0,None,ACCEPT
devign_5375,qemu,CWE-MemorySafety,1,0,None,ACCEPT
devign_5376,qemu,CWE-MemorySafety,1,0,None,ACCEPT
devign_5377,qemu,CWE-MemorySafety,1,0,None,ACCEPT
devign_5378,FFmpeg,CWE-MemorySafety,1,0,None,ACCEPT
devign_5380,FFmpeg,CWE-MemorySafety,1,0,None,ACCEPT
devign_5381,FFmpeg,CWE-MemorySafety,1,0,None,ACCEPT
devign_5382,FFmpeg,CWE-MemorySafety,1,0,None,ACCEPT
devign_5383,FFmpeg,CWE-MemorySafety,1,0,None,ACCEPT
devign_5385,FFmpeg,CWE-MemorySafety,1,0,None,ACCEPT
devign_5386,qemu,CWE-MemorySafety,1,0,None,ACCEPT
devign_5387,FFmpeg,CWE-MemorySafety,1,1,CWE-252: Unchecked Dynamic Allocation Return,REJECT
devign_5389,qemu,CWE-MemorySafety,1,1,CWE-252: Unchecked Dynamic Allocation Return,REJECT
devign_5391,qemu,CWE-MemorySafety,1,0,None,ACCEPT
devign_5392,FFmpeg,CWE-MemorySafety,1,0,None,ACCEPT
devign_5393,FFmpeg,CWE-MemorySafety,1,0,None,ACCEPT
devign_5394,qemu,CWE-MemorySafety,1,0,None,ACCEPT
devign_5396,FFmpeg,CWE-MemorySafety,0,0,None,ACCEPT
devign_5397,FFmpeg,CWE-MemorySafety,0,0,None,ACCEPT
devign_5398,qemu,CWE-MemorySafety,1,0,None,ACCEPT
devign_5403,qemu,CWE-MemorySafety,1,0,None,ACCEPT
devign_5404,FFmpeg,CWE-MemorySafety,1,1,CWE-252: Unchecked Dynamic Allocation Return,REJECT
devign_5405,FFmpeg,CWE-MemorySafety,1,0,None,ACCEPT
devign_5407,FFmpeg,CWE-MemorySafety,0,0,None,ACCEPT
devign_5408,FFmpeg,CWE-MemorySafety,0,0,None,ACCEPT
devign_5409,FFmpeg,CWE-MemorySafety,1,0,None,ACCEPT
devign_5410,qemu,CWE-MemorySafety,1,0,None,ACCEPT
devign_5411,qemu,CWE-MemorySafety,1,0,None,ACCEPT
devign_5413,FFmpeg,CWE-MemorySafety,1,0,None,ACCEPT
devign_5414,qemu,CWE-MemorySafety,1,0,None,ACCEPT
devign_5415,FFmpeg,CWE-MemorySafety,0,0,None,ACCEPT
devign_5416,FFmpeg,CWE-MemorySafety,0,0,None,ACCEPT
devign_5418,FFmpeg,CWE-MemorySafety,0,0,None,ACCEPT
devign_5420,FFmpeg,CWE-MemorySafety,0,0,None,ACCEPT
devign_5422,qemu,CWE-MemorySafety,0,0,None,ACCEPT
devign_5423,qemu,CWE-MemorySafety,0,0,None,ACCEPT
devign_5424,qemu,CWE-MemorySafety,0,0,None,ACCEPT
devign_5426,FFmpeg,CWE-MemorySafety,0,0,None,ACCEPT
devign_5427,qemu,CWE-MemorySafety,0,0,None,ACCEPT
devign_5430,qemu,CWE-MemorySafety,0,0,None,ACCEPT
devign_5432,qemu,CWE-MemorySafety,0,0,None,ACCEPT
devign_5433,qemu,CWE-MemorySafety,0,0,None,ACCEPT
devign_5434,qemu,CWE-MemorySafety,0,0,None,ACCEPT
devign_5435,qemu,CWE-MemorySafety,0,0,None,ACCEPT
devign_5438,qemu,CWE-MemorySafety,0,0,None,ACCEPT
devign_5439,qemu,CWE-MemorySafety,0,0,None,ACCEPT
devign_5440,qemu,CWE-MemorySafety,0,0,None,ACCEPT
devign_5441,qemu,CWE-MemorySafety,0,0,None,ACCEPT
devign_5442,qemu,CWE-MemorySafety,0,0,None,ACCEPT
devign_5443,qemu,CWE-MemorySafety,0,0,None,ACCEPT
devign_5444,FFmpeg,CWE-MemorySafety,0,0,None,ACCEPT
devign_5446,FFmpeg,CWE-MemorySafety,1,0,None,ACCEPT
devign_5447,FFmpeg,CWE-MemorySafety,1,0,None,ACCEPT
devign_5448,qemu,CWE-MemorySafety,1,0,None,ACCEPT
devign_5451,qemu,CWE-MemorySafety,1,0,None,ACCEPT
devign_5453,qemu,CWE-MemorySafety,1,0,None,ACCEPT
devign_5455,FFmpeg,CWE-MemorySafety,1,0,None,ACCEPT
devign_5456,FFmpeg,CWE-MemorySafety,1,0,None,ACCEPT
devign_5457,FFmpeg,CWE-MemorySafety,1,1,CWE-252: Unchecked Dynamic Allocation Return,REJECT
devign_5458,qemu,CWE-MemorySafety,1,0,None,ACCEPT
devign_5459,qemu,CWE-MemorySafety,1,0,None,ACCEPT
devign_5461,qemu,CWE-MemorySafety,1,0,None,ACCEPT
devign_5462,qemu,CWE-MemorySafety,1,0,None,ACCEPT
devign_5463,qemu,CWE-MemorySafety,1,0,None,ACCEPT
devign_5464,FFmpeg,CWE-MemorySafety,1,0,None,ACCEPT
devign_5465,qemu,CWE-MemorySafety,1,0,None,ACCEPT
devign_5466,FFmpeg,CWE-MemorySafety,1,0,None,ACCEPT
devign_5467,qemu,CWE-MemorySafety,1,0,None,ACCEPT
devign_5469,FFmpeg,CWE-MemorySafety,1,1,CWE-252: Unchecked Dynamic Allocation Return,REJECT
devign_5471,FFmpeg,CWE-MemorySafety,1,1,CWE-252: Unchecked Dynamic Allocation Return,REJECT
devign_5473,FFmpeg,CWE-MemorySafety,1,1,CWE-252: Unchecked Dynamic Allocation Return,REJECT
devign_5474,qemu,CWE-MemorySafety,1,0,None,ACCEPT
devign_5475,qemu,CWE-MemorySafety,1,0,None,ACCEPT
devign_5476,qemu,CWE-MemorySafety,1,0,None,ACCEPT
devign_5477,qemu,CWE-MemorySafety,1,0,None,ACCEPT
devign_5478,qemu,CWE-MemorySafety,1,0,None,ACCEPT
devign_5479,FFmpeg,CWE-MemorySafety,0,0,None,ACCEPT
devign_5481,FFmpeg,CWE-MemorySafety,0,0,None,ACCEPT
devign_5482,FFmpeg,CWE-MemorySafety,0,0,None,ACCEPT
devign_5483,FFmpeg,CWE-MemorySafety,0,0,None,ACCEPT
devign_5485,qemu,CWE-MemorySafety,1,0,None,ACCEPT
devign_5487,FFmpeg,CWE-MemorySafety,1,0,None,ACCEPT
devign_5488,qemu,CWE-MemorySafety,1,0,None,ACCEPT
devign_5489,qemu,CWE-MemorySafety,1,0,None,ACCEPT
devign_5490,qemu,CWE-MemorySafety,1,0,None,ACCEPT
devign_5491,qemu,CWE-MemorySafety,1,0,None,ACCEPT
devign_5492,qemu,CWE-MemorySafety,0,0,None,ACCEPT
devign_5493,qemu,CWE-MemorySafety,0,0,None,ACCEPT
devign_5495,qemu,CWE-MemorySafety,0,0,None,ACCEPT
devign_5496,qemu,CWE-MemorySafety,0,0,None,ACCEPT
devign_5498,FFmpeg,CWE-MemorySafety,0,0,None,ACCEPT
devign_5500,qemu,CWE-MemorySafety,0,0,None,ACCEPT
devign_5501,qemu,CWE-MemorySafety,0,0,None,ACCEPT
devign_5502,qemu,CWE-MemorySafety,0,0,None,ACCEPT
devign_5504,qemu,CWE-MemorySafety,0,0,None,ACCEPT
devign_5505,FFmpeg,CWE-MemorySafety,0,0,None,ACCEPT
devign_5506,qemu,CWE-MemorySafety,0,0,None,ACCEPT
devign_5508,qemu,CWE-MemorySafety,0,0,None,ACCEPT
devign_5509,qemu,CWE-MemorySafety,0,0,None,ACCEPT
devign_5510,qemu,CWE-MemorySafety,0,0,None,ACCEPT
devign_5511,qemu,CWE-MemorySafety,0,0,None,ACCEPT
devign_5512,qemu,CWE-MemorySafety,0,0,None,ACCEPT
devign_5513,qemu,CWE-MemorySafety,0,0,None,ACCEPT
devign_5514,qemu,CWE-MemorySafety,0,0,None,ACCEPT
devign_5515,qemu,CWE-MemorySafety,0,0,None,ACCEPT
devign_5516,qemu,CWE-MemorySafety,0,0,None,ACCEPT
devign_5517,qemu,CWE-MemorySafety,0,0,None,ACCEPT
devign_5519,qemu,CWE-MemorySafety,0,0,None,ACCEPT
devign_5521,FFmpeg,CWE-MemorySafety,0,0,None,ACCEPT
devign_5523,qemu,CWE-MemorySafety,0,0,None,ACCEPT
devign_5524,qemu,CWE-MemorySafety,0,0,None,ACCEPT
devign_5525,qemu,CWE-MemorySafety,0,0,None,ACCEPT
devign_5526,qemu,CWE-MemorySafety,0,0,None,ACCEPT
devign_5527,qemu,CWE-MemorySafety,0,0,None,ACCEPT
devign_5528,qemu,CWE-MemorySafety,0,0,None,ACCEPT
devign_5529,FFmpeg,CWE-MemorySafety,0,0,None,ACCEPT
devign_5530,qemu,CWE-MemorySafety,0,0,None,ACCEPT
devign_5531,FFmpeg,CWE-MemorySafety,0,0,None,ACCEPT
devign_5533,FFmpeg,CWE-MemorySafety,0,1,CWE-252: Unchecked Dynamic Allocation Return,REJECT
devign_5534,FFmpeg,CWE-MemorySafety,0,0,None,ACCEPT
devign_5535,FFmpeg,CWE-MemorySafety,0,0,None,ACCEPT
devign_5536,FFmpeg,CWE-MemorySafety,0,0,None,ACCEPT
devign_5537,qemu,CWE-MemorySafety,1,0,None,ACCEPT
devign_5538,FFmpeg,CWE-MemorySafety,1,0,None,ACCEPT
devign_5539,FFmpeg,CWE-MemorySafety,1,0,None,ACCEPT
devign_5540,FFmpeg,CWE-MemorySafety,1,0,None,ACCEPT
devign_5541,qemu,CWE-MemorySafety,1,0,None,ACCEPT
devign_5542,qemu,CWE-MemorySafety,1,0,None,ACCEPT
devign_5543,FFmpeg,CWE-MemorySafety,0,1,CWE-252: Unchecked Dynamic Allocation Return,REJECT
devign_5544,qemu,CWE-MemorySafety,1,0,None,ACCEPT
devign_5545,qemu,CWE-MemorySafety,1,0,None,ACCEPT
devign_5546,qemu,CWE-MemorySafety,1,0,None,ACCEPT
devign_5548,qemu,CWE-MemorySafety,1,0,None,ACCEPT
devign_5551,qemu,CWE-MemorySafety,1,0,None,ACCEPT
devign_5552,qemu,CWE-MemorySafety,1,0,None,ACCEPT
devign_5553,FFmpeg,CWE-MemorySafety,1,0,None,ACCEPT
devign_5554,qemu,CWE-MemorySafety,1,0,None,ACCEPT
devign_5555,FFmpeg,CWE-MemorySafety,1,0,None,ACCEPT
devign_5556,qemu,CWE-MemorySafety,1,0,None,ACCEPT
devign_5557,qemu,CWE-MemorySafety,1,0,None,ACCEPT
devign_5558,qemu,CWE-MemorySafety,1,0,None,ACCEPT
devign_5559,FFmpeg,CWE-MemorySafety,1,0,None,ACCEPT
devign_5560,FFmpeg,CWE-MemorySafety,1,0,None,ACCEPT
devign_5561,qemu,CWE-MemorySafety,1,0,None,ACCEPT
devign_5562,qemu,CWE-MemorySafety,1,0,None,ACCEPT
devign_5563,FFmpeg,CWE-MemorySafety,0,0,None,ACCEPT
devign_5564,FFmpeg,CWE-MemorySafety,0,0,None,ACCEPT
devign_5566,FFmpeg,CWE-MemorySafety,0,0,None,ACCEPT
devign_5567,FFmpeg,CWE-MemorySafety,0,0,None,ACCEPT
devign_5568,FFmpeg,CWE-MemorySafety,0,0,None,ACCEPT
devign_5569,FFmpeg,CWE-MemorySafety,0,0,None,ACCEPT
devign_5571,FFmpeg,CWE-MemorySafety,0,0,None,ACCEPT
devign_5572,qemu,CWE-MemorySafety,0,0,None,ACCEPT
devign_5573,qemu,CWE-MemorySafety,0,0,None,ACCEPT
devign_5574,qemu,CWE-MemorySafety,0,0,None,ACCEPT
devign_5576,qemu,CWE-MemorySafety,0,0,None,ACCEPT
devign_5577,qemu,CWE-MemorySafety,0,0,None,ACCEPT
devign_5578,qemu,CWE-MemorySafety,0,0,None,ACCEPT
devign_5580,qemu,CWE-MemorySafety,0,0,None,ACCEPT
devign_5582,qemu,CWE-MemorySafety,0,0,None,ACCEPT
devign_5583,FFmpeg,CWE-MemorySafety,0,0,None,ACCEPT
devign_5584,qemu,CWE-MemorySafety,0,0,None,ACCEPT
devign_5586,qemu,CWE-MemorySafety,0,0,None,ACCEPT
devign_5587,qemu,CWE-MemorySafety,0,1,CWE-120: Unbounded String Operation,REJECT
devign_5588,qemu,CWE-MemorySafety,0,0,None,ACCEPT
devign_5589,FFmpeg,CWE-MemorySafety,0,0,None,ACCEPT
devign_5590,FFmpeg,CWE-MemorySafety,0,0,None,ACCEPT
devign_5591,qemu,CWE-MemorySafety,1,0,None,ACCEPT
devign_5592,qemu,CWE-MemorySafety,1,0,None,ACCEPT
devign_5593,qemu,CWE-MemorySafety,1,0,None,ACCEPT
devign_5594,qemu,CWE-MemorySafety,1,0,None,ACCEPT
devign_5595,FFmpeg,CWE-MemorySafety,1,0,None,ACCEPT
devign_5596,qemu,CWE-MemorySafety,1,0,None,ACCEPT
devign_5597,FFmpeg,CWE-MemorySafety,1,0,None,ACCEPT
devign_5598,qemu,CWE-MemorySafety,1,0,None,ACCEPT
devign_5599,FFmpeg,CWE-MemorySafety,1,0,None,ACCEPT
devign_5600,qemu,CWE-MemorySafety,1,0,None,ACCEPT
devign_5601,qemu,CWE-MemorySafety,1,0,None,ACCEPT
devign_5602,FFmpeg,CWE-MemorySafety,1,0,None,ACCEPT
devign_5603,FFmpeg,CWE-MemorySafety,1,0,None,ACCEPT
devign_5605,FFmpeg,CWE-MemorySafety,1,0,None,ACCEPT
devign_5606,FFmpeg,CWE-MemorySafety,1,0,None,ACCEPT
devign_5607,FFmpeg,CWE-MemorySafety,1,0,None,ACCEPT
devign_5609,FFmpeg,CWE-MemorySafety,1,1,CWE-252: Unchecked Dynamic Allocation Return,REJECT
devign_5610,FFmpeg,CWE-MemorySafety,1,0,None,ACCEPT
devign_5611,FFmpeg,CWE-MemorySafety,1,0,None,ACCEPT
devign_5612,FFmpeg,CWE-MemorySafety,1,0,None,ACCEPT
devign_5613,FFmpeg,CWE-MemorySafety,1,0,None,ACCEPT
devign_5615,FFmpeg,CWE-MemorySafety,1,0,None,ACCEPT
devign_5616,qemu,CWE-MemorySafety,1,0,None,ACCEPT
devign_5617,qemu,CWE-MemorySafety,1,0,None,ACCEPT
devign_5618,qemu,CWE-MemorySafety,1,0,None,ACCEPT
devign_5619,qemu,CWE-MemorySafety,1,0,None,ACCEPT
devign_5620,qemu,CWE-MemorySafety,1,0,None,ACCEPT
devign_5621,qemu,CWE-MemorySafety,1,0,None,ACCEPT
devign_5622,FFmpeg,CWE-MemorySafety,1,0,None,ACCEPT
devign_5623,qemu,CWE-MemorySafety,1,0,None,ACCEPT
devign_5624,FFmpeg,CWE-MemorySafety,1,0,None,ACCEPT
devign_5625,qemu,CWE-MemorySafety,1,0,None,ACCEPT
devign_5626,qemu,CWE-MemorySafety,1,0,None,ACCEPT
devign_5627,FFmpeg,CWE-MemorySafety,1,0,None,ACCEPT
devign_5628,qemu,CWE-MemorySafety,1,0,None,ACCEPT
devign_5629,qemu,CWE-MemorySafety,1,0,None,ACCEPT
devign_5630,qemu,CWE-MemorySafety,1,0,None,ACCEPT
devign_5631,qemu,CWE-MemorySafety,1,0,None,ACCEPT
devign_5632,qemu,CWE-MemorySafety,1,0,None,ACCEPT
devign_5633,qemu,CWE-MemorySafety,1,0,None,ACCEPT
devign_5634,qemu,CWE-MemorySafety,1,0,None,ACCEPT
devign_5635,FFmpeg,CWE-MemorySafety,0,0,None,ACCEPT
devign_5636,FFmpeg,CWE-MemorySafety,0,0,None,ACCEPT
devign_5639,qemu,CWE-MemorySafety,1,0,None,ACCEPT
devign_5640,qemu,CWE-MemorySafety,1,0,None,ACCEPT
devign_5641,qemu,CWE-MemorySafety,1,0,None,ACCEPT
devign_5643,FFmpeg,CWE-MemorySafety,1,0,None,ACCEPT
devign_5646,qemu,CWE-MemorySafety,0,0,None,ACCEPT
devign_5647,qemu,CWE-MemorySafety,0,0,None,ACCEPT
devign_5648,qemu,CWE-MemorySafety,0,1,CWE-120: Unbounded String Operation,REJECT
devign_5649,qemu,CWE-MemorySafety,0,0,None,ACCEPT
devign_5650,qemu,CWE-MemorySafety,0,0,None,ACCEPT
devign_5651,FFmpeg,CWE-MemorySafety,0,0,None,ACCEPT
devign_5652,qemu,CWE-MemorySafety,0,1,CWE-252: Unchecked Dynamic Allocation Return,REJECT
devign_5653,qemu,CWE-MemorySafety,0,0,None,ACCEPT
devign_5655,qemu,CWE-MemorySafety,0,0,None,ACCEPT
devign_5657,qemu,CWE-MemorySafety,0,0,None,ACCEPT
devign_5658,qemu,CWE-MemorySafety,0,0,None,ACCEPT
devign_5659,qemu,CWE-MemorySafety,0,0,None,ACCEPT
devign_5660,qemu,CWE-MemorySafety,0,0,None,ACCEPT
devign_5661,qemu,CWE-MemorySafety,0,0,None,ACCEPT
devign_5662,qemu,CWE-MemorySafety,0,0,None,ACCEPT
devign_5663,qemu,CWE-MemorySafety,0,0,None,ACCEPT
devign_5664,qemu,CWE-MemorySafety,0,0,None,ACCEPT
devign_5665,qemu,CWE-MemorySafety,0,0,None,ACCEPT
devign_5666,qemu,CWE-MemorySafety,0,0,None,ACCEPT
devign_5667,qemu,CWE-MemorySafety,0,0,None,ACCEPT
devign_5669,qemu,CWE-MemorySafety,0,0,None,ACCEPT
devign_5670,FFmpeg,CWE-MemorySafety,1,0,None,ACCEPT
devign_5671,qemu,CWE-MemorySafety,1,0,None,ACCEPT
devign_5672,FFmpeg,CWE-MemorySafety,1,0,None,ACCEPT
devign_5673,FFmpeg,CWE-MemorySafety,1,0,None,ACCEPT
devign_5674,FFmpeg,CWE-MemorySafety,1,0,None,ACCEPT
devign_5675,qemu,CWE-MemorySafety,1,0,None,ACCEPT
devign_5677,qemu,CWE-MemorySafety,1,0,None,ACCEPT
devign_5678,FFmpeg,CWE-MemorySafety,1,0,None,ACCEPT
devign_5679,qemu,CWE-MemorySafety,1,0,None,ACCEPT
devign_5680,qemu,CWE-MemorySafety,1,0,None,ACCEPT
devign_5681,FFmpeg,CWE-MemorySafety,1,0,None,ACCEPT
devign_5682,qemu,CWE-MemorySafety,1,0,None,ACCEPT
devign_5683,FFmpeg,CWE-MemorySafety,1,0,None,ACCEPT
devign_5684,qemu,CWE-MemorySafety,1,0,None,ACCEPT
devign_5685,qemu,CWE-MemorySafety,1,0,None,ACCEPT
devign_5686,FFmpeg,CWE-MemorySafety,1,1,CWE-252: Unchecked Dynamic Allocation Return,REJECT
devign_5687,FFmpeg,CWE-MemorySafety,0,0,None,ACCEPT
devign_5688,FFmpeg,CWE-MemorySafety,0,0,None,ACCEPT
devign_5689,FFmpeg,CWE-MemorySafety,0,0,None,ACCEPT
devign_5690,qemu,CWE-MemorySafety,0,1,CWE-252: Unchecked Dynamic Allocation Return,REJECT
devign_5691,qemu,CWE-MemorySafety,0,0,None,ACCEPT
devign_5692,qemu,CWE-MemorySafety,0,0,None,ACCEPT
devign_5693,qemu,CWE-MemorySafety,0,0,None,ACCEPT
devign_5694,qemu,CWE-MemorySafety,0,1,CWE-120: Unbounded String Operation,REJECT
devign_5695,qemu,CWE-MemorySafety,0,0,None,ACCEPT
devign_5696,qemu,CWE-MemorySafety,0,0,None,ACCEPT
devign_5697,FFmpeg,CWE-MemorySafety,0,0,None,ACCEPT
devign_5698,qemu,CWE-MemorySafety,0,0,None,ACCEPT
devign_5699,qemu,CWE-MemorySafety,0,0,None,ACCEPT
devign_5700,qemu,CWE-MemorySafety,0,0,None,ACCEPT
devign_5702,qemu,CWE-MemorySafety,0,0,None,ACCEPT
devign_5706,FFmpeg,CWE-MemorySafety,0,0,None,ACCEPT
devign_5708,qemu,CWE-MemorySafety,0,0,None,ACCEPT
devign_5709,qemu,CWE-MemorySafety,0,0,None,ACCEPT
devign_5710,qemu,CWE-MemorySafety,0,0,None,ACCEPT
devign_5713,qemu,CWE-MemorySafety,0,0,None,ACCEPT
devign_5714,qemu,CWE-MemorySafety,0,0,None,ACCEPT
devign_5715,FFmpeg,CWE-MemorySafety,0,0,None,ACCEPT
devign_5716,qemu,CWE-MemorySafety,0,0,None,ACCEPT
devign_5717,qemu,CWE-MemorySafety,0,0,None,ACCEPT
devign_5718,qemu,CWE-MemorySafety,0,0,None,ACCEPT
devign_5719,qemu,CWE-MemorySafety,0,0,None,ACCEPT
devign_5720,qemu,CWE-MemorySafety,0,0,None,ACCEPT
devign_5722,qemu,CWE-MemorySafety,0,0,None,ACCEPT
devign_5723,qemu,CWE-MemorySafety,0,0,None,ACCEPT
devign_5724,qemu,CWE-MemorySafety,0,0,None,ACCEPT
devign_5725,qemu,CWE-MemorySafety,0,0,None,ACCEPT
devign_5726,qemu,CWE-MemorySafety,0,0,None,ACCEPT
devign_5727,qemu,CWE-MemorySafety,0,0,None,ACCEPT
devign_5728,qemu,CWE-MemorySafety,0,0,None,ACCEPT
devign_5729,qemu,CWE-MemorySafety,0,0,None,ACCEPT
devign_5730,qemu,CWE-MemorySafety,0,0,None,ACCEPT
devign_5731,qemu,CWE-MemorySafety,0,0,None,ACCEPT
devign_5732,FFmpeg,CWE-MemorySafety,0,0,None,ACCEPT
devign_5733,qemu,CWE-MemorySafety,0,0,None,ACCEPT
devign_5734,FFmpeg,CWE-MemorySafety,1,0,None,ACCEPT
devign_5736,FFmpeg,CWE-MemorySafety,1,0,None,ACCEPT
devign_5737,FFmpeg,CWE-MemorySafety,1,0,None,ACCEPT
devign_5738,FFmpeg,CWE-MemorySafety,1,0,None,ACCEPT
devign_5740,qemu,CWE-MemorySafety,1,0,None,ACCEPT
devign_5741,FFmpeg,CWE-MemorySafety,1,0,None,ACCEPT
devign_5742,qemu,CWE-MemorySafety,1,0,None,ACCEPT
devign_5743,qemu,CWE-MemorySafety,1,0,None,ACCEPT
devign_5744,qemu,CWE-MemorySafety,1,0,None,ACCEPT
devign_5745,qemu,CWE-MemorySafety,1,0,None,ACCEPT
devign_5746,FFmpeg,CWE-MemorySafety,1,0,None,ACCEPT
devign_5747,FFmpeg,CWE-MemorySafety,1,0,None,ACCEPT
devign_5748,FFmpeg,CWE-MemorySafety,1,0,None,ACCEPT
devign_5749,qemu,CWE-MemorySafety,1,1,CWE-120: Unbounded String Operation,REJECT
devign_5752,FFmpeg,CWE-MemorySafety,1,0,None,ACCEPT
devign_5753,qemu,CWE-MemorySafety,1,0,None,ACCEPT
devign_5754,FFmpeg,CWE-MemorySafety,1,0,None,ACCEPT
devign_5756,qemu,CWE-MemorySafety,1,1,CWE-252: Unchecked Dynamic Allocation Return,REJECT
devign_5757,FFmpeg,CWE-MemorySafety,1,1,CWE-252: Unchecked Dynamic Allocation Return,REJECT
devign_5759,qemu,CWE-MemorySafety,1,0,None,ACCEPT
devign_5760,qemu,CWE-MemorySafety,1,0,None,ACCEPT
devign_5761,qemu,CWE-MemorySafety,1,0,None,ACCEPT
devign_5762,qemu,CWE-MemorySafety,1,0,None,ACCEPT
devign_5763,FFmpeg,CWE-MemorySafety,0,0,None,ACCEPT
devign_5764,FFmpeg,CWE-MemorySafety,0,1,CWE-252: Unchecked Dynamic Allocation Return,REJECT
devign_5765,FFmpeg,CWE-MemorySafety,0,0,None,ACCEPT
devign_5766,qemu,CWE-MemorySafety,1,0,None,ACCEPT
devign_5767,FFmpeg,CWE-MemorySafety,1,0,None,ACCEPT
devign_5768,qemu,CWE-MemorySafety,1,0,None,ACCEPT
devign_5769,qemu,CWE-MemorySafety,1,0,None,ACCEPT
devign_5770,FFmpeg,CWE-MemorySafety,1,0,None,ACCEPT
devign_5771,FFmpeg,CWE-MemorySafety,1,0,None,ACCEPT
devign_5772,qemu,CWE-MemorySafety,1,0,None,ACCEPT
devign_5773,qemu,CWE-MemorySafety,1,0,None,ACCEPT
devign_5774,qemu,CWE-MemorySafety,1,0,None,ACCEPT
devign_5775,qemu,CWE-MemorySafety,1,0,None,ACCEPT
devign_5776,FFmpeg,CWE-MemorySafety,1,0,None,ACCEPT
devign_5777,qemu,CWE-MemorySafety,1,0,None,ACCEPT
devign_5778,qemu,CWE-MemorySafety,1,0,None,ACCEPT
devign_5779,qemu,CWE-MemorySafety,1,0,None,ACCEPT
devign_5780,FFmpeg,CWE-MemorySafety,0,0,None,ACCEPT
devign_5781,FFmpeg,CWE-MemorySafety,0,0,None,ACCEPT
devign_5782,FFmpeg,CWE-MemorySafety,0,0,None,ACCEPT
devign_5783,FFmpeg,CWE-MemorySafety,0,0,None,ACCEPT
devign_5784,qemu,CWE-MemorySafety,1,0,None,ACCEPT
devign_5786,FFmpeg,CWE-MemorySafety,1,0,None,ACCEPT
devign_5787,FFmpeg,CWE-MemorySafety,1,0,None,ACCEPT
devign_5789,qemu,CWE-MemorySafety,1,1,CWE-252: Unchecked Dynamic Allocation Return,REJECT
devign_5791,FFmpeg,CWE-MemorySafety,1,0,None,ACCEPT
devign_5792,qemu,CWE-MemorySafety,1,0,None,ACCEPT
devign_5793,qemu,CWE-MemorySafety,1,0,None,ACCEPT
devign_5794,qemu,CWE-MemorySafety,1,0,None,ACCEPT
devign_5795,qemu,CWE-MemorySafety,1,1,CWE-120: Unbounded String Operation,REJECT
devign_5796,FFmpeg,CWE-MemorySafety,1,0,None,ACCEPT
devign_5797,FFmpeg,CWE-MemorySafety,1,0,None,ACCEPT
devign_5798,qemu,CWE-MemorySafety,1,0,None,ACCEPT
devign_5799,qemu,CWE-MemorySafety,1,0,None,ACCEPT
devign_5800,qemu,CWE-MemorySafety,0,0,None,ACCEPT
devign_5801,qemu,CWE-MemorySafety,0,1,CWE-252: Unchecked Dynamic Allocation Return,REJECT
devign_5802,qemu,CWE-MemorySafety,0,0,None,ACCEPT
devign_5803,qemu,CWE-MemorySafety,0,0,None,ACCEPT
devign_5804,qemu,CWE-MemorySafety,0,0,None,ACCEPT
devign_5805,FFmpeg,CWE-MemorySafety,0,0,None,ACCEPT
devign_5806,qemu,CWE-MemorySafety,0,0,None,ACCEPT
devign_5808,qemu,CWE-MemorySafety,0,0,None,ACCEPT
devign_5809,qemu,CWE-MemorySafety,0,0,None,ACCEPT
devign_5810,qemu,CWE-MemorySafety,0,0,None,ACCEPT
devign_5811,qemu,CWE-MemorySafety,0,0,None,ACCEPT
devign_5812,qemu,CWE-MemorySafety,0,0,None,ACCEPT
devign_5813,qemu,CWE-MemorySafety,0,0,None,ACCEPT
devign_5815,qemu,CWE-MemorySafety,0,0,None,ACCEPT
devign_5817,qemu,CWE-MemorySafety,0,0,None,ACCEPT
devign_5818,qemu,CWE-MemorySafety,0,0,None,ACCEPT
devign_5819,qemu,CWE-MemorySafety,0,0,None,ACCEPT
devign_5820,qemu,CWE-MemorySafety,0,0,None,ACCEPT
devign_5821,FFmpeg,CWE-MemorySafety,0,0,None,ACCEPT
devign_5822,FFmpeg,CWE-MemorySafety,0,0,None,ACCEPT
devign_5824,qemu,CWE-MemorySafety,1,0,None,ACCEPT
devign_5825,FFmpeg,CWE-MemorySafety,1,0,None,ACCEPT
devign_5827,qemu,CWE-MemorySafety,1,0,None,ACCEPT
devign_5828,qemu,CWE-MemorySafety,1,0,None,ACCEPT
devign_5829,FFmpeg,CWE-MemorySafety,1,0,None,ACCEPT
devign_5830,FFmpeg,CWE-MemorySafety,0,0,None,ACCEPT
devign_5831,FFmpeg,CWE-MemorySafety,0,0,None,ACCEPT
devign_5832,FFmpeg,CWE-MemorySafety,0,0,None,ACCEPT
devign_5833,FFmpeg,CWE-MemorySafety,0,0,None,ACCEPT
devign_5834,FFmpeg,CWE-MemorySafety,0,0,None,ACCEPT
devign_5835,qemu,CWE-MemorySafety,1,0,None,ACCEPT
devign_5837,qemu,CWE-MemorySafety,1,1,CWE-252: Unchecked Dynamic Allocation Return,REJECT
devign_5838,qemu,CWE-MemorySafety,1,0,None,ACCEPT
devign_5839,FFmpeg,CWE-MemorySafety,1,0,None,ACCEPT
devign_5841,FFmpeg,CWE-MemorySafety,0,0,None,ACCEPT
devign_5842,FFmpeg,CWE-MemorySafety,1,0,None,ACCEPT
devign_5843,FFmpeg,CWE-MemorySafety,1,1,CWE-252: Unchecked Dynamic Allocation Return,REJECT
devign_5844,FFmpeg,CWE-MemorySafety,1,0,None,ACCEPT
devign_5846,qemu,CWE-MemorySafety,1,0,None,ACCEPT
devign_5847,qemu,CWE-MemorySafety,1,0,None,ACCEPT
devign_5848,qemu,CWE-MemorySafety,1,0,None,ACCEPT
devign_5849,FFmpeg,CWE-MemorySafety,1,0,None,ACCEPT
devign_5850,qemu,CWE-MemorySafety,1,0,None,ACCEPT
devign_5851,FFmpeg,CWE-MemorySafety,1,0,None,ACCEPT
devign_5852,FFmpeg,CWE-MemorySafety,0,0,None,ACCEPT
devign_5853,FFmpeg,CWE-MemorySafety,0,0,None,ACCEPT
devign_5855,FFmpeg,CWE-MemorySafety,0,0,None,ACCEPT
devign_5856,FFmpeg,CWE-MemorySafety,0,0,None,ACCEPT
devign_5858,FFmpeg,CWE-MemorySafety,0,0,None,ACCEPT
devign_5859,qemu,CWE-MemorySafety,1,0,None,ACCEPT
devign_5860,qemu,CWE-MemorySafety,1,1,CWE-252: Unchecked Dynamic Allocation Return,REJECT
devign_5861,FFmpeg,CWE-MemorySafety,1,0,None,ACCEPT
devign_5863,FFmpeg,CWE-MemorySafety,1,1,CWE-120: Unbounded String Operation | CWE-252: Unchecked Dynamic Allocation Return,REJECT
devign_5864,FFmpeg,CWE-MemorySafety,1,0,None,ACCEPT
devign_5865,FFmpeg,CWE-MemorySafety,1,0,None,ACCEPT
devign_5866,qemu,CWE-MemorySafety,1,0,None,ACCEPT
devign_5867,qemu,CWE-MemorySafety,1,0,None,ACCEPT
devign_5868,FFmpeg,CWE-MemorySafety,1,0,None,ACCEPT
devign_5869,qemu,CWE-MemorySafety,1,0,None,ACCEPT
devign_5870,qemu,CWE-MemorySafety,1,0,None,ACCEPT
devign_5871,qemu,CWE-MemorySafety,1,0,None,ACCEPT
devign_5872,FFmpeg,CWE-MemorySafety,1,0,None,ACCEPT
devign_5873,qemu,CWE-MemorySafety,1,0,None,ACCEPT
devign_5875,FFmpeg,CWE-MemorySafety,1,0,None,ACCEPT
devign_5876,FFmpeg,CWE-MemorySafety,1,0,None,ACCEPT
devign_5877,qemu,CWE-MemorySafety,1,0,None,ACCEPT
devign_5879,qemu,CWE-MemorySafety,1,0,None,ACCEPT
devign_5880,FFmpeg,CWE-MemorySafety,1,0,None,ACCEPT
devign_5882,FFmpeg,CWE-MemorySafety,1,0,None,ACCEPT
devign_5884,FFmpeg,CWE-MemorySafety,1,0,None,ACCEPT
devign_5885,FFmpeg,CWE-MemorySafety,1,0,None,ACCEPT
devign_5886,qemu,CWE-MemorySafety,0,1,CWE-252: Unchecked Dynamic Allocation Return,REJECT
devign_5887,qemu,CWE-MemorySafety,0,0,None,ACCEPT
devign_5888,qemu,CWE-MemorySafety,0,0,None,ACCEPT
devign_5889,qemu,CWE-MemorySafety,0,0,None,ACCEPT
devign_5890,qemu,CWE-MemorySafety,0,0,None,ACCEPT
devign_5891,qemu,CWE-MemorySafety,0,0,None,ACCEPT
devign_5892,qemu,CWE-MemorySafety,0,0,None,ACCEPT
devign_5895,qemu,CWE-MemorySafety,0,0,None,ACCEPT
devign_5897,qemu,CWE-MemorySafety,0,0,None,ACCEPT
devign_5899,FFmpeg,CWE-MemorySafety,0,0,None,ACCEPT
devign_5900,qemu,CWE-MemorySafety,0,0,None,ACCEPT
devign_5901,qemu,CWE-MemorySafety,0,0,None,ACCEPT
devign_5902,qemu,CWE-MemorySafety,0,0,None,ACCEPT
devign_5903,qemu,CWE-MemorySafety,0,0,None,ACCEPT
devign_5905,qemu,CWE-MemorySafety,1,0,None,ACCEPT
devign_5907,qemu,CWE-MemorySafety,1,0,None,ACCEPT
devign_5908,FFmpeg,CWE-MemorySafety,1,0,None,ACCEPT
devign_5909,qemu,CWE-MemorySafety,1,0,None,ACCEPT
devign_5910,qemu,CWE-MemorySafety,1,0,None,ACCEPT
devign_5911,FFmpeg,CWE-MemorySafety,1,0,None,ACCEPT
devign_5913,qemu,CWE-MemorySafety,1,0,None,ACCEPT
devign_5914,qemu,CWE-MemorySafety,1,0,None,ACCEPT
devign_5915,qemu,CWE-MemorySafety,1,0,None,ACCEPT
devign_5916,qemu,CWE-MemorySafety,1,0,None,ACCEPT
devign_5917,qemu,CWE-MemorySafety,1,0,None,ACCEPT
devign_5918,FFmpeg,CWE-MemorySafety,1,0,None,ACCEPT
devign_5919,qemu,CWE-MemorySafety,0,0,None,ACCEPT
devign_5920,FFmpeg,CWE-MemorySafety,0,0,None,ACCEPT
devign_5924,qemu,CWE-MemorySafety,0,0,None,ACCEPT
devign_5925,qemu,CWE-MemorySafety,0,0,None,ACCEPT
devign_5926,qemu,CWE-MemorySafety,0,0,None,ACCEPT
devign_5927,qemu,CWE-MemorySafety,0,0,None,ACCEPT
devign_5928,qemu,CWE-MemorySafety,0,0,None,ACCEPT
devign_5930,FFmpeg,CWE-MemorySafety,0,0,None,ACCEPT
devign_5931,qemu,CWE-MemorySafety,0,0,None,ACCEPT
devign_5932,qemu,CWE-MemorySafety,0,0,None,ACCEPT
devign_5935,qemu,CWE-MemorySafety,0,0,None,ACCEPT
devign_5937,FFmpeg,CWE-MemorySafety,0,0,None,ACCEPT
devign_5938,qemu,CWE-MemorySafety,0,0,None,ACCEPT
devign_5939,qemu,CWE-MemorySafety,0,0,None,ACCEPT
devign_5940,qemu,CWE-MemorySafety,0,0,None,ACCEPT
devign_5941,qemu,CWE-MemorySafety,0,0,None,ACCEPT
devign_5942,qemu,CWE-MemorySafety,0,1,CWE-252: Unchecked Dynamic Allocation Return,REJECT
devign_5943,FFmpeg,CWE-MemorySafety,1,0,None,ACCEPT
devign_5944,FFmpeg,CWE-MemorySafety,1,0,None,ACCEPT
devign_5945,FFmpeg,CWE-MemorySafety,1,0,None,ACCEPT
devign_5946,qemu,CWE-MemorySafety,1,0,None,ACCEPT
devign_5947,FFmpeg,CWE-MemorySafety,1,0,None,ACCEPT
devign_5948,qemu,CWE-MemorySafety,1,0,None,ACCEPT
devign_5949,FFmpeg,CWE-MemorySafety,1,0,None,ACCEPT
devign_5950,qemu,CWE-MemorySafety,0,0,None,ACCEPT
devign_5951,qemu,CWE-MemorySafety,0,0,None,ACCEPT
devign_5952,qemu,CWE-MemorySafety,0,0,None,ACCEPT
devign_5953,qemu,CWE-MemorySafety,0,0,None,ACCEPT
devign_5955,qemu,CWE-MemorySafety,0,1,CWE-252: Unchecked Dynamic Allocation Return,REJECT
devign_5956,qemu,CWE-MemorySafety,0,0,None,ACCEPT
devign_5957,qemu,CWE-MemorySafety,0,0,None,ACCEPT
devign_5962,qemu,CWE-MemorySafety,0,0,None,ACCEPT
devign_5963,qemu,CWE-MemorySafety,0,0,None,ACCEPT
devign_5964,qemu,CWE-MemorySafety,0,0,None,ACCEPT
devign_5965,FFmpeg,CWE-MemorySafety,0,0,None,ACCEPT
devign_5966,qemu,CWE-MemorySafety,0,0,None,ACCEPT
devign_5967,qemu,CWE-MemorySafety,0,0,None,ACCEPT
devign_5970,qemu,CWE-MemorySafety,0,0,None,ACCEPT
devign_5971,qemu,CWE-MemorySafety,0,0,None,ACCEPT
devign_5972,qemu,CWE-MemorySafety,0,0,None,ACCEPT
devign_5973,qemu,CWE-MemorySafety,0,0,None,ACCEPT
devign_5974,qemu,CWE-MemorySafety,0,0,None,ACCEPT
devign_5975,qemu,CWE-MemorySafety,0,1,CWE-252: Unchecked Dynamic Allocation Return,REJECT
devign_5976,qemu,CWE-MemorySafety,0,0,None,ACCEPT
devign_5977,qemu,CWE-MemorySafety,0,0,None,ACCEPT
devign_5978,FFmpeg,CWE-MemorySafety,0,0,None,ACCEPT
devign_5980,FFmpeg,CWE-MemorySafety,0,0,None,ACCEPT
devign_5981,qemu,CWE-MemorySafety,0,0,None,ACCEPT
devign_5982,qemu,CWE-MemorySafety,0,0,None,ACCEPT
devign_5984,qemu,CWE-MemorySafety,0,0,None,ACCEPT
devign_5985,qemu,CWE-MemorySafety,0,0,None,ACCEPT
devign_5986,qemu,CWE-MemorySafety,0,0,None,ACCEPT
devign_5987,qemu,CWE-MemorySafety,0,0,None,ACCEPT
devign_5988,qemu,CWE-MemorySafety,0,0,None,ACCEPT
devign_5990,FFmpeg,CWE-MemorySafety,0,1,CWE-252: Unchecked Dynamic Allocation Return,REJECT
devign_5992,qemu,CWE-MemorySafety,0,0,None,ACCEPT
devign_5993,qemu,CWE-MemorySafety,0,0,None,ACCEPT
devign_5994,qemu,CWE-MemorySafety,0,0,None,ACCEPT
devign_5998,FFmpeg,CWE-MemorySafety,0,0,None,ACCEPT
devign_5999,qemu,CWE-MemorySafety,0,0,None,ACCEPT
devign_6000,qemu,CWE-MemorySafety,0,0,None,ACCEPT
devign_6001,qemu,CWE-MemorySafety,0,0,None,ACCEPT
devign_6002,qemu,CWE-MemorySafety,0,0,None,ACCEPT
devign_6003,FFmpeg,CWE-MemorySafety,0,0,None,ACCEPT
devign_6004,FFmpeg,CWE-MemorySafety,0,0,None,ACCEPT
devign_6005,FFmpeg,CWE-MemorySafety,0,0,None,ACCEPT
devign_6006,FFmpeg,CWE-MemorySafety,0,0,None,ACCEPT
devign_6007,FFmpeg,CWE-MemorySafety,0,0,None,ACCEPT
devign_6008,FFmpeg,CWE-MemorySafety,0,0,None,ACCEPT
devign_6009,FFmpeg,CWE-MemorySafety,0,0,None,ACCEPT
devign_6010,FFmpeg,CWE-MemorySafety,0,0,None,ACCEPT
devign_6012,FFmpeg,CWE-MemorySafety,0,0,None,ACCEPT
devign_6014,qemu,CWE-MemorySafety,0,0,None,ACCEPT
devign_6016,qemu,CWE-MemorySafety,0,0,None,ACCEPT
devign_6017,qemu,CWE-MemorySafety,0,0,None,ACCEPT
devign_6018,qemu,CWE-MemorySafety,0,0,None,ACCEPT
devign_6019,FFmpeg,CWE-MemorySafety,0,0,None,ACCEPT
devign_6020,qemu,CWE-MemorySafety,0,0,None,ACCEPT
devign_6021,qemu,CWE-MemorySafety,0,0,None,ACCEPT
devign_6022,qemu,CWE-MemorySafety,0,0,None,ACCEPT
devign_6023,qemu,CWE-MemorySafety,0,0,None,ACCEPT
devign_6024,qemu,CWE-MemorySafety,0,0,None,ACCEPT
devign_6025,qemu,CWE-MemorySafety,0,0,None,ACCEPT
devign_6026,FFmpeg,CWE-MemorySafety,0,0,None,ACCEPT
devign_6027,qemu,CWE-MemorySafety,0,0,None,ACCEPT
devign_6028,qemu,CWE-MemorySafety,0,0,None,ACCEPT
devign_6030,qemu,CWE-MemorySafety,0,0,None,ACCEPT
devign_6031,qemu,CWE-MemorySafety,0,0,None,ACCEPT
devign_6032,qemu,CWE-MemorySafety,0,0,None,ACCEPT
devign_6033,qemu,CWE-MemorySafety,0,0,None,ACCEPT
devign_6034,qemu,CWE-MemorySafety,0,0,None,ACCEPT
devign_6035,qemu,CWE-MemorySafety,0,0,None,ACCEPT
devign_6036,qemu,CWE-MemorySafety,1,0,None,ACCEPT
devign_6037,qemu,CWE-MemorySafety,1,0,None,ACCEPT
devign_6038,qemu,CWE-MemorySafety,1,0,None,ACCEPT
devign_6039,qemu,CWE-MemorySafety,1,0,None,ACCEPT
devign_6040,qemu,CWE-MemorySafety,1,0,None,ACCEPT
devign_6041,qemu,CWE-MemorySafety,1,0,None,ACCEPT
devign_6042,qemu,CWE-MemorySafety,1,0,None,ACCEPT
devign_6043,FFmpeg,CWE-MemorySafety,1,0,None,ACCEPT
devign_6045,FFmpeg,CWE-MemorySafety,1,0,None,ACCEPT
devign_6046,qemu,CWE-MemorySafety,1,0,None,ACCEPT
devign_6047,qemu,CWE-MemorySafety,1,0,None,ACCEPT
devign_6048,FFmpeg,CWE-MemorySafety,1,0,None,ACCEPT
devign_6049,qemu,CWE-MemorySafety,1,0,None,ACCEPT
devign_6050,qemu,CWE-MemorySafety,1,0,None,ACCEPT
devign_6051,FFmpeg,CWE-MemorySafety,1,0,None,ACCEPT
devign_6052,qemu,CWE-MemorySafety,1,0,None,ACCEPT
devign_6053,FFmpeg,CWE-MemorySafety,0,0,None,ACCEPT
devign_6054,qemu,CWE-MemorySafety,1,0,None,ACCEPT
devign_6055,qemu,CWE-MemorySafety,1,0,None,ACCEPT
devign_6056,qemu,CWE-MemorySafety,1,0,None,ACCEPT
devign_6057,qemu,CWE-MemorySafety,1,0,None,ACCEPT
devign_6058,FFmpeg,CWE-MemorySafety,1,0,None,ACCEPT
devign_6060,qemu,CWE-MemorySafety,1,0,None,ACCEPT
devign_6061,qemu,CWE-MemorySafety,1,0,None,ACCEPT
devign_6065,FFmpeg,CWE-MemorySafety,1,0,None,ACCEPT
devign_6066,qemu,CWE-MemorySafety,1,0,None,ACCEPT
devign_6067,FFmpeg,CWE-MemorySafety,1,0,None,ACCEPT
devign_6068,FFmpeg,CWE-MemorySafety,1,0,None,ACCEPT
devign_6069,qemu,CWE-MemorySafety,0,0,None,ACCEPT
devign_6070,qemu,CWE-MemorySafety,0,0,None,ACCEPT
devign_6071,qemu,CWE-MemorySafety,0,0,None,ACCEPT
devign_6072,qemu,CWE-MemorySafety,0,0,None,ACCEPT
devign_6073,qemu,CWE-MemorySafety,0,0,None,ACCEPT
devign_6074,qemu,CWE-MemorySafety,0,0,None,ACCEPT
devign_6076,qemu,CWE-MemorySafety,0,0,None,ACCEPT
devign_6077,qemu,CWE-MemorySafety,0,0,None,ACCEPT
devign_6078,qemu,CWE-MemorySafety,0,0,None,ACCEPT
devign_6079,qemu,CWE-MemorySafety,0,0,None,ACCEPT
devign_6080,qemu,CWE-MemorySafety,0,0,None,ACCEPT
devign_6081,qemu,CWE-MemorySafety,0,0,None,ACCEPT
devign_6082,qemu,CWE-MemorySafety,0,0,None,ACCEPT
devign_6083,FFmpeg,CWE-MemorySafety,0,0,None,ACCEPT
devign_6084,FFmpeg,CWE-MemorySafety,0,1,CWE-252: Unchecked Dynamic Allocation Return,REJECT
devign_6085,qemu,CWE-MemorySafety,0,0,None,ACCEPT
devign_6086,qemu,CWE-MemorySafety,0,0,None,ACCEPT
devign_6088,qemu,CWE-MemorySafety,0,0,None,ACCEPT
devign_6089,qemu,CWE-MemorySafety,0,0,None,ACCEPT
devign_6090,qemu,CWE-MemorySafety,0,0,None,ACCEPT
devign_6091,qemu,CWE-MemorySafety,0,0,None,ACCEPT
devign_6092,qemu,CWE-MemorySafety,0,0,None,ACCEPT
devign_6093,FFmpeg,CWE-MemorySafety,0,0,None,ACCEPT
devign_6094,qemu,CWE-MemorySafety,0,0,None,ACCEPT
devign_6095,qemu,CWE-MemorySafety,0,0,None,ACCEPT
devign_6097,qemu,CWE-MemorySafety,0,0,None,ACCEPT
devign_6098,qemu,CWE-MemorySafety,0,0,None,ACCEPT
devign_6099,qemu,CWE-MemorySafety,0,0,None,ACCEPT
devign_6100,qemu,CWE-MemorySafety,0,0,None,ACCEPT
devign_6102,qemu,CWE-MemorySafety,1,0,None,ACCEPT
devign_6103,FFmpeg,CWE-MemorySafety,1,1,CWE-252: Unchecked Dynamic Allocation Return,REJECT
devign_6105,qemu,CWE-MemorySafety,1,0,None,ACCEPT
devign_6106,FFmpeg,CWE-MemorySafety,1,1,CWE-252: Unchecked Dynamic Allocation Return,REJECT
devign_6107,FFmpeg,CWE-MemorySafety,1,0,None,ACCEPT
devign_6108,FFmpeg,CWE-MemorySafety,0,0,None,ACCEPT
devign_6109,FFmpeg,CWE-MemorySafety,0,0,None,ACCEPT
devign_6110,FFmpeg,CWE-MemorySafety,0,0,None,ACCEPT
devign_6111,FFmpeg,CWE-MemorySafety,1,0,None,ACCEPT
devign_6112,qemu,CWE-MemorySafety,1,0,None,ACCEPT
devign_6113,qemu,CWE-MemorySafety,1,0,None,ACCEPT
devign_6114,qemu,CWE-MemorySafety,1,0,None,ACCEPT
devign_6115,qemu,CWE-MemorySafety,1,0,None,ACCEPT
devign_6117,FFmpeg,CWE-MemorySafety,0,0,None,ACCEPT
devign_6118,FFmpeg,CWE-MemorySafety,0,0,None,ACCEPT
devign_6120,qemu,CWE-MemorySafety,1,0,None,ACCEPT
devign_6124,qemu,CWE-MemorySafety,1,0,None,ACCEPT
devign_6125,qemu,CWE-MemorySafety,1,0,None,ACCEPT
devign_6127,FFmpeg,CWE-MemorySafety,1,0,None,ACCEPT
devign_6129,qemu,CWE-MemorySafety,1,0,None,ACCEPT
devign_6130,FFmpeg,CWE-MemorySafety,1,0,None,ACCEPT
devign_6131,qemu,CWE-MemorySafety,1,0,None,ACCEPT
devign_6132,FFmpeg,CWE-MemorySafety,1,0,None,ACCEPT
devign_6133,qemu,CWE-MemorySafety,1,0,None,ACCEPT
devign_6136,FFmpeg,CWE-MemorySafety,1,0,None,ACCEPT
devign_6137,FFmpeg,CWE-MemorySafety,1,0,None,ACCEPT
devign_6138,qemu,CWE-MemorySafety,1,0,None,ACCEPT
devign_6139,qemu,CWE-MemorySafety,1,0,None,ACCEPT
devign_6140,FFmpeg,CWE-MemorySafety,1,0,None,ACCEPT
devign_6141,FFmpeg,CWE-MemorySafety,1,0,None,ACCEPT
devign_6142,qemu,CWE-MemorySafety,1,0,None,ACCEPT
devign_6143,qemu,CWE-MemorySafety,1,0,None,ACCEPT
devign_6144,FFmpeg,CWE-MemorySafety,1,0,None,ACCEPT
devign_6145,qemu,CWE-MemorySafety,1,0,None,ACCEPT
devign_6146,qemu,CWE-MemorySafety,1,1,CWE-120: Unbounded String Operation,REJECT
devign_6147,qemu,CWE-MemorySafety,1,0,None,ACCEPT
devign_6148,qemu,CWE-MemorySafety,1,0,None,ACCEPT
devign_6149,FFmpeg,CWE-MemorySafety,1,0,None,ACCEPT
devign_6150,FFmpeg,CWE-MemorySafety,1,0,None,ACCEPT
devign_6151,qemu,CWE-MemorySafety,1,0,None,ACCEPT
devign_6152,qemu,CWE-MemorySafety,1,0,None,ACCEPT
devign_6153,qemu,CWE-MemorySafety,1,0,None,ACCEPT
devign_6154,FFmpeg,CWE-MemorySafety,0,0,None,ACCEPT
devign_6155,FFmpeg,CWE-MemorySafety,0,0,None,ACCEPT
devign_6156,FFmpeg,CWE-MemorySafety,0,0,None,ACCEPT
devign_6158,FFmpeg,CWE-MemorySafety,1,0,None,ACCEPT
devign_6159,qemu,CWE-MemorySafety,1,0,None,ACCEPT
devign_6161,qemu,CWE-MemorySafety,1,0,None,ACCEPT
devign_6162,qemu,CWE-MemorySafety,1,0,None,ACCEPT
devign_6164,qemu,CWE-MemorySafety,1,1,CWE-252: Unchecked Dynamic Allocation Return,REJECT
devign_6166,FFmpeg,CWE-MemorySafety,1,0,None,ACCEPT
devign_6169,qemu,CWE-MemorySafety,1,0,None,ACCEPT
devign_6170,FFmpeg,CWE-MemorySafety,1,1,CWE-252: Unchecked Dynamic Allocation Return,REJECT
devign_6172,FFmpeg,CWE-MemorySafety,1,0,None,ACCEPT
devign_6173,FFmpeg,CWE-MemorySafety,1,0,None,ACCEPT
devign_6174,qemu,CWE-MemorySafety,1,0,None,ACCEPT
devign_6175,FFmpeg,CWE-MemorySafety,1,0,None,ACCEPT
devign_6177,FFmpeg,CWE-MemorySafety,0,0,None,ACCEPT
devign_6178,FFmpeg,CWE-MemorySafety,0,0,None,ACCEPT
devign_6181,FFmpeg,CWE-MemorySafety,1,0,None,ACCEPT
devign_6182,qemu,CWE-MemorySafety,1,0,None,ACCEPT
devign_6183,FFmpeg,CWE-MemorySafety,1,0,None,ACCEPT
devign_6184,qemu,CWE-MemorySafety,1,0,None,ACCEPT
devign_6185,FFmpeg,CWE-MemorySafety,1,0,None,ACCEPT
devign_6186,qemu,CWE-MemorySafety,1,0,None,ACCEPT
devign_6187,qemu,CWE-MemorySafety,1,0,None,ACCEPT
devign_6188,FFmpeg,CWE-MemorySafety,1,0,None,ACCEPT
devign_6189,qemu,CWE-MemorySafety,1,0,None,ACCEPT
devign_6191,qemu,CWE-MemorySafety,1,1,CWE-252: Unchecked Dynamic Allocation Return,REJECT
devign_6192,FFmpeg,CWE-MemorySafety,0,0,None,ACCEPT
devign_6193,FFmpeg,CWE-MemorySafety,0,0,None,ACCEPT
devign_6194,qemu,CWE-MemorySafety,1,0,None,ACCEPT
devign_6195,qemu,CWE-MemorySafety,1,0,None,ACCEPT
devign_6196,qemu,CWE-MemorySafety,1,0,None,ACCEPT
devign_6197,qemu,CWE-MemorySafety,1,0,None,ACCEPT
devign_6199,qemu,CWE-MemorySafety,1,0,None,ACCEPT
devign_6200,qemu,CWE-MemorySafety,1,0,None,ACCEPT
devign_6201,FFmpeg,CWE-MemorySafety,1,0,None,ACCEPT
devign_6203,FFmpeg,CWE-MemorySafety,1,1,CWE-252: Unchecked Dynamic Allocation Return,REJECT
devign_6206,qemu,CWE-MemorySafety,1,0,None,ACCEPT
devign_6207,FFmpeg,CWE-MemorySafety,1,0,None,ACCEPT
devign_6208,qemu,CWE-MemorySafety,1,0,None,ACCEPT
devign_6209,qemu,CWE-MemorySafety,1,0,None,ACCEPT
devign_6210,FFmpeg,CWE-MemorySafety,1,0,None,ACCEPT
devign_6211,qemu,CWE-MemorySafety,1,0,None,ACCEPT
devign_6213,FFmpeg,CWE-MemorySafety,0,0,None,ACCEPT
devign_6214,FFmpeg,CWE-MemorySafety,0,0,None,ACCEPT
devign_6215,FFmpeg,CWE-MemorySafety,0,0,None,ACCEPT
devign_6216,FFmpeg,CWE-MemorySafety,0,0,None,ACCEPT
devign_6217,FFmpeg,CWE-MemorySafety,0,0,None,ACCEPT
devign_6218,FFmpeg,CWE-MemorySafety,0,0,None,ACCEPT
devign_6219,FFmpeg,CWE-MemorySafety,1,0,None,ACCEPT
devign_6220,qemu,CWE-MemorySafety,1,0,None,ACCEPT
devign_6221,qemu,CWE-MemorySafety,1,0,None,ACCEPT
devign_6222,FFmpeg,CWE-MemorySafety,1,1,CWE-252: Unchecked Dynamic Allocation Return,REJECT
devign_6224,qemu,CWE-MemorySafety,1,0,None,ACCEPT
devign_6225,FFmpeg,CWE-MemorySafety,1,0,None,ACCEPT
devign_6227,qemu,CWE-MemorySafety,1,0,None,ACCEPT
devign_6228,qemu,CWE-MemorySafety,1,0,None,ACCEPT
devign_6230,FFmpeg,CWE-MemorySafety,0,0,None,ACCEPT
devign_6231,qemu,CWE-MemorySafety,0,0,None,ACCEPT
devign_6232,qemu,CWE-MemorySafety,0,0,None,ACCEPT
devign_6234,qemu,CWE-MemorySafety,0,0,None,ACCEPT
devign_6235,qemu,CWE-MemorySafety,0,0,None,ACCEPT
devign_6236,qemu,CWE-MemorySafety,0,0,None,ACCEPT
devign_6237,qemu,CWE-MemorySafety,0,0,None,ACCEPT
devign_6238,qemu,CWE-MemorySafety,0,0,None,ACCEPT
devign_6239,FFmpeg,CWE-MemorySafety,0,0,None,ACCEPT
devign_6240,qemu,CWE-MemorySafety,0,0,None,ACCEPT
devign_6242,qemu,CWE-MemorySafety,0,0,None,ACCEPT
devign_6243,qemu,CWE-MemorySafety,0,0,None,ACCEPT
devign_6244,qemu,CWE-MemorySafety,0,0,None,ACCEPT
devign_6245,qemu,CWE-MemorySafety,0,0,None,ACCEPT
devign_6248,FFmpeg,CWE-MemorySafety,1,0,None,ACCEPT
devign_6249,FFmpeg,CWE-MemorySafety,1,0,None,ACCEPT
devign_6250,FFmpeg,CWE-MemorySafety,1,1,CWE-252: Unchecked Dynamic Allocation Return,REJECT
devign_6251,FFmpeg,CWE-MemorySafety,1,0,None,ACCEPT
devign_6252,FFmpeg,CWE-MemorySafety,1,0,None,ACCEPT
devign_6253,qemu,CWE-MemorySafety,1,0,None,ACCEPT
devign_6254,FFmpeg,CWE-MemorySafety,0,1,CWE-252: Unchecked Dynamic Allocation Return,REJECT
devign_6255,qemu,CWE-MemorySafety,0,0,None,ACCEPT
devign_6256,qemu,CWE-MemorySafety,0,0,None,ACCEPT
devign_6257,FFmpeg,CWE-MemorySafety,0,0,None,ACCEPT
devign_6258,qemu,CWE-MemorySafety,0,1,CWE-120: Unbounded String Operation,REJECT
devign_6259,qemu,CWE-MemorySafety,0,0,None,ACCEPT
devign_6260,qemu,CWE-MemorySafety,0,0,None,ACCEPT
devign_6262,qemu,CWE-MemorySafety,0,0,None,ACCEPT
devign_6263,qemu,CWE-MemorySafety,0,0,None,ACCEPT
devign_6264,qemu,CWE-MemorySafety,0,0,None,ACCEPT
devign_6266,qemu,CWE-MemorySafety,0,0,None,ACCEPT
devign_6268,qemu,CWE-MemorySafety,0,0,None,ACCEPT
devign_6269,qemu,CWE-MemorySafety,0,0,None,ACCEPT
devign_6270,qemu,CWE-MemorySafety,0,0,None,ACCEPT
devign_6273,FFmpeg,CWE-MemorySafety,0,0,None,ACCEPT
devign_6274,FFmpeg,CWE-MemorySafety,0,0,None,ACCEPT
devign_6275,FFmpeg,CWE-MemorySafety,0,0,None,ACCEPT
devign_6277,qemu,CWE-MemorySafety,0,0,None,ACCEPT
devign_6278,qemu,CWE-MemorySafety,0,0,None,ACCEPT
devign_6280,FFmpeg,CWE-MemorySafety,0,0,None,ACCEPT
devign_6281,qemu,CWE-MemorySafety,0,0,None,ACCEPT
devign_6282,qemu,CWE-MemorySafety,0,0,None,ACCEPT
devign_6283,qemu,CWE-MemorySafety,0,1,CWE-120: Unbounded String Operation,REJECT
devign_6284,qemu,CWE-MemorySafety,0,0,None,ACCEPT
devign_6285,qemu,CWE-MemorySafety,0,0,None,ACCEPT
devign_6286,qemu,CWE-MemorySafety,0,0,None,ACCEPT
devign_6287,qemu,CWE-MemorySafety,0,0,None,ACCEPT
devign_6288,FFmpeg,CWE-MemorySafety,0,0,None,ACCEPT
devign_6289,qemu,CWE-MemorySafety,0,0,None,ACCEPT
devign_6290,qemu,CWE-MemorySafety,0,0,None,ACCEPT
devign_6291,qemu,CWE-MemorySafety,0,0,None,ACCEPT
devign_6292,qemu,CWE-MemorySafety,0,0,None,ACCEPT
devign_6293,qemu,CWE-MemorySafety,0,0,None,ACCEPT
devign_6294,qemu,CWE-MemorySafety,0,0,None,ACCEPT
devign_6295,qemu,CWE-MemorySafety,0,0,None,ACCEPT
devign_6296,qemu,CWE-MemorySafety,0,0,None,ACCEPT
devign_6297,qemu,CWE-MemorySafety,0,0,None,ACCEPT
devign_6298,qemu,CWE-MemorySafety,0,0,None,ACCEPT
devign_6300,qemu,CWE-MemorySafety,0,0,None,ACCEPT
devign_6301,qemu,CWE-MemorySafety,0,0,None,ACCEPT
devign_6302,qemu,CWE-MemorySafety,0,1,CWE-252: Unchecked Dynamic Allocation Return,REJECT
devign_6305,qemu,CWE-MemorySafety,0,0,None,ACCEPT
devign_6306,FFmpeg,CWE-MemorySafety,0,0,None,ACCEPT
devign_6307,qemu,CWE-MemorySafety,0,0,None,ACCEPT
devign_6308,FFmpeg,CWE-MemorySafety,0,0,None,ACCEPT
devign_6309,FFmpeg,CWE-MemorySafety,0,0,None,ACCEPT
devign_6310,FFmpeg,CWE-MemorySafety,0,0,None,ACCEPT
devign_6311,FFmpeg,CWE-MemorySafety,0,1,CWE-252: Unchecked Dynamic Allocation Return,REJECT
devign_6312,FFmpeg,CWE-MemorySafety,0,0,None,ACCEPT
devign_6313,qemu,CWE-MemorySafety,0,0,None,ACCEPT
devign_6315,qemu,CWE-MemorySafety,0,0,None,ACCEPT
devign_6316,qemu,CWE-MemorySafety,0,0,None,ACCEPT
devign_6317,qemu,CWE-MemorySafety,0,0,None,ACCEPT
devign_6318,qemu,CWE-MemorySafety,0,0,None,ACCEPT
devign_6319,qemu,CWE-MemorySafety,0,0,None,ACCEPT
devign_6321,qemu,CWE-MemorySafety,0,0,None,ACCEPT
devign_6324,qemu,CWE-MemorySafety,0,0,None,ACCEPT
devign_6325,qemu,CWE-MemorySafety,0,0,None,ACCEPT
devign_6326,qemu,CWE-MemorySafety,0,0,None,ACCEPT
devign_6328,qemu,CWE-MemorySafety,0,0,None,ACCEPT
devign_6330,FFmpeg,CWE-MemorySafety,0,0,None,ACCEPT
devign_6332,FFmpeg,CWE-MemorySafety,0,0,None,ACCEPT
devign_6333,qemu,CWE-MemorySafety,1,0,None,ACCEPT
devign_6334,FFmpeg,CWE-MemorySafety,1,0,None,ACCEPT
devign_6335,qemu,CWE-MemorySafety,1,0,None,ACCEPT
devign_6336,FFmpeg,CWE-MemorySafety,1,0,None,ACCEPT
devign_6337,FFmpeg,CWE-MemorySafety,1,0,None,ACCEPT
devign_6338,FFmpeg,CWE-MemorySafety,1,0,None,ACCEPT
devign_6339,qemu,CWE-MemorySafety,1,1,CWE-252: Unchecked Dynamic Allocation Return,REJECT
devign_6340,qemu,CWE-MemorySafety,1,0,None,ACCEPT
devign_6341,FFmpeg,CWE-MemorySafety,1,0,None,ACCEPT
devign_6343,qemu,CWE-MemorySafety,1,0,None,ACCEPT
devign_6345,qemu,CWE-MemorySafety,1,0,None,ACCEPT
devign_6346,qemu,CWE-MemorySafety,1,1,CWE-252: Unchecked Dynamic Allocation Return,REJECT
devign_6347,qemu,CWE-MemorySafety,1,0,None,ACCEPT
devign_6348,FFmpeg,CWE-MemorySafety,1,0,None,ACCEPT
devign_6349,FFmpeg,CWE-MemorySafety,1,0,None,ACCEPT
devign_6350,FFmpeg,CWE-MemorySafety,1,0,None,ACCEPT
devign_6351,FFmpeg,CWE-MemorySafety,0,0,None,ACCEPT
devign_6352,FFmpeg,CWE-MemorySafety,0,0,None,ACCEPT
devign_6355,FFmpeg,CWE-MemorySafety,0,0,None,ACCEPT
devign_6356,FFmpeg,CWE-MemorySafety,0,0,None,ACCEPT
devign_6358,qemu,CWE-MemorySafety,1,0,None,ACCEPT
devign_6361,FFmpeg,CWE-MemorySafety,1,0,None,ACCEPT
devign_6362,qemu,CWE-MemorySafety,1,0,None,ACCEPT
devign_6363,FFmpeg,CWE-MemorySafety,0,0,None,ACCEPT
devign_6364,FFmpeg,CWE-MemorySafety,0,0,None,ACCEPT
devign_6365,FFmpeg,CWE-MemorySafety,0,0,None,ACCEPT
devign_6366,qemu,CWE-MemorySafety,0,0,None,ACCEPT
devign_6367,qemu,CWE-MemorySafety,0,0,None,ACCEPT
devign_6368,qemu,CWE-MemorySafety,0,0,None,ACCEPT
devign_6369,qemu,CWE-MemorySafety,0,0,None,ACCEPT
devign_6371,qemu,CWE-MemorySafety,0,0,None,ACCEPT
devign_6372,qemu,CWE-MemorySafety,0,0,None,ACCEPT
devign_6373,qemu,CWE-MemorySafety,0,0,None,ACCEPT
devign_6375,qemu,CWE-MemorySafety,0,0,None,ACCEPT
devign_6376,qemu,CWE-MemorySafety,0,1,CWE-252: Unchecked Dynamic Allocation Return,REJECT
devign_6377,qemu,CWE-MemorySafety,0,0,None,ACCEPT
devign_6380,qemu,CWE-MemorySafety,0,0,None,ACCEPT
devign_6381,qemu,CWE-MemorySafety,0,0,None,ACCEPT
devign_6382,qemu,CWE-MemorySafety,0,0,None,ACCEPT
devign_6383,FFmpeg,CWE-MemorySafety,0,0,None,ACCEPT
devign_6384,FFmpeg,CWE-MemorySafety,0,0,None,ACCEPT
devign_6385,FFmpeg,CWE-MemorySafety,0,0,None,ACCEPT
devign_6386,FFmpeg,CWE-MemorySafety,1,0,None,ACCEPT
devign_6387,FFmpeg,CWE-MemorySafety,1,0,None,ACCEPT
devign_6388,FFmpeg,CWE-MemorySafety,1,0,None,ACCEPT
devign_6391,qemu,CWE-MemorySafety,1,0,None,ACCEPT
devign_6392,FFmpeg,CWE-MemorySafety,1,0,None,ACCEPT
devign_6394,qemu,CWE-MemorySafety,0,0,None,ACCEPT
devign_6395,qemu,CWE-MemorySafety,0,0,None,ACCEPT
devign_6396,qemu,CWE-MemorySafety,0,0,None,ACCEPT
devign_6397,qemu,CWE-MemorySafety,0,0,None,ACCEPT
devign_6399,qemu,CWE-MemorySafety,0,0,None,ACCEPT
devign_6400,qemu,CWE-MemorySafety,0,0,None,ACCEPT
devign_6401,qemu,CWE-MemorySafety,0,0,None,ACCEPT
devign_6402,qemu,CWE-MemorySafety,0,0,None,ACCEPT
devign_6403,qemu,CWE-MemorySafety,0,0,None,ACCEPT
devign_6404,qemu,CWE-MemorySafety,0,0,None,ACCEPT
devign_6405,qemu,CWE-MemorySafety,0,0,None,ACCEPT
devign_6406,qemu,CWE-MemorySafety,0,0,None,ACCEPT
devign_6407,FFmpeg,CWE-MemorySafety,0,0,None,ACCEPT
devign_6408,FFmpeg,CWE-MemorySafety,0,0,None,ACCEPT
devign_6409,FFmpeg,CWE-MemorySafety,1,0,None,ACCEPT
devign_6411,qemu,CWE-MemorySafety,1,0,None,ACCEPT
devign_6412,FFmpeg,CWE-MemorySafety,1,1,CWE-252: Unchecked Dynamic Allocation Return,REJECT
devign_6413,qemu,CWE-MemorySafety,1,0,None,ACCEPT
devign_6414,FFmpeg,CWE-MemorySafety,1,0,None,ACCEPT
devign_6415,FFmpeg,CWE-MemorySafety,1,0,None,ACCEPT
devign_6416,qemu,CWE-MemorySafety,1,0,None,ACCEPT
devign_6417,qemu,CWE-MemorySafety,0,0,None,ACCEPT
devign_6418,qemu,CWE-MemorySafety,0,0,None,ACCEPT
devign_6419,FFmpeg,CWE-MemorySafety,0,0,None,ACCEPT
devign_6421,qemu,CWE-MemorySafety,0,0,None,ACCEPT
devign_6422,qemu,CWE-MemorySafety,0,0,None,ACCEPT
devign_6423,qemu,CWE-MemorySafety,0,0,None,ACCEPT
devign_6424,qemu,CWE-MemorySafety,0,0,None,ACCEPT
devign_6425,qemu,CWE-MemorySafety,0,0,None,ACCEPT
devign_6426,qemu,CWE-MemorySafety,0,0,None,ACCEPT
devign_6427,qemu,CWE-MemorySafety,0,0,None,ACCEPT
devign_6428,FFmpeg,CWE-MemorySafety,0,0,None,ACCEPT
devign_6429,qemu,CWE-MemorySafety,0,0,None,ACCEPT
devign_6431,qemu,CWE-MemorySafety,0,0,None,ACCEPT
devign_6432,qemu,CWE-MemorySafety,0,0,None,ACCEPT
devign_6433,qemu,CWE-MemorySafety,0,0,None,ACCEPT
devign_6434,qemu,CWE-MemorySafety,0,0,None,ACCEPT
devign_6435,qemu,CWE-MemorySafety,0,0,None,ACCEPT
devign_6436,qemu,CWE-MemorySafety,0,0,None,ACCEPT
devign_6439,qemu,CWE-MemorySafety,0,0,None,ACCEPT
devign_6440,qemu,CWE-MemorySafety,0,0,None,ACCEPT
devign_6442,FFmpeg,CWE-MemorySafety,1,0,None,ACCEPT
devign_6443,FFmpeg,CWE-MemorySafety,1,0,None,ACCEPT
devign_6445,FFmpeg,CWE-MemorySafety,1,0,None,ACCEPT
devign_6446,FFmpeg,CWE-MemorySafety,0,0,None,ACCEPT
devign_6447,FFmpeg,CWE-MemorySafety,0,0,None,ACCEPT
devign_6448,qemu,CWE-MemorySafety,1,0,None,ACCEPT
devign_6449,qemu,CWE-MemorySafety,1,0,None,ACCEPT
devign_6450,FFmpeg,CWE-MemorySafety,1,1,CWE-252: Unchecked Dynamic Allocation Return,REJECT
devign_6452,qemu,CWE-MemorySafety,1,0,None,ACCEPT
devign_6453,qemu,CWE-MemorySafety,1,0,None,ACCEPT
devign_6454,qemu,CWE-MemorySafety,1,0,None,ACCEPT
devign_6455,qemu,CWE-MemorySafety,1,0,None,ACCEPT
devign_6456,FFmpeg,CWE-MemorySafety,1,0,None,ACCEPT
devign_6457,FFmpeg,CWE-MemorySafety,1,0,None,ACCEPT
devign_6459,FFmpeg,CWE-MemorySafety,0,0,None,ACCEPT
devign_6460,qemu,CWE-MemorySafety,0,0,None,ACCEPT
devign_6464,qemu,CWE-MemorySafety,0,0,None,ACCEPT
devign_6465,qemu,CWE-MemorySafety,0,0,None,ACCEPT
devign_6466,qemu,CWE-MemorySafety,0,0,None,ACCEPT
devign_6467,qemu,CWE-MemorySafety,0,0,None,ACCEPT
devign_6468,qemu,CWE-MemorySafety,0,0,None,ACCEPT
devign_6469,qemu,CWE-MemorySafety,0,0,None,ACCEPT
devign_6470,qemu,CWE-MemorySafety,0,0,None,ACCEPT
devign_6471,FFmpeg,CWE-MemorySafety,0,0,None,ACCEPT
devign_6472,qemu,CWE-MemorySafety,0,0,None,ACCEPT
devign_6473,qemu,CWE-MemorySafety,0,0,None,ACCEPT
devign_6474,qemu,CWE-MemorySafety,0,0,None,ACCEPT
devign_6475,qemu,CWE-MemorySafety,0,0,None,ACCEPT
devign_6477,qemu,CWE-MemorySafety,0,0,None,ACCEPT
devign_6478,FFmpeg,CWE-MemorySafety,0,0,None,ACCEPT
devign_6479,FFmpeg,CWE-MemorySafety,0,0,None,ACCEPT
devign_6480,qemu,CWE-MemorySafety,0,0,None,ACCEPT
devign_6481,qemu,CWE-MemorySafety,0,0,None,ACCEPT
devign_6483,qemu,CWE-MemorySafety,0,0,None,ACCEPT
devign_6484,qemu,CWE-MemorySafety,0,0,None,ACCEPT
devign_6486,qemu,CWE-MemorySafety,0,0,None,ACCEPT
devign_6487,qemu,CWE-MemorySafety,0,0,None,ACCEPT
devign_6488,qemu,CWE-MemorySafety,0,0,None,ACCEPT
devign_6489,qemu,CWE-MemorySafety,0,0,None,ACCEPT
devign_6490,qemu,CWE-MemorySafety,0,0,None,ACCEPT
devign_6491,qemu,CWE-MemorySafety,0,0,None,ACCEPT
devign_6493,qemu,CWE-MemorySafety,0,0,None,ACCEPT
devign_6494,qemu,CWE-MemorySafety,1,0,None,ACCEPT
devign_6495,FFmpeg,CWE-MemorySafety,1,0,None,ACCEPT
devign_6496,qemu,CWE-MemorySafety,1,0,None,ACCEPT
devign_6497,FFmpeg,CWE-MemorySafety,0,0,None,ACCEPT
devign_6498,FFmpeg,CWE-MemorySafety,0,0,None,ACCEPT
devign_6499,FFmpeg,CWE-MemorySafety,0,0,None,ACCEPT
devign_6500,qemu,CWE-MemorySafety,1,0,None,ACCEPT
devign_6501,FFmpeg,CWE-MemorySafety,1,0,None,ACCEPT
devign_6503,qemu,CWE-MemorySafety,1,0,None,ACCEPT
devign_6504,FFmpeg,CWE-MemorySafety,1,0,None,ACCEPT
devign_6505,qemu,CWE-MemorySafety,1,0,None,ACCEPT
devign_6507,qemu,CWE-MemorySafety,1,0,None,ACCEPT
devign_6508,qemu,CWE-MemorySafety,1,0,None,ACCEPT
devign_6509,qemu,CWE-MemorySafety,1,0,None,ACCEPT
devign_6510,FFmpeg,CWE-MemorySafety,1,0,None,ACCEPT
devign_6512,qemu,CWE-MemorySafety,1,0,None,ACCEPT
devign_6513,FFmpeg,CWE-MemorySafety,0,0,None,ACCEPT
devign_6514,qemu,CWE-MemorySafety,1,0,None,ACCEPT
devign_6515,qemu,CWE-MemorySafety,1,0,None,ACCEPT
devign_6516,qemu,CWE-MemorySafety,1,0,None,ACCEPT
devign_6517,FFmpeg,CWE-MemorySafety,1,1,CWE-120: Unbounded String Operation,REJECT
devign_6518,FFmpeg,CWE-MemorySafety,1,1,CWE-252: Unchecked Dynamic Allocation Return,REJECT
devign_6519,FFmpeg,CWE-MemorySafety,1,0,None,ACCEPT
devign_6520,qemu,CWE-MemorySafety,1,0,None,ACCEPT
devign_6522,FFmpeg,CWE-MemorySafety,0,0,None,ACCEPT
devign_6523,qemu,CWE-MemorySafety,1,0,None,ACCEPT
devign_6524,FFmpeg,CWE-MemorySafety,1,0,None,ACCEPT
devign_6525,FFmpeg,CWE-MemorySafety,0,0,None,ACCEPT
devign_6526,FFmpeg,CWE-MemorySafety,1,0,None,ACCEPT
devign_6527,FFmpeg,CWE-MemorySafety,1,0,None,ACCEPT
devign_6528,qemu,CWE-MemorySafety,0,0,None,ACCEPT
devign_6529,FFmpeg,CWE-MemorySafety,0,0,None,ACCEPT
devign_6531,qemu,CWE-MemorySafety,0,0,None,ACCEPT
devign_6532,qemu,CWE-MemorySafety,0,0,None,ACCEPT
devign_6533,qemu,CWE-MemorySafety,0,0,None,ACCEPT
devign_6534,qemu,CWE-MemorySafety,0,0,None,ACCEPT
devign_6535,qemu,CWE-MemorySafety,0,0,None,ACCEPT
devign_6536,qemu,CWE-MemorySafety,0,0,None,ACCEPT
devign_6537,qemu,CWE-MemorySafety,0,0,None,ACCEPT
devign_6538,qemu,CWE-MemorySafety,0,0,None,ACCEPT
devign_6540,qemu,CWE-MemorySafety,0,0,None,ACCEPT
devign_6541,qemu,CWE-MemorySafety,0,0,None,ACCEPT
devign_6544,qemu,CWE-MemorySafety,0,0,None,ACCEPT
devign_6545,qemu,CWE-MemorySafety,0,0,None,ACCEPT
devign_6546,FFmpeg,CWE-MemorySafety,1,0,None,ACCEPT
devign_6549,FFmpeg,CWE-MemorySafety,0,0,None,ACCEPT
devign_6550,FFmpeg,CWE-MemorySafety,0,1,CWE-252: Unchecked Dynamic Allocation Return,REJECT
devign_6551,FFmpeg,CWE-MemorySafety,0,0,None,ACCEPT
devign_6552,FFmpeg,CWE-MemorySafety,0,0,None,ACCEPT
devign_6554,FFmpeg,CWE-MemorySafety,1,0,None,ACCEPT
devign_6555,qemu,CWE-MemorySafety,1,0,None,ACCEPT
devign_6556,qemu,CWE-MemorySafety,1,0,None,ACCEPT
devign_6558,qemu,CWE-MemorySafety,1,0,None,ACCEPT
devign_6559,FFmpeg,CWE-MemorySafety,1,0,None,ACCEPT
devign_6560,qemu,CWE-MemorySafety,1,0,None,ACCEPT
devign_6561,FFmpeg,CWE-MemorySafety,0,0,None,ACCEPT
devign_6563,FFmpeg,CWE-MemorySafety,0,0,None,ACCEPT
devign_6564,FFmpeg,CWE-MemorySafety,0,0,None,ACCEPT
devign_6566,qemu,CWE-MemorySafety,1,0,None,ACCEPT
devign_6567,FFmpeg,CWE-MemorySafety,1,0,None,ACCEPT
devign_6568,qemu,CWE-MemorySafety,1,0,None,ACCEPT
devign_6570,FFmpeg,CWE-MemorySafety,1,1,CWE-252: Unchecked Dynamic Allocation Return,REJECT
devign_6571,FFmpeg,CWE-MemorySafety,1,1,CWE-252: Unchecked Dynamic Allocation Return,REJECT
devign_6572,FFmpeg,CWE-MemorySafety,1,1,CWE-252: Unchecked Dynamic Allocation Return,REJECT
devign_6573,FFmpeg,CWE-MemorySafety,1,0,None,ACCEPT
devign_6574,FFmpeg,CWE-MemorySafety,1,1,CWE-252: Unchecked Dynamic Allocation Return,REJECT
devign_6577,qemu,CWE-MemorySafety,1,0,None,ACCEPT
devign_6578,FFmpeg,CWE-MemorySafety,1,0,None,ACCEPT
devign_6579,qemu,CWE-MemorySafety,1,0,None,ACCEPT
devign_6580,FFmpeg,CWE-MemorySafety,1,0,None,ACCEPT
devign_6581,FFmpeg,CWE-MemorySafety,1,1,CWE-252: Unchecked Dynamic Allocation Return,REJECT
devign_6582,FFmpeg,CWE-MemorySafety,1,0,None,ACCEPT
devign_6583,FFmpeg,CWE-MemorySafety,1,0,None,ACCEPT
devign_6584,qemu,CWE-MemorySafety,1,0,None,ACCEPT
devign_6585,qemu,CWE-MemorySafety,1,0,None,ACCEPT
devign_6586,FFmpeg,CWE-MemorySafety,1,0,None,ACCEPT
devign_6587,qemu,CWE-MemorySafety,1,0,None,ACCEPT
devign_6588,qemu,CWE-MemorySafety,1,0,None,ACCEPT
devign_6589,qemu,CWE-MemorySafety,1,0,None,ACCEPT
devign_6590,FFmpeg,CWE-MemorySafety,1,0,None,ACCEPT
devign_6591,FFmpeg,CWE-MemorySafety,1,0,None,ACCEPT
devign_6592,qemu,CWE-MemorySafety,1,0,None,ACCEPT
devign_6593,qemu,CWE-MemorySafety,1,0,None,ACCEPT
devign_6594,FFmpeg,CWE-MemorySafety,1,0,None,ACCEPT
devign_6596,FFmpeg,CWE-MemorySafety,1,0,None,ACCEPT
devign_6598,FFmpeg,CWE-MemorySafety,1,1,CWE-252: Unchecked Dynamic Allocation Return,REJECT
devign_6599,FFmpeg,CWE-MemorySafety,1,1,CWE-252: Unchecked Dynamic Allocation Return,REJECT
devign_6601,FFmpeg,CWE-MemorySafety,1,1,CWE-252: Unchecked Dynamic Allocation Return,REJECT
devign_6603,FFmpeg,CWE-MemorySafety,1,0,None,ACCEPT
devign_6607,FFmpeg,CWE-MemorySafety,0,1,CWE-252: Unchecked Dynamic Allocation Return,REJECT
devign_6608,FFmpeg,CWE-MemorySafety,0,0,None,ACCEPT
devign_6609,qemu,CWE-MemorySafety,0,0,None,ACCEPT
devign_6610,qemu,CWE-MemorySafety,0,0,None,ACCEPT
devign_6611,qemu,CWE-MemorySafety,0,1,CWE-252: Unchecked Dynamic Allocation Return,REJECT
devign_6612,qemu,CWE-MemorySafety,0,0,None,ACCEPT
devign_6613,qemu,CWE-MemorySafety,0,0,None,ACCEPT
devign_6615,qemu,CWE-MemorySafety,0,0,None,ACCEPT
devign_6616,FFmpeg,CWE-MemorySafety,0,0,None,ACCEPT
devign_6618,qemu,CWE-MemorySafety,0,0,None,ACCEPT
devign_6619,qemu,CWE-MemorySafety,0,1,CWE-120: Unbounded String Operation,REJECT
devign_6620,qemu,CWE-MemorySafety,0,0,None,ACCEPT
devign_6622,qemu,CWE-MemorySafety,0,0,None,ACCEPT
devign_6623,qemu,CWE-MemorySafety,0,0,None,ACCEPT
devign_6624,FFmpeg,CWE-MemorySafety,0,0,None,ACCEPT
devign_6625,qemu,CWE-MemorySafety,0,0,None,ACCEPT
devign_6626,qemu,CWE-MemorySafety,0,0,None,ACCEPT
devign_6627,qemu,CWE-MemorySafety,0,0,None,ACCEPT
devign_6628,qemu,CWE-MemorySafety,0,0,None,ACCEPT
devign_6629,qemu,CWE-MemorySafety,0,0,None,ACCEPT
devign_6630,qemu,CWE-MemorySafety,0,0,None,ACCEPT
devign_6631,qemu,CWE-MemorySafety,0,0,None,ACCEPT
devign_6632,FFmpeg,CWE-MemorySafety,0,0,None,ACCEPT
devign_6633,FFmpeg,CWE-MemorySafety,0,0,None,ACCEPT
devign_6634,qemu,CWE-MemorySafety,0,0,None,ACCEPT
devign_6635,qemu,CWE-MemorySafety,0,0,None,ACCEPT
devign_6636,FFmpeg,CWE-MemorySafety,0,0,None,ACCEPT
devign_6637,qemu,CWE-MemorySafety,0,0,None,ACCEPT
devign_6638,qemu,CWE-MemorySafety,0,0,None,ACCEPT
devign_6639,qemu,CWE-MemorySafety,0,0,None,ACCEPT
devign_6640,qemu,CWE-MemorySafety,0,1,CWE-120: Unbounded String Operation,REJECT
devign_6641,qemu,CWE-MemorySafety,0,0,None,ACCEPT
devign_6642,qemu,CWE-MemorySafety,0,0,None,ACCEPT
devign_6643,qemu,CWE-MemorySafety,0,1,CWE-120: Unbounded String Operation | CWE-252: Unchecked Dynamic Allocation Return,REJECT
devign_6644,qemu,CWE-MemorySafety,0,0,None,ACCEPT
devign_6648,qemu,CWE-MemorySafety,0,0,None,ACCEPT
devign_6649,qemu,CWE-MemorySafety,0,0,None,ACCEPT
devign_6650,qemu,CWE-MemorySafety,0,0,None,ACCEPT
devign_6651,qemu,CWE-MemorySafety,0,0,None,ACCEPT
devign_6652,qemu,CWE-MemorySafety,0,1,CWE-120: Unbounded String Operation,REJECT
devign_6653,qemu,CWE-MemorySafety,0,0,None,ACCEPT
devign_6654,FFmpeg,CWE-MemorySafety,0,0,None,ACCEPT
devign_6655,qemu,CWE-MemorySafety,0,0,None,ACCEPT
devign_6656,qemu,CWE-MemorySafety,0,0,None,ACCEPT
devign_6658,qemu,CWE-MemorySafety,0,0,None,ACCEPT
devign_6659,qemu,CWE-MemorySafety,0,0,None,ACCEPT
devign_6660,qemu,CWE-MemorySafety,0,0,None,ACCEPT
devign_6661,qemu,CWE-MemorySafety,0,0,None,ACCEPT
devign_6662,FFmpeg,CWE-MemorySafety,0,0,None,ACCEPT
devign_6663,FFmpeg,CWE-MemorySafety,0,0,None,ACCEPT
devign_6664,FFmpeg,CWE-MemorySafety,0,0,None,ACCEPT
devign_6665,FFmpeg,CWE-MemorySafety,0,0,None,ACCEPT
devign_6666,FFmpeg,CWE-MemorySafety,0,0,None,ACCEPT
devign_6667,FFmpeg,CWE-MemorySafety,0,0,None,ACCEPT
devign_6668,FFmpeg,CWE-MemorySafety,0,0,None,ACCEPT
devign_6669,FFmpeg,CWE-MemorySafety,0,0,None,ACCEPT
devign_6670,FFmpeg,CWE-MemorySafety,0,0,None,ACCEPT
devign_6671,qemu,CWE-MemorySafety,1,0,None,ACCEPT
devign_6672,FFmpeg,CWE-MemorySafety,1,0,None,ACCEPT
devign_6673,qemu,CWE-MemorySafety,1,0,None,ACCEPT
devign_6674,qemu,CWE-MemorySafety,1,0,None,ACCEPT
devign_6675,qemu,CWE-MemorySafety,1,0,None,ACCEPT
devign_6676,qemu,CWE-MemorySafety,1,0,None,ACCEPT
devign_6677,FFmpeg,CWE-MemorySafety,1,0,None,ACCEPT
devign_6678,FFmpeg,CWE-MemorySafety,0,0,None,ACCEPT
devign_6680,FFmpeg,CWE-MemorySafety,0,0,None,ACCEPT
devign_6681,FFmpeg,CWE-MemorySafety,1,0,None,ACCEPT
devign_6682,qemu,CWE-MemorySafety,1,0,None,ACCEPT
devign_6683,FFmpeg,CWE-MemorySafety,1,0,None,ACCEPT
devign_6684,FFmpeg,CWE-MemorySafety,1,0,None,ACCEPT
devign_6685,FFmpeg,CWE-MemorySafety,1,0,None,ACCEPT
devign_6688,FFmpeg,CWE-MemorySafety,1,1,CWE-252: Unchecked Dynamic Allocation Return,REJECT
devign_6689,FFmpeg,CWE-MemorySafety,0,0,None,ACCEPT
devign_6690,FFmpeg,CWE-MemorySafety,0,0,None,ACCEPT
devign_6691,FFmpeg,CWE-MemorySafety,1,0,None,ACCEPT
devign_6692,qemu,CWE-MemorySafety,1,0,None,ACCEPT
devign_6693,FFmpeg,CWE-MemorySafety,1,0,None,ACCEPT
devign_6694,qemu,CWE-MemorySafety,1,0,None,ACCEPT
devign_6695,qemu,CWE-MemorySafety,1,0,None,ACCEPT
devign_6696,FFmpeg,CWE-MemorySafety,1,0,None,ACCEPT
devign_6697,qemu,CWE-MemorySafety,1,0,None,ACCEPT
devign_6698,qemu,CWE-MemorySafety,1,0,None,ACCEPT
devign_6700,FFmpeg,CWE-MemorySafety,1,0,None,ACCEPT
devign_6701,qemu,CWE-MemorySafety,1,0,None,ACCEPT
devign_6702,qemu,CWE-MemorySafety,1,0,None,ACCEPT
devign_6703,FFmpeg,CWE-MemorySafety,1,0,None,ACCEPT
devign_6704,FFmpeg,CWE-MemorySafety,1,0,None,ACCEPT
devign_6706,FFmpeg,CWE-MemorySafety,0,0,None,ACCEPT
devign_6707,qemu,CWE-MemorySafety,1,0,None,ACCEPT
devign_6708,FFmpeg,CWE-MemorySafety,1,0,None,ACCEPT
devign_6709,qemu,CWE-MemorySafety,1,0,None,ACCEPT
devign_6711,qemu,CWE-MemorySafety,1,0,None,ACCEPT
devign_6712,qemu,CWE-MemorySafety,1,0,None,ACCEPT
devign_6713,qemu,CWE-MemorySafety,1,0,None,ACCEPT
devign_6714,FFmpeg,CWE-MemorySafety,0,0,None,ACCEPT
devign_6715,FFmpeg,CWE-MemorySafety,0,0,None,ACCEPT
devign_6716,FFmpeg,CWE-MemorySafety,0,0,None,ACCEPT
devign_6717,FFmpeg,CWE-MemorySafety,0,0,None,ACCEPT
devign_6718,FFmpeg,CWE-MemorySafety,0,0,None,ACCEPT
devign_6719,qemu,CWE-MemorySafety,0,0,None,ACCEPT
devign_6720,qemu,CWE-MemorySafety,0,0,None,ACCEPT
devign_6721,qemu,CWE-MemorySafety,0,0,None,ACCEPT
devign_6722,qemu,CWE-MemorySafety,0,0,None,ACCEPT
devign_6723,FFmpeg,CWE-MemorySafety,0,0,None,ACCEPT
devign_6724,qemu,CWE-MemorySafety,0,0,None,ACCEPT
devign_6725,qemu,CWE-MemorySafety,0,1,CWE-252: Unchecked Dynamic Allocation Return,REJECT
devign_6726,qemu,CWE-MemorySafety,0,0,None,ACCEPT
devign_6727,qemu,CWE-MemorySafety,0,0,None,ACCEPT
devign_6729,qemu,CWE-MemorySafety,0,0,None,ACCEPT
devign_6730,qemu,CWE-MemorySafety,0,0,None,ACCEPT
devign_6731,qemu,CWE-MemorySafety,0,0,None,ACCEPT
devign_6732,qemu,CWE-MemorySafety,0,0,None,ACCEPT
devign_6733,FFmpeg,CWE-MemorySafety,0,0,None,ACCEPT
devign_6734,qemu,CWE-MemorySafety,0,0,None,ACCEPT
devign_6735,qemu,CWE-MemorySafety,0,0,None,ACCEPT
devign_6736,qemu,CWE-MemorySafety,0,0,None,ACCEPT
devign_6737,qemu,CWE-MemorySafety,0,0,None,ACCEPT
devign_6738,qemu,CWE-MemorySafety,0,0,None,ACCEPT
devign_6739,qemu,CWE-MemorySafety,0,0,None,ACCEPT
devign_6740,qemu,CWE-MemorySafety,0,1,CWE-252: Unchecked Dynamic Allocation Return,REJECT
devign_6741,qemu,CWE-MemorySafety,0,0,None,ACCEPT
devign_6742,qemu,CWE-MemorySafety,0,0,None,ACCEPT
devign_6743,qemu,CWE-MemorySafety,0,0,None,ACCEPT
devign_6744,FFmpeg,CWE-MemorySafety,0,0,None,ACCEPT
devign_6745,qemu,CWE-MemorySafety,0,0,None,ACCEPT
devign_6747,qemu,CWE-MemorySafety,0,0,None,ACCEPT
devign_6748,qemu,CWE-MemorySafety,0,0,None,ACCEPT
devign_6749,qemu,CWE-MemorySafety,0,0,None,ACCEPT
devign_6750,qemu,CWE-MemorySafety,0,0,None,ACCEPT
devign_6751,qemu,CWE-MemorySafety,0,0,None,ACCEPT
devign_6752,qemu,CWE-MemorySafety,0,0,None,ACCEPT
devign_6753,FFmpeg,CWE-MemorySafety,0,0,None,ACCEPT
devign_6754,qemu,CWE-MemorySafety,1,1,CWE-120: Unbounded String Operation,REJECT
devign_6755,FFmpeg,CWE-MemorySafety,1,0,None,ACCEPT
devign_6756,qemu,CWE-MemorySafety,1,0,None,ACCEPT
devign_6758,qemu,CWE-MemorySafety,1,0,None,ACCEPT
devign_6759,qemu,CWE-MemorySafety,1,0,None,ACCEPT
devign_6760,qemu,CWE-MemorySafety,1,0,None,ACCEPT
devign_6761,FFmpeg,CWE-MemorySafety,1,0,None,ACCEPT
devign_6762,qemu,CWE-MemorySafety,1,0,None,ACCEPT
devign_6763,FFmpeg,CWE-MemorySafety,0,0,None,ACCEPT
devign_6764,FFmpeg,CWE-MemorySafety,0,1,CWE-252: Unchecked Dynamic Allocation Return,REJECT
devign_6765,FFmpeg,CWE-MemorySafety,0,0,None,ACCEPT
devign_6766,qemu,CWE-MemorySafety,1,0,None,ACCEPT
devign_6767,qemu,CWE-MemorySafety,1,0,None,ACCEPT
devign_6768,FFmpeg,CWE-MemorySafety,0,0,None,ACCEPT
devign_6769,qemu,CWE-MemorySafety,1,0,None,ACCEPT
devign_6770,qemu,CWE-MemorySafety,1,1,CWE-120: Unbounded String Operation | CWE-252: Unchecked Dynamic Allocation Return,REJECT
devign_6771,FFmpeg,CWE-MemorySafety,1,0,None,ACCEPT
devign_6772,FFmpeg,CWE-MemorySafety,1,0,None,ACCEPT
devign_6774,FFmpeg,CWE-MemorySafety,1,1,CWE-252: Unchecked Dynamic Allocation Return,REJECT
devign_6775,qemu,CWE-MemorySafety,1,0,None,ACCEPT
devign_6776,FFmpeg,CWE-MemorySafety,0,0,None,ACCEPT
devign_6777,FFmpeg,CWE-MemorySafety,1,0,None,ACCEPT
devign_6779,FFmpeg,CWE-MemorySafety,1,1,CWE-252: Unchecked Dynamic Allocation Return,REJECT
devign_6780,FFmpeg,CWE-MemorySafety,1,0,None,ACCEPT
devign_6781,FFmpeg,CWE-MemorySafety,1,0,None,ACCEPT
devign_6782,qemu,CWE-MemorySafety,1,0,None,ACCEPT
devign_6783,FFmpeg,CWE-MemorySafety,1,1,CWE-252: Unchecked Dynamic Allocation Return,REJECT
devign_6784,qemu,CWE-MemorySafety,1,1,CWE-252: Unchecked Dynamic Allocation Return,REJECT
devign_6785,qemu,CWE-MemorySafety,1,0,None,ACCEPT
devign_6786,qemu,CWE-MemorySafety,1,0,None,ACCEPT
devign_6787,FFmpeg,CWE-MemorySafety,1,0,None,ACCEPT
devign_6788,qemu,CWE-MemorySafety,1,0,None,ACCEPT
devign_6789,FFmpeg,CWE-MemorySafety,1,1,CWE-252: Unchecked Dynamic Allocation Return,REJECT
devign_6792,FFmpeg,CWE-MemorySafety,1,0,None,ACCEPT
devign_6794,FFmpeg,CWE-MemorySafety,1,0,None,ACCEPT
devign_6797,qemu,CWE-MemorySafety,1,0,None,ACCEPT
devign_6798,qemu,CWE-MemorySafety,1,0,None,ACCEPT
devign_6799,qemu,CWE-MemorySafety,1,0,None,ACCEPT
devign_6800,FFmpeg,CWE-MemorySafety,1,0,None,ACCEPT
devign_6801,qemu,CWE-MemorySafety,1,0,None,ACCEPT
devign_6804,qemu,CWE-MemorySafety,1,0,None,ACCEPT
devign_6805,FFmpeg,CWE-MemorySafety,1,0,None,ACCEPT
devign_6806,FFmpeg,CWE-MemorySafety,1,0,None,ACCEPT
devign_6807,qemu,CWE-MemorySafety,1,0,None,ACCEPT
devign_6810,FFmpeg,CWE-MemorySafety,0,0,None,ACCEPT
devign_6811,FFmpeg,CWE-MemorySafety,0,0,None,ACCEPT
devign_6813,FFmpeg,CWE-MemorySafety,0,1,CWE-252: Unchecked Dynamic Allocation Return,REJECT
devign_6814,FFmpeg,CWE-MemorySafety,0,0,None,ACCEPT
devign_6815,FFmpeg,CWE-MemorySafety,0,0,None,ACCEPT
devign_6816,FFmpeg,CWE-MemorySafety,1,1,CWE-252: Unchecked Dynamic Allocation Return,REJECT
devign_6817,FFmpeg,CWE-MemorySafety,1,0,None,ACCEPT
devign_6819,qemu,CWE-MemorySafety,1,0,None,ACCEPT
devign_6820,qemu,CWE-MemorySafety,1,0,None,ACCEPT
devign_6821,qemu,CWE-MemorySafety,1,0,None,ACCEPT
devign_6823,qemu,CWE-MemorySafety,1,0,None,ACCEPT
devign_6824,FFmpeg,CWE-MemorySafety,1,0,None,ACCEPT
devign_6825,FFmpeg,CWE-MemorySafety,1,0,None,ACCEPT
devign_6826,qemu,CWE-MemorySafety,1,1,CWE-252: Unchecked Dynamic Allocation Return,REJECT
devign_6827,FFmpeg,CWE-MemorySafety,1,0,None,ACCEPT
devign_6828,qemu,CWE-MemorySafety,1,1,CWE-120: Unbounded String Operation,REJECT
devign_6829,qemu,CWE-MemorySafety,1,0,None,ACCEPT
devign_6830,FFmpeg,CWE-MemorySafety,1,0,None,ACCEPT
devign_6831,FFmpeg,CWE-MemorySafety,1,0,None,ACCEPT
devign_6832,qemu,CWE-MemorySafety,1,0,None,ACCEPT
devign_6833,FFmpeg,CWE-MemorySafety,1,0,None,ACCEPT
devign_6834,qemu,CWE-MemorySafety,1,0,None,ACCEPT
devign_6836,qemu,CWE-MemorySafety,1,0,None,ACCEPT
devign_6838,qemu,CWE-MemorySafety,1,0,None,ACCEPT
devign_6839,FFmpeg,CWE-MemorySafety,1,0,None,ACCEPT
devign_6840,FFmpeg,CWE-MemorySafety,1,0,None,ACCEPT
devign_6841,FFmpeg,CWE-MemorySafety,1,0,None,ACCEPT
devign_6842,FFmpeg,CWE-MemorySafety,1,0,None,ACCEPT
devign_6843,FFmpeg,CWE-MemorySafety,1,0,None,ACCEPT
devign_6846,FFmpeg,CWE-MemorySafety,1,0,None,ACCEPT
devign_6847,FFmpeg,CWE-MemorySafety,1,0,None,ACCEPT
devign_6848,FFmpeg,CWE-MemorySafety,1,0,None,ACCEPT
devign_6850,FFmpeg,CWE-MemorySafety,0,0,None,ACCEPT
devign_6851,FFmpeg,CWE-MemorySafety,0,0,None,ACCEPT
devign_6852,FFmpeg,CWE-MemorySafety,0,0,None,ACCEPT
devign_6853,FFmpeg,CWE-MemorySafety,0,1,CWE-120: Unbounded String Operation,REJECT
devign_6854,FFmpeg,CWE-MemorySafety,0,0,None,ACCEPT
devign_6855,qemu,CWE-MemorySafety,1,1,CWE-120: Unbounded String Operation,REJECT
devign_6856,qemu,CWE-MemorySafety,1,0,None,ACCEPT
devign_6857,qemu,CWE-MemorySafety,1,0,None,ACCEPT
devign_6858,FFmpeg,CWE-MemorySafety,1,0,None,ACCEPT
devign_6859,FFmpeg,CWE-MemorySafety,1,0,None,ACCEPT
devign_6860,qemu,CWE-MemorySafety,1,0,None,ACCEPT
devign_6862,FFmpeg,CWE-MemorySafety,1,0,None,ACCEPT
devign_6863,qemu,CWE-MemorySafety,1,0,None,ACCEPT
devign_6864,qemu,CWE-MemorySafety,1,0,None,ACCEPT
devign_6866,qemu,CWE-MemorySafety,1,1,CWE-120: Unbounded String Operation,REJECT
devign_6867,FFmpeg,CWE-MemorySafety,0,0,None,ACCEPT
devign_6869,FFmpeg,CWE-MemorySafety,0,0,None,ACCEPT
devign_6871,qemu,CWE-MemorySafety,0,0,None,ACCEPT
devign_6872,qemu,CWE-MemorySafety,0,0,None,ACCEPT
devign_6873,qemu,CWE-MemorySafety,0,0,None,ACCEPT
devign_6874,qemu,CWE-MemorySafety,0,0,None,ACCEPT
devign_6875,qemu,CWE-MemorySafety,0,0,None,ACCEPT
devign_6876,qemu,CWE-MemorySafety,0,0,None,ACCEPT
devign_6877,qemu,CWE-MemorySafety,0,0,None,ACCEPT
devign_6878,qemu,CWE-MemorySafety,0,0,None,ACCEPT
devign_6879,qemu,CWE-MemorySafety,0,0,None,ACCEPT
devign_6880,qemu,CWE-MemorySafety,0,0,None,ACCEPT
devign_6882,qemu,CWE-MemorySafety,0,0,None,ACCEPT
devign_6884,qemu,CWE-MemorySafety,0,0,None,ACCEPT
devign_6887,qemu,CWE-MemorySafety,0,0,None,ACCEPT
devign_6888,FFmpeg,CWE-MemorySafety,1,0,None,ACCEPT
devign_6889,qemu,CWE-MemorySafety,1,0,None,ACCEPT
devign_6890,FFmpeg,CWE-MemorySafety,1,0,None,ACCEPT
devign_6891,qemu,CWE-MemorySafety,1,0,None,ACCEPT
devign_6893,FFmpeg,CWE-MemorySafety,1,0,None,ACCEPT
devign_6895,FFmpeg,CWE-MemorySafety,1,0,None,ACCEPT
devign_6896,FFmpeg,CWE-MemorySafety,1,0,None,ACCEPT
devign_6897,qemu,CWE-MemorySafety,1,0,None,ACCEPT
devign_6898,qemu,CWE-MemorySafety,1,0,None,ACCEPT
devign_6899,qemu,CWE-MemorySafety,1,0,None,ACCEPT
devign_6900,FFmpeg,CWE-MemorySafety,1,0,None,ACCEPT
devign_6901,qemu,CWE-MemorySafety,1,0,None,ACCEPT
devign_6903,FFmpeg,CWE-MemorySafety,0,0,None,ACCEPT
devign_6905,FFmpeg,CWE-MemorySafety,0,0,None,ACCEPT
devign_6906,FFmpeg,CWE-MemorySafety,1,0,None,ACCEPT
devign_6907,FFmpeg,CWE-MemorySafety,1,0,None,ACCEPT
devign_6908,qemu,CWE-MemorySafety,1,0,None,ACCEPT
devign_6909,FFmpeg,CWE-MemorySafety,1,0,None,ACCEPT
devign_6910,qemu,CWE-MemorySafety,1,0,None,ACCEPT
devign_6911,qemu,CWE-MemorySafety,1,0,None,ACCEPT
devign_6913,qemu,CWE-MemorySafety,1,0,None,ACCEPT
devign_6915,FFmpeg,CWE-MemorySafety,1,0,None,ACCEPT
devign_6917,qemu,CWE-MemorySafety,1,0,None,ACCEPT
devign_6919,qemu,CWE-MemorySafety,1,0,None,ACCEPT
devign_6920,FFmpeg,CWE-MemorySafety,1,0,None,ACCEPT
devign_6922,FFmpeg,CWE-MemorySafety,1,0,None,ACCEPT
devign_6923,qemu,CWE-MemorySafety,0,0,None,ACCEPT
devign_6924,qemu,CWE-MemorySafety,0,0,None,ACCEPT
devign_6927,qemu,CWE-MemorySafety,0,0,None,ACCEPT
devign_6928,qemu,CWE-MemorySafety,0,0,None,ACCEPT
devign_6929,qemu,CWE-MemorySafety,0,0,None,ACCEPT
devign_6930,qemu,CWE-MemorySafety,0,0,None,ACCEPT
devign_6931,qemu,CWE-MemorySafety,0,0,None,ACCEPT
devign_6932,FFmpeg,CWE-MemorySafety,0,0,None,ACCEPT
devign_6934,qemu,CWE-MemorySafety,0,0,None,ACCEPT
devign_6936,qemu,CWE-MemorySafety,0,0,None,ACCEPT
devign_6937,qemu,CWE-MemorySafety,0,0,None,ACCEPT
devign_6938,qemu,CWE-MemorySafety,0,0,None,ACCEPT
devign_6939,qemu,CWE-MemorySafety,0,0,None,ACCEPT
devign_6940,qemu,CWE-MemorySafety,0,0,None,ACCEPT
devign_6941,qemu,CWE-MemorySafety,0,0,None,ACCEPT
devign_6943,FFmpeg,CWE-MemorySafety,0,0,None,ACCEPT
devign_6944,qemu,CWE-MemorySafety,0,0,None,ACCEPT
devign_6945,qemu,CWE-MemorySafety,0,0,None,ACCEPT
devign_6946,qemu,CWE-MemorySafety,0,0,None,ACCEPT
devign_6947,qemu,CWE-MemorySafety,0,0,None,ACCEPT
devign_6948,qemu,CWE-MemorySafety,0,0,None,ACCEPT
devign_6949,qemu,CWE-MemorySafety,0,0,None,ACCEPT
devign_6950,qemu,CWE-MemorySafety,0,0,None,ACCEPT
devign_6951,qemu,CWE-MemorySafety,0,0,None,ACCEPT
devign_6952,qemu,CWE-MemorySafety,0,0,None,ACCEPT
devign_6953,qemu,CWE-MemorySafety,0,0,None,ACCEPT
devign_6954,qemu,CWE-MemorySafety,0,0,None,ACCEPT
devign_6955,FFmpeg,CWE-MemorySafety,0,0,None,ACCEPT
devign_6956,FFmpeg,CWE-MemorySafety,0,0,None,ACCEPT
devign_6957,FFmpeg,CWE-MemorySafety,0,0,None,ACCEPT
devign_6959,qemu,CWE-MemorySafety,0,1,CWE-252: Unchecked Dynamic Allocation Return,REJECT
devign_6960,qemu,CWE-MemorySafety,0,0,None,ACCEPT
devign_6961,qemu,CWE-MemorySafety,0,0,None,ACCEPT
devign_6962,qemu,CWE-MemorySafety,0,0,None,ACCEPT
devign_6963,qemu,CWE-MemorySafety,0,0,None,ACCEPT
devign_6964,qemu,CWE-MemorySafety,0,0,None,ACCEPT
devign_6966,qemu,CWE-MemorySafety,0,0,None,ACCEPT
devign_6967,qemu,CWE-MemorySafety,0,0,None,ACCEPT
devign_6968,FFmpeg,CWE-MemorySafety,0,0,None,ACCEPT
devign_6969,qemu,CWE-MemorySafety,0,0,None,ACCEPT
devign_6970,qemu,CWE-MemorySafety,0,0,None,ACCEPT
devign_6973,qemu,CWE-MemorySafety,0,0,None,ACCEPT
devign_6975,qemu,CWE-MemorySafety,0,0,None,ACCEPT
devign_6976,qemu,CWE-MemorySafety,0,0,None,ACCEPT
devign_6977,FFmpeg,CWE-MemorySafety,0,0,None,ACCEPT
devign_6978,qemu,CWE-MemorySafety,0,1,CWE-120: Unbounded String Operation,REJECT
devign_6979,qemu,CWE-MemorySafety,0,0,None,ACCEPT
devign_6980,qemu,CWE-MemorySafety,0,0,None,ACCEPT
devign_6982,qemu,CWE-MemorySafety,0,0,None,ACCEPT
devign_6984,qemu,CWE-MemorySafety,0,0,None,ACCEPT
devign_6985,qemu,CWE-MemorySafety,1,0,None,ACCEPT
devign_6986,qemu,CWE-MemorySafety,1,0,None,ACCEPT
devign_6987,FFmpeg,CWE-MemorySafety,1,0,None,ACCEPT
devign_6988,qemu,CWE-MemorySafety,1,0,None,ACCEPT
devign_6989,FFmpeg,CWE-MemorySafety,1,0,None,ACCEPT
devign_6990,qemu,CWE-MemorySafety,1,0,None,ACCEPT
devign_6992,FFmpeg,CWE-MemorySafety,1,0,None,ACCEPT
devign_6993,qemu,CWE-MemorySafety,1,0,None,ACCEPT
devign_6994,qemu,CWE-MemorySafety,1,0,None,ACCEPT
devign_6995,qemu,CWE-MemorySafety,1,0,None,ACCEPT
devign_6997,qemu,CWE-MemorySafety,1,0,None,ACCEPT
devign_6998,qemu,CWE-MemorySafety,1,0,None,ACCEPT
devign_7000,qemu,CWE-MemorySafety,1,0,None,ACCEPT
devign_7002,FFmpeg,CWE-MemorySafety,0,0,None,ACCEPT
devign_7003,FFmpeg,CWE-MemorySafety,0,0,None,ACCEPT
devign_7004,FFmpeg,CWE-MemorySafety,0,0,None,ACCEPT
devign_7005,qemu,CWE-MemorySafety,1,1,CWE-252: Unchecked Dynamic Allocation Return,REJECT
devign_7006,FFmpeg,CWE-MemorySafety,1,0,None,ACCEPT
devign_7007,FFmpeg,CWE-MemorySafety,1,0,None,ACCEPT
devign_7008,qemu,CWE-MemorySafety,1,0,None,ACCEPT
devign_7009,FFmpeg,CWE-MemorySafety,1,0,None,ACCEPT
devign_7010,qemu,CWE-MemorySafety,1,0,None,ACCEPT
devign_7011,qemu,CWE-MemorySafety,1,0,None,ACCEPT
devign_7012,FFmpeg,CWE-MemorySafety,1,0,None,ACCEPT
devign_7013,qemu,CWE-MemorySafety,1,0,None,ACCEPT
devign_7014,FFmpeg,CWE-MemorySafety,1,0,None,ACCEPT
devign_7015,FFmpeg,CWE-MemorySafety,0,0,None,ACCEPT
devign_7016,FFmpeg,CWE-MemorySafety,1,0,None,ACCEPT
devign_7017,FFmpeg,CWE-MemorySafety,1,0,None,ACCEPT
devign_7019,qemu,CWE-MemorySafety,1,0,None,ACCEPT
devign_7021,FFmpeg,CWE-MemorySafety,0,0,None,ACCEPT
devign_7022,FFmpeg,CWE-MemorySafety,0,0,None,ACCEPT
devign_7023,FFmpeg,CWE-MemorySafety,0,0,None,ACCEPT
devign_7024,FFmpeg,CWE-MemorySafety,1,0,None,ACCEPT
devign_7027,qemu,CWE-MemorySafety,1,0,None,ACCEPT
devign_7028,FFmpeg,CWE-MemorySafety,1,0,None,ACCEPT
devign_7029,FFmpeg,CWE-MemorySafety,0,0,None,ACCEPT
devign_7030,FFmpeg,CWE-MemorySafety,0,0,None,ACCEPT
devign_7031,FFmpeg,CWE-MemorySafety,0,0,None,ACCEPT
devign_7032,FFmpeg,CWE-MemorySafety,0,0,None,ACCEPT
devign_7033,qemu,CWE-MemorySafety,0,0,None,ACCEPT
devign_7034,qemu,CWE-MemorySafety,0,0,None,ACCEPT
devign_7035,qemu,CWE-MemorySafety,0,0,None,ACCEPT
devign_7036,qemu,CWE-MemorySafety,0,0,None,ACCEPT
devign_7037,qemu,CWE-MemorySafety,0,0,None,ACCEPT
devign_7038,qemu,CWE-MemorySafety,0,0,None,ACCEPT
devign_7039,FFmpeg,CWE-MemorySafety,0,0,None,ACCEPT
devign_7040,qemu,CWE-MemorySafety,0,0,None,ACCEPT
devign_7041,qemu,CWE-MemorySafety,0,0,None,ACCEPT
devign_7042,qemu,CWE-MemorySafety,0,0,None,ACCEPT
devign_7043,qemu,CWE-MemorySafety,0,0,None,ACCEPT
devign_7044,qemu,CWE-MemorySafety,0,0,None,ACCEPT
devign_7045,qemu,CWE-MemorySafety,0,0,None,ACCEPT
devign_7046,qemu,CWE-MemorySafety,0,0,None,ACCEPT
devign_7047,FFmpeg,CWE-MemorySafety,0,0,None,ACCEPT
devign_7048,qemu,CWE-MemorySafety,0,0,None,ACCEPT
devign_7049,qemu,CWE-MemorySafety,0,0,None,ACCEPT
devign_7050,qemu,CWE-MemorySafety,0,0,None,ACCEPT
devign_7052,qemu,CWE-MemorySafety,0,0,None,ACCEPT
devign_7054,FFmpeg,CWE-MemorySafety,0,0,None,ACCEPT
devign_7055,FFmpeg,CWE-MemorySafety,0,0,None,ACCEPT
devign_7056,qemu,CWE-MemorySafety,1,0,None,ACCEPT
devign_7057,FFmpeg,CWE-MemorySafety,1,0,None,ACCEPT
devign_7058,qemu,CWE-MemorySafety,1,0,None,ACCEPT
devign_7059,qemu,CWE-MemorySafety,1,0,None,ACCEPT
devign_7062,qemu,CWE-MemorySafety,1,0,None,ACCEPT
devign_7064,qemu,CWE-MemorySafety,1,0,None,ACCEPT
devign_7065,qemu,CWE-MemorySafety,1,0,None,ACCEPT
devign_7066,qemu,CWE-MemorySafety,1,0,None,ACCEPT
devign_7067,FFmpeg,CWE-MemorySafety,1,0,None,ACCEPT
devign_7068,FFmpeg,CWE-MemorySafety,0,0,None,ACCEPT
devign_7070,FFmpeg,CWE-MemorySafety,0,1,CWE-252: Unchecked Dynamic Allocation Return,REJECT
devign_7071,FFmpeg,CWE-MemorySafety,0,0,None,ACCEPT
devign_7072,FFmpeg,CWE-MemorySafety,0,0,None,ACCEPT
devign_7073,FFmpeg,CWE-MemorySafety,0,0,None,ACCEPT
devign_7074,FFmpeg,CWE-MemorySafety,0,0,None,ACCEPT
devign_7075,FFmpeg,CWE-MemorySafety,0,0,None,ACCEPT
devign_7076,FFmpeg,CWE-MemorySafety,0,0,None,ACCEPT
devign_7077,FFmpeg,CWE-MemorySafety,1,0,None,ACCEPT
devign_7078,qemu,CWE-MemorySafety,1,0,None,ACCEPT
devign_7079,qemu,CWE-MemorySafety,1,0,None,ACCEPT
devign_7080,FFmpeg,CWE-MemorySafety,1,0,None,ACCEPT
devign_7081,FFmpeg,CWE-MemorySafety,1,0,None,ACCEPT
devign_7083,FFmpeg,CWE-MemorySafety,0,0,None,ACCEPT
devign_7084,FFmpeg,CWE-MemorySafety,0,0,None,ACCEPT
devign_7085,FFmpeg,CWE-MemorySafety,0,0,None,ACCEPT
devign_7086,FFmpeg,CWE-MemorySafety,0,0,None,ACCEPT
devign_7087,FFmpeg,CWE-MemorySafety,1,0,None,ACCEPT
devign_7088,qemu,CWE-MemorySafety,1,0,None,ACCEPT
devign_7089,qemu,CWE-MemorySafety,1,0,None,ACCEPT
devign_7090,qemu,CWE-MemorySafety,1,0,None,ACCEPT
devign_7091,FFmpeg,CWE-MemorySafety,1,0,None,ACCEPT
devign_7092,FFmpeg,CWE-MemorySafety,1,0,None,ACCEPT
devign_7093,qemu,CWE-MemorySafety,1,0,None,ACCEPT
devign_7094,qemu,CWE-MemorySafety,1,0,None,ACCEPT
devign_7095,qemu,CWE-MemorySafety,1,1,CWE-120: Unbounded String Operation,REJECT
devign_7096,qemu,CWE-MemorySafety,1,1,CWE-252: Unchecked Dynamic Allocation Return,REJECT
devign_7097,FFmpeg,CWE-MemorySafety,1,0,None,ACCEPT
devign_7098,FFmpeg,CWE-MemorySafety,1,0,None,ACCEPT
devign_7100,qemu,CWE-MemorySafety,1,0,None,ACCEPT
devign_7101,FFmpeg,CWE-MemorySafety,1,0,None,ACCEPT
devign_7102,FFmpeg,CWE-MemorySafety,1,1,CWE-252: Unchecked Dynamic Allocation Return,REJECT
devign_7104,FFmpeg,CWE-MemorySafety,0,0,None,ACCEPT
devign_7105,FFmpeg,CWE-MemorySafety,0,0,None,ACCEPT
devign_7106,FFmpeg,CWE-MemorySafety,0,0,None,ACCEPT
devign_7107,FFmpeg,CWE-MemorySafety,1,0,None,ACCEPT
devign_7108,qemu,CWE-MemorySafety,1,0,None,ACCEPT
devign_7109,qemu,CWE-MemorySafety,1,0,None,ACCEPT
devign_7111,FFmpeg,CWE-MemorySafety,1,0,None,ACCEPT
devign_7112,FFmpeg,CWE-MemorySafety,1,0,None,ACCEPT
devign_7113,qemu,CWE-MemorySafety,1,0,None,ACCEPT
devign_7116,qemu,CWE-MemorySafety,0,0,None,ACCEPT
devign_7118,qemu,CWE-MemorySafety,0,0,None,ACCEPT
devign_7119,qemu,CWE-MemorySafety,0,0,None,ACCEPT
devign_7124,qemu,CWE-MemorySafety,0,0,None,ACCEPT
devign_7128,qemu,CWE-MemorySafety,0,0,None,ACCEPT
devign_7129,qemu,CWE-MemorySafety,0,0,None,ACCEPT
devign_7130,qemu,CWE-MemorySafety,0,0,None,ACCEPT
devign_7131,qemu,CWE-MemorySafety,0,0,None,ACCEPT
devign_7132,qemu,CWE-MemorySafety,0,0,None,ACCEPT
devign_7133,FFmpeg,CWE-MemorySafety,0,0,None,ACCEPT
devign_7135,qemu,CWE-MemorySafety,0,0,None,ACCEPT
devign_7136,FFmpeg,CWE-MemorySafety,1,0,None,ACCEPT
devign_7137,qemu,CWE-MemorySafety,1,1,CWE-252: Unchecked Dynamic Allocation Return,REJECT
devign_7138,qemu,CWE-MemorySafety,1,0,None,ACCEPT
devign_7139,qemu,CWE-MemorySafety,1,0,None,ACCEPT
devign_7140,qemu,CWE-MemorySafety,1,0,None,ACCEPT
devign_7141,FFmpeg,CWE-MemorySafety,1,0,None,ACCEPT
devign_7142,FFmpeg,CWE-MemorySafety,0,0,None,ACCEPT
devign_7144,FFmpeg,CWE-MemorySafety,0,0,None,ACCEPT
devign_7145,FFmpeg,CWE-MemorySafety,0,0,None,ACCEPT
devign_7146,FFmpeg,CWE-MemorySafety,0,0,None,ACCEPT
devign_7147,FFmpeg,CWE-MemorySafety,1,0,None,ACCEPT
devign_7148,FFmpeg,CWE-MemorySafety,1,0,None,ACCEPT
devign_7149,qemu,CWE-MemorySafety,1,0,None,ACCEPT
devign_7150,qemu,CWE-MemorySafety,1,0,None,ACCEPT
devign_7151,FFmpeg,CWE-MemorySafety,0,0,None,ACCEPT
devign_7152,FFmpeg,CWE-MemorySafety,0,0,None,ACCEPT
devign_7153,FFmpeg,CWE-MemorySafety,0,1,CWE-252: Unchecked Dynamic Allocation Return,REJECT
devign_7154,qemu,CWE-MemorySafety,1,0,None,ACCEPT
devign_7157,qemu,CWE-MemorySafety,1,0,None,ACCEPT
devign_7158,qemu,CWE-MemorySafety,1,0,None,ACCEPT
devign_7159,qemu,CWE-MemorySafety,1,0,None,ACCEPT
devign_7160,FFmpeg,CWE-MemorySafety,1,0,None,ACCEPT
devign_7162,qemu,CWE-MemorySafety,1,0,None,ACCEPT
devign_7164,FFmpeg,CWE-MemorySafety,1,0,None,ACCEPT
devign_7166,qemu,CWE-MemorySafety,1,0,None,ACCEPT
devign_7168,FFmpeg,CWE-MemorySafety,1,0,None,ACCEPT
devign_7169,FFmpeg,CWE-MemorySafety,1,0,None,ACCEPT
devign_7170,FFmpeg,CWE-MemorySafety,1,0,None,ACCEPT
devign_7172,qemu,CWE-MemorySafety,1,0,None,ACCEPT
devign_7173,qemu,CWE-MemorySafety,1,1,CWE-252: Unchecked Dynamic Allocation Return,REJECT
devign_7175,qemu,CWE-MemorySafety,0,0,None,ACCEPT
devign_7176,qemu,CWE-MemorySafety,0,0,None,ACCEPT
devign_7177,qemu,CWE-MemorySafety,0,0,None,ACCEPT
devign_7178,qemu,CWE-MemorySafety,0,0,None,ACCEPT
devign_7179,FFmpeg,CWE-MemorySafety,0,0,None,ACCEPT
devign_7180,qemu,CWE-MemorySafety,0,0,None,ACCEPT
devign_7181,qemu,CWE-MemorySafety,0,0,None,ACCEPT
devign_7183,qemu,CWE-MemorySafety,0,0,None,ACCEPT
devign_7184,qemu,CWE-MemorySafety,0,0,None,ACCEPT
devign_7185,qemu,CWE-MemorySafety,0,0,None,ACCEPT
devign_7186,qemu,CWE-MemorySafety,0,0,None,ACCEPT
devign_7187,qemu,CWE-MemorySafety,0,0,None,ACCEPT
devign_7189,qemu,CWE-MemorySafety,0,0,None,ACCEPT
devign_7190,qemu,CWE-MemorySafety,0,0,None,ACCEPT
devign_7191,qemu,CWE-MemorySafety,0,0,None,ACCEPT
devign_7192,qemu,CWE-MemorySafety,0,0,None,ACCEPT
devign_7193,qemu,CWE-MemorySafety,0,0,None,ACCEPT
devign_7195,qemu,CWE-MemorySafety,0,0,None,ACCEPT
devign_7196,qemu,CWE-MemorySafety,0,0,None,ACCEPT
devign_7197,qemu,CWE-MemorySafety,0,0,None,ACCEPT
devign_7199,qemu,CWE-MemorySafety,0,0,None,ACCEPT
devign_7200,qemu,CWE-MemorySafety,0,0,None,ACCEPT
devign_7201,qemu,CWE-MemorySafety,0,0,None,ACCEPT
devign_7202,qemu,CWE-MemorySafety,0,0,None,ACCEPT
devign_7203,qemu,CWE-MemorySafety,0,0,None,ACCEPT
devign_7204,qemu,CWE-MemorySafety,0,0,None,ACCEPT
devign_7206,qemu,CWE-MemorySafety,0,0,None,ACCEPT
devign_7207,FFmpeg,CWE-MemorySafety,0,0,None,ACCEPT
devign_7208,qemu,CWE-MemorySafety,0,0,None,ACCEPT
devign_7210,qemu,CWE-MemorySafety,0,0,None,ACCEPT
devign_7211,qemu,CWE-MemorySafety,0,0,None,ACCEPT
devign_7212,qemu,CWE-MemorySafety,0,0,None,ACCEPT
devign_7213,qemu,CWE-MemorySafety,0,0,None,ACCEPT
devign_7214,qemu,CWE-MemorySafety,0,0,None,ACCEPT
devign_7215,qemu,CWE-MemorySafety,0,0,None,ACCEPT
devign_7217,qemu,CWE-MemorySafety,0,0,None,ACCEPT
devign_7218,qemu,CWE-MemorySafety,0,0,None,ACCEPT
devign_7219,qemu,CWE-MemorySafety,0,1,CWE-252: Unchecked Dynamic Allocation Return,REJECT
devign_7220,qemu,CWE-MemorySafety,0,0,None,ACCEPT
devign_7221,qemu,CWE-MemorySafety,0,0,None,ACCEPT
devign_7223,qemu,CWE-MemorySafety,0,0,None,ACCEPT
devign_7224,qemu,CWE-MemorySafety,0,0,None,ACCEPT
devign_7225,FFmpeg,CWE-MemorySafety,0,0,None,ACCEPT
devign_7226,FFmpeg,CWE-MemorySafety,0,0,None,ACCEPT
devign_7228,qemu,CWE-MemorySafety,0,0,None,ACCEPT
devign_7232,qemu,CWE-MemorySafety,0,0,None,ACCEPT
devign_7233,qemu,CWE-MemorySafety,0,0,None,ACCEPT
devign_7235,qemu,CWE-MemorySafety,0,0,None,ACCEPT
devign_7236,qemu,CWE-MemorySafety,0,0,None,ACCEPT
devign_7237,qemu,CWE-MemorySafety,0,0,None,ACCEPT
devign_7238,qemu,CWE-MemorySafety,0,0,None,ACCEPT
devign_7239,FFmpeg,CWE-MemorySafety,0,0,None,ACCEPT
devign_7241,qemu,CWE-MemorySafety,0,0,None,ACCEPT
devign_7242,qemu,CWE-MemorySafety,0,0,None,ACCEPT
devign_7243,qemu,CWE-MemorySafety,0,0,None,ACCEPT
devign_7244,qemu,CWE-MemorySafety,0,0,None,ACCEPT
devign_7246,qemu,CWE-MemorySafety,0,0,None,ACCEPT
devign_7248,qemu,CWE-MemorySafety,0,0,None,ACCEPT
devign_7249,qemu,CWE-MemorySafety,1,1,CWE-252: Unchecked Dynamic Allocation Return,REJECT
devign_7252,FFmpeg,CWE-MemorySafety,1,0,None,ACCEPT
devign_7253,qemu,CWE-MemorySafety,1,0,None,ACCEPT
devign_7255,qemu,CWE-MemorySafety,1,0,None,ACCEPT
devign_7256,FFmpeg,CWE-MemorySafety,1,0,None,ACCEPT
devign_7257,FFmpeg,CWE-MemorySafety,1,0,None,ACCEPT
devign_7258,qemu,CWE-MemorySafety,1,0,None,ACCEPT
devign_7259,FFmpeg,CWE-MemorySafety,0,1,CWE-252: Unchecked Dynamic Allocation Return,REJECT
devign_7260,qemu,CWE-MemorySafety,1,0,None,ACCEPT
devign_7261,qemu,CWE-MemorySafety,1,0,None,ACCEPT
devign_7263,qemu,CWE-MemorySafety,1,0,None,ACCEPT
devign_7264,qemu,CWE-MemorySafety,1,0,None,ACCEPT
devign_7265,FFmpeg,CWE-MemorySafety,1,0,None,ACCEPT
devign_7267,FFmpeg,CWE-MemorySafety,1,0,None,ACCEPT
devign_7268,FFmpeg,CWE-MemorySafety,1,0,None,ACCEPT
devign_7269,FFmpeg,CWE-MemorySafety,1,0,None,ACCEPT
devign_7270,FFmpeg,CWE-MemorySafety,1,1,CWE-252: Unchecked Dynamic Allocation Return,REJECT
devign_7272,qemu,CWE-MemorySafety,1,0,None,ACCEPT
devign_7274,qemu,CWE-MemorySafety,0,0,None,ACCEPT
devign_7277,qemu,CWE-MemorySafety,0,0,None,ACCEPT
devign_7278,qemu,CWE-MemorySafety,0,0,None,ACCEPT
devign_7279,qemu,CWE-MemorySafety,0,0,None,ACCEPT
devign_7281,qemu,CWE-MemorySafety,0,0,None,ACCEPT
devign_7282,qemu,CWE-MemorySafety,0,0,None,ACCEPT
devign_7283,qemu,CWE-MemorySafety,0,0,None,ACCEPT
devign_7285,qemu,CWE-MemorySafety,0,0,None,ACCEPT
devign_7286,qemu,CWE-MemorySafety,0,0,None,ACCEPT
devign_7287,qemu,CWE-MemorySafety,0,0,None,ACCEPT
devign_7289,qemu,CWE-MemorySafety,0,0,None,ACCEPT
devign_7290,qemu,CWE-MemorySafety,0,0,None,ACCEPT
devign_7291,qemu,CWE-MemorySafety,0,0,None,ACCEPT
devign_7292,qemu,CWE-MemorySafety,0,0,None,ACCEPT
devign_7293,qemu,CWE-MemorySafety,0,0,None,ACCEPT
devign_7294,qemu,CWE-MemorySafety,0,0,None,ACCEPT
devign_7296,qemu,CWE-MemorySafety,0,0,None,ACCEPT
devign_7299,FFmpeg,CWE-MemorySafety,0,0,None,ACCEPT
devign_7300,qemu,CWE-MemorySafety,0,0,None,ACCEPT
devign_7301,qemu,CWE-MemorySafety,0,0,None,ACCEPT
devign_7303,qemu,CWE-MemorySafety,0,0,None,ACCEPT
devign_7305,qemu,CWE-MemorySafety,0,0,None,ACCEPT
devign_7307,qemu,CWE-MemorySafety,0,0,None,ACCEPT
devign_7308,qemu,CWE-MemorySafety,0,0,None,ACCEPT
devign_7311,qemu,CWE-MemorySafety,1,0,None,ACCEPT
devign_7312,qemu,CWE-MemorySafety,1,0,None,ACCEPT
devign_7314,FFmpeg,CWE-MemorySafety,1,0,None,ACCEPT
devign_7317,qemu,CWE-MemorySafety,1,0,None,ACCEPT
devign_7318,qemu,CWE-MemorySafety,1,0,None,ACCEPT
devign_7319,FFmpeg,CWE-MemorySafety,1,0,None,ACCEPT
devign_7320,qemu,CWE-MemorySafety,1,0,None,ACCEPT
devign_7321,qemu,CWE-MemorySafety,1,0,None,ACCEPT
devign_7322,FFmpeg,CWE-MemorySafety,0,1,CWE-252: Unchecked Dynamic Allocation Return,REJECT
devign_7323,qemu,CWE-MemorySafety,1,0,None,ACCEPT
devign_7325,FFmpeg,CWE-MemorySafety,1,0,None,ACCEPT
devign_7326,FFmpeg,CWE-MemorySafety,1,0,None,ACCEPT
devign_7327,qemu,CWE-MemorySafety,1,0,None,ACCEPT
devign_7328,FFmpeg,CWE-MemorySafety,0,0,None,ACCEPT
devign_7329,FFmpeg,CWE-MemorySafety,0,0,None,ACCEPT
devign_7330,FFmpeg,CWE-MemorySafety,0,0,None,ACCEPT
devign_7332,qemu,CWE-MemorySafety,1,0,None,ACCEPT
devign_7333,qemu,CWE-MemorySafety,1,0,None,ACCEPT
devign_7334,FFmpeg,CWE-MemorySafety,1,0,None,ACCEPT
devign_7335,FFmpeg,CWE-MemorySafety,0,0,None,ACCEPT
devign_7336,FFmpeg,CWE-MemorySafety,0,0,None,ACCEPT
devign_7337,FFmpeg,CWE-MemorySafety,0,0,None,ACCEPT
devign_7338,FFmpeg,CWE-MemorySafety,0,0,None,ACCEPT
devign_7339,FFmpeg,CWE-MemorySafety,0,0,None,ACCEPT
devign_7340,FFmpeg,CWE-MemorySafety,0,0,None,ACCEPT
devign_7342,FFmpeg,CWE-MemorySafety,0,0,None,ACCEPT
devign_7343,FFmpeg,CWE-MemorySafety,1,0,None,ACCEPT
devign_7345,FFmpeg,CWE-MemorySafety,1,0,None,ACCEPT
devign_7346,FFmpeg,CWE-MemorySafety,1,0,None,ACCEPT
devign_7347,FFmpeg,CWE-MemorySafety,1,0,None,ACCEPT
devign_7349,qemu,CWE-MemorySafety,1,0,None,ACCEPT
devign_7350,FFmpeg,CWE-MemorySafety,0,0,None,ACCEPT
devign_7351,FFmpeg,CWE-MemorySafety,0,1,CWE-252: Unchecked Dynamic Allocation Return,REJECT
devign_7352,FFmpeg,CWE-MemorySafety,0,0,None,ACCEPT
devign_7353,FFmpeg,CWE-MemorySafety,0,0,None,ACCEPT
devign_7354,FFmpeg,CWE-MemorySafety,0,0,None,ACCEPT
devign_7355,FFmpeg,CWE-MemorySafety,0,0,None,ACCEPT
devign_7356,FFmpeg,CWE-MemorySafety,0,0,None,ACCEPT
devign_7357,qemu,CWE-MemorySafety,1,0,None,ACCEPT
devign_7358,qemu,CWE-MemorySafety,1,0,None,ACCEPT
devign_7360,FFmpeg,CWE-MemorySafety,1,0,None,ACCEPT
devign_7361,FFmpeg,CWE-MemorySafety,1,0,None,ACCEPT
devign_7362,FFmpeg,CWE-MemorySafety,1,0,None,ACCEPT
devign_7363,qemu,CWE-MemorySafety,1,0,None,ACCEPT
devign_7364,FFmpeg,CWE-MemorySafety,0,0,None,ACCEPT
devign_7365,qemu,CWE-MemorySafety,1,0,None,ACCEPT
devign_7366,FFmpeg,CWE-MemorySafety,1,0,None,ACCEPT
devign_7368,qemu,CWE-MemorySafety,1,0,None,ACCEPT
devign_7370,FFmpeg,CWE-MemorySafety,1,0,None,ACCEPT
devign_7372,FFmpeg,CWE-MemorySafety,1,0,None,ACCEPT
devign_7373,qemu,CWE-MemorySafety,1,0,None,ACCEPT
devign_7374,qemu,CWE-MemorySafety,1,0,None,ACCEPT
devign_7375,FFmpeg,CWE-MemorySafety,1,0,None,ACCEPT
devign_7376,qemu,CWE-MemorySafety,1,0,None,ACCEPT
devign_7377,qemu,CWE-MemorySafety,1,0,None,ACCEPT
devign_7380,FFmpeg,CWE-MemorySafety,1,0,None,ACCEPT
devign_7381,FFmpeg,CWE-MemorySafety,1,0,None,ACCEPT
devign_7382,qemu,CWE-MemorySafety,1,0,None,ACCEPT
devign_7383,FFmpeg,CWE-MemorySafety,1,0,None,ACCEPT
devign_7384,qemu,CWE-MemorySafety,1,0,None,ACCEPT
devign_7385,qemu,CWE-MemorySafety,1,0,None,ACCEPT
devign_7386,qemu,CWE-MemorySafety,1,0,None,ACCEPT
devign_7387,qemu,CWE-MemorySafety,1,0,None,ACCEPT
devign_7389,qemu,CWE-MemorySafety,1,0,None,ACCEPT
devign_7390,FFmpeg,CWE-MemorySafety,1,0,None,ACCEPT
devign_7391,FFmpeg,CWE-MemorySafety,1,0,None,ACCEPT
devign_7393,qemu,CWE-MemorySafety,1,0,None,ACCEPT
devign_7394,FFmpeg,CWE-MemorySafety,1,0,None,ACCEPT
devign_7395,FFmpeg,CWE-MemorySafety,1,0,None,ACCEPT
devign_7396,qemu,CWE-MemorySafety,1,0,None,ACCEPT
devign_7397,FFmpeg,CWE-MemorySafety,1,0,None,ACCEPT
devign_7398,qemu,CWE-MemorySafety,1,0,None,ACCEPT
devign_7399,qemu,CWE-MemorySafety,1,0,None,ACCEPT
devign_7400,qemu,CWE-MemorySafety,1,0,None,ACCEPT
devign_7401,FFmpeg,CWE-MemorySafety,0,0,None,ACCEPT
devign_7403,qemu,CWE-MemorySafety,1,0,None,ACCEPT
devign_7405,qemu,CWE-MemorySafety,1,0,None,ACCEPT
devign_7406,FFmpeg,CWE-MemorySafety,1,0,None,ACCEPT
devign_7407,FFmpeg,CWE-MemorySafety,1,0,None,ACCEPT
devign_7408,qemu,CWE-MemorySafety,1,0,None,ACCEPT
devign_7411,qemu,CWE-MemorySafety,0,0,None,ACCEPT
devign_7412,qemu,CWE-MemorySafety,0,0,None,ACCEPT
devign_7413,qemu,CWE-MemorySafety,0,0,None,ACCEPT
devign_7414,qemu,CWE-MemorySafety,0,0,None,ACCEPT
devign_7415,qemu,CWE-MemorySafety,0,0,None,ACCEPT
devign_7416,qemu,CWE-MemorySafety,0,0,None,ACCEPT
devign_7418,FFmpeg,CWE-MemorySafety,0,0,None,ACCEPT
devign_7419,qemu,CWE-MemorySafety,0,0,None,ACCEPT
devign_7420,qemu,CWE-MemorySafety,0,1,CWE-120: Unbounded String Operation | CWE-252: Unchecked Dynamic Allocation Return,REJECT
devign_7421,qemu,CWE-MemorySafety,0,0,None,ACCEPT
devign_7422,qemu,CWE-MemorySafety,0,0,None,ACCEPT
devign_7423,qemu,CWE-MemorySafety,0,0,None,ACCEPT
devign_7424,qemu,CWE-MemorySafety,0,0,None,ACCEPT
devign_7425,qemu,CWE-MemorySafety,0,0,None,ACCEPT
devign_7426,FFmpeg,CWE-MemorySafety,0,0,None,ACCEPT
devign_7427,qemu,CWE-MemorySafety,1,0,None,ACCEPT
devign_7428,FFmpeg,CWE-MemorySafety,1,0,None,ACCEPT
devign_7429,qemu,CWE-MemorySafety,1,0,None,ACCEPT
devign_7430,FFmpeg,CWE-MemorySafety,1,0,None,ACCEPT
devign_7431,FFmpeg,CWE-MemorySafety,1,0,None,ACCEPT
devign_7432,FFmpeg,CWE-MemorySafety,1,0,None,ACCEPT
devign_7435,FFmpeg,CWE-MemorySafety,1,0,None,ACCEPT
devign_7436,FFmpeg,CWE-MemorySafety,0,0,None,ACCEPT
devign_7437,FFmpeg,CWE-MemorySafety,0,0,None,ACCEPT
devign_7438,FFmpeg,CWE-MemorySafety,0,0,None,ACCEPT
devign_7439,FFmpeg,CWE-MemorySafety,0,0,None,ACCEPT
devign_7440,FFmpeg,CWE-MemorySafety,0,0,None,ACCEPT
devign_7441,FFmpeg,CWE-MemorySafety,0,0,None,ACCEPT
devign_7442,qemu,CWE-MemorySafety,0,0,None,ACCEPT
devign_7444,qemu,CWE-MemorySafety,0,0,None,ACCEPT
devign_7445,qemu,CWE-MemorySafety,0,0,None,ACCEPT
devign_7446,qemu,CWE-MemorySafety,0,0,None,ACCEPT
devign_7447,qemu,CWE-MemorySafety,0,0,None,ACCEPT
devign_7448,qemu,CWE-MemorySafety,0,0,None,ACCEPT
devign_7449,qemu,CWE-MemorySafety,0,0,None,ACCEPT
devign_7450,qemu,CWE-MemorySafety,0,0,None,ACCEPT
devign_7451,qemu,CWE-MemorySafety,0,0,None,ACCEPT
devign_7452,qemu,CWE-MemorySafety,0,0,None,ACCEPT
devign_7454,qemu,CWE-MemorySafety,0,0,None,ACCEPT
devign_7455,qemu,CWE-MemorySafety,0,0,None,ACCEPT
devign_7456,qemu,CWE-MemorySafety,0,0,None,ACCEPT
devign_7458,qemu,CWE-MemorySafety,0,0,None,ACCEPT
devign_7459,qemu,CWE-MemorySafety,0,0,None,ACCEPT
devign_7460,qemu,CWE-MemorySafety,0,1,CWE-120: Unbounded String Operation,REJECT
devign_7461,qemu,CWE-MemorySafety,0,0,None,ACCEPT
devign_7462,qemu,CWE-MemorySafety,0,0,None,ACCEPT
devign_7463,qemu,CWE-MemorySafety,0,0,None,ACCEPT
devign_7464,qemu,CWE-MemorySafety,0,0,None,ACCEPT
devign_7465,FFmpeg,CWE-MemorySafety,1,0,None,ACCEPT
devign_7466,qemu,CWE-MemorySafety,1,0,None,ACCEPT
devign_7468,qemu,CWE-MemorySafety,1,1,CWE-252: Unchecked Dynamic Allocation Return,REJECT
devign_7469,FFmpeg,CWE-MemorySafety,1,0,None,ACCEPT
devign_7470,qemu,CWE-MemorySafety,1,0,None,ACCEPT
devign_7471,qemu,CWE-MemorySafety,1,0,None,ACCEPT
devign_7472,FFmpeg,CWE-MemorySafety,1,0,None,ACCEPT
devign_7474,FFmpeg,CWE-MemorySafety,1,0,None,ACCEPT
devign_7475,FFmpeg,CWE-MemorySafety,1,1,CWE-252: Unchecked Dynamic Allocation Return,REJECT
devign_7476,FFmpeg,CWE-MemorySafety,1,0,None,ACCEPT
devign_7477,qemu,CWE-MemorySafety,1,1,CWE-252: Unchecked Dynamic Allocation Return,REJECT
devign_7479,qemu,CWE-MemorySafety,1,0,None,ACCEPT
devign_7480,FFmpeg,CWE-MemorySafety,1,0,None,ACCEPT
devign_7481,qemu,CWE-MemorySafety,1,0,None,ACCEPT
devign_7483,FFmpeg,CWE-MemorySafety,1,0,None,ACCEPT
devign_7484,qemu,CWE-MemorySafety,1,0,None,ACCEPT
devign_7485,qemu,CWE-MemorySafety,1,0,None,ACCEPT
devign_7486,qemu,CWE-MemorySafety,1,0,None,ACCEPT
devign_7487,FFmpeg,CWE-MemorySafety,1,0,None,ACCEPT
devign_7488,qemu,CWE-MemorySafety,0,0,None,ACCEPT
devign_7489,qemu,CWE-MemorySafety,0,0,None,ACCEPT
devign_7490,qemu,CWE-MemorySafety,0,0,None,ACCEPT
devign_7491,qemu,CWE-MemorySafety,0,0,None,ACCEPT
devign_7492,FFmpeg,CWE-MemorySafety,0,0,None,ACCEPT
devign_7493,qemu,CWE-MemorySafety,0,1,CWE-252: Unchecked Dynamic Allocation Return,REJECT
devign_7495,qemu,CWE-MemorySafety,0,0,None,ACCEPT
devign_7496,qemu,CWE-MemorySafety,0,0,None,ACCEPT
devign_7499,qemu,CWE-MemorySafety,0,0,None,ACCEPT
devign_7500,qemu,CWE-MemorySafety,0,0,None,ACCEPT
devign_7501,qemu,CWE-MemorySafety,0,0,None,ACCEPT
devign_7502,qemu,CWE-MemorySafety,0,0,None,ACCEPT
devign_7503,FFmpeg,CWE-MemorySafety,0,0,None,ACCEPT
devign_7504,qemu,CWE-MemorySafety,0,0,None,ACCEPT
devign_7507,qemu,CWE-MemorySafety,0,0,None,ACCEPT
devign_7508,qemu,CWE-MemorySafety,0,0,None,ACCEPT
devign_7509,qemu,CWE-MemorySafety,0,0,None,ACCEPT
devign_7511,qemu,CWE-MemorySafety,1,0,None,ACCEPT
devign_7512,qemu,CWE-MemorySafety,1,0,None,ACCEPT
devign_7513,qemu,CWE-MemorySafety,1,0,None,ACCEPT
devign_7514,qemu,CWE-MemorySafety,1,1,CWE-120: Unbounded String Operation,REJECT
devign_7515,qemu,CWE-MemorySafety,1,0,None,ACCEPT
devign_7519,FFmpeg,CWE-MemorySafety,1,0,None,ACCEPT
devign_7521,FFmpeg,CWE-MemorySafety,0,0,None,ACCEPT
devign_7522,FFmpeg,CWE-MemorySafety,0,0,None,ACCEPT
devign_7523,FFmpeg,CWE-MemorySafety,1,0,None,ACCEPT
devign_7524,FFmpeg,CWE-MemorySafety,1,0,None,ACCEPT
devign_7525,qemu,CWE-MemorySafety,1,0,None,ACCEPT
devign_7527,FFmpeg,CWE-MemorySafety,0,0,None,ACCEPT
devign_7529,FFmpeg,CWE-MemorySafety,0,0,None,ACCEPT
devign_7530,FFmpeg,CWE-MemorySafety,0,0,None,ACCEPT
devign_7531,FFmpeg,CWE-MemorySafety,0,0,None,ACCEPT
devign_7532,FFmpeg,CWE-MemorySafety,0,0,None,ACCEPT
devign_7533,FFmpeg,CWE-MemorySafety,1,0,None,ACCEPT
devign_7535,FFmpeg,CWE-MemorySafety,0,1,CWE-252: Unchecked Dynamic Allocation Return,REJECT
devign_7536,qemu,CWE-MemorySafety,1,0,None,ACCEPT
devign_7537,qemu,CWE-MemorySafety,1,0,None,ACCEPT
devign_7538,FFmpeg,CWE-MemorySafety,1,0,None,ACCEPT
devign_7539,qemu,CWE-MemorySafety,1,0,None,ACCEPT
devign_7541,FFmpeg,CWE-MemorySafety,0,0,None,ACCEPT
devign_7542,qemu,CWE-MemorySafety,0,0,None,ACCEPT
devign_7543,qemu,CWE-MemorySafety,0,0,None,ACCEPT
devign_7544,qemu,CWE-MemorySafety,0,0,None,ACCEPT
devign_7545,qemu,CWE-MemorySafety,0,0,None,ACCEPT
devign_7546,qemu,CWE-MemorySafety,0,0,None,ACCEPT
devign_7547,qemu,CWE-MemorySafety,0,0,None,ACCEPT
devign_7548,qemu,CWE-MemorySafety,0,0,None,ACCEPT
devign_7550,qemu,CWE-MemorySafety,0,0,None,ACCEPT
devign_7552,FFmpeg,CWE-MemorySafety,0,0,None,ACCEPT
devign_7553,qemu,CWE-MemorySafety,0,0,None,ACCEPT
devign_7554,qemu,CWE-MemorySafety,0,0,None,ACCEPT
devign_7555,qemu,CWE-MemorySafety,0,0,None,ACCEPT
devign_7556,qemu,CWE-MemorySafety,0,0,None,ACCEPT
devign_7557,qemu,CWE-MemorySafety,0,0,None,ACCEPT
devign_7558,qemu,CWE-MemorySafety,0,0,None,ACCEPT
devign_7559,qemu,CWE-MemorySafety,0,0,None,ACCEPT
devign_7560,qemu,CWE-MemorySafety,0,0,None,ACCEPT
devign_7562,FFmpeg,CWE-MemorySafety,0,0,None,ACCEPT
devign_7563,qemu,CWE-MemorySafety,0,0,None,ACCEPT
devign_7564,qemu,CWE-MemorySafety,1,0,None,ACCEPT
devign_7565,qemu,CWE-MemorySafety,1,0,None,ACCEPT
devign_7566,FFmpeg,CWE-MemorySafety,1,0,None,ACCEPT
devign_7567,qemu,CWE-MemorySafety,1,0,None,ACCEPT
devign_7568,qemu,CWE-MemorySafety,1,0,None,ACCEPT
devign_7569,FFmpeg,CWE-MemorySafety,1,0,None,ACCEPT
devign_7570,qemu,CWE-MemorySafety,1,0,None,ACCEPT
devign_7571,qemu,CWE-MemorySafety,1,0,None,ACCEPT
devign_7572,qemu,CWE-MemorySafety,1,0,None,ACCEPT
devign_7573,qemu,CWE-MemorySafety,1,0,None,ACCEPT
devign_7574,qemu,CWE-MemorySafety,1,0,None,ACCEPT
devign_7575,qemu,CWE-MemorySafety,1,0,None,ACCEPT
devign_7576,FFmpeg,CWE-MemorySafety,1,0,None,ACCEPT
devign_7577,qemu,CWE-MemorySafety,1,0,None,ACCEPT
devign_7578,FFmpeg,CWE-MemorySafety,1,0,None,ACCEPT
devign_7579,qemu,CWE-MemorySafety,1,0,None,ACCEPT
devign_7581,qemu,CWE-MemorySafety,1,0,None,ACCEPT
devign_7582,FFmpeg,CWE-MemorySafety,1,0,None,ACCEPT
devign_7583,qemu,CWE-MemorySafety,1,0,None,ACCEPT
devign_7584,FFmpeg,CWE-MemorySafety,1,0,None,ACCEPT
devign_7585,FFmpeg,CWE-MemorySafety,1,0,None,ACCEPT
devign_7587,FFmpeg,CWE-MemorySafety,1,0,None,ACCEPT
devign_7588,FFmpeg,CWE-MemorySafety,1,0,None,ACCEPT
devign_7589,qemu,CWE-MemorySafety,1,0,None,ACCEPT
devign_7590,FFmpeg,CWE-MemorySafety,1,0,None,ACCEPT
devign_7591,qemu,CWE-MemorySafety,1,0,None,ACCEPT
devign_7592,FFmpeg,CWE-MemorySafety,0,0,None,ACCEPT
devign_7593,FFmpeg,CWE-MemorySafety,0,0,None,ACCEPT
devign_7594,FFmpeg,CWE-MemorySafety,0,0,None,ACCEPT
devign_7595,qemu,CWE-MemorySafety,1,0,None,ACCEPT
devign_7596,FFmpeg,CWE-MemorySafety,1,0,None,ACCEPT
devign_7597,FFmpeg,CWE-MemorySafety,1,0,None,ACCEPT
devign_7598,FFmpeg,CWE-MemorySafety,1,0,None,ACCEPT
devign_7599,FFmpeg,CWE-MemorySafety,1,0,None,ACCEPT
devign_7600,qemu,CWE-MemorySafety,1,0,None,ACCEPT
devign_7601,qemu,CWE-MemorySafety,1,0,None,ACCEPT
devign_7602,qemu,CWE-MemorySafety,1,0,None,ACCEPT
devign_7603,FFmpeg,CWE-MemorySafety,0,0,None,ACCEPT
devign_7604,FFmpeg,CWE-MemorySafety,0,1,CWE-252: Unchecked Dynamic Allocation Return,REJECT
devign_7605,FFmpeg,CWE-MemorySafety,0,0,None,ACCEPT
devign_7606,qemu,CWE-MemorySafety,1,0,None,ACCEPT
devign_7607,qemu,CWE-MemorySafety,1,0,None,ACCEPT
devign_7610,qemu,CWE-MemorySafety,1,0,None,ACCEPT
devign_7611,FFmpeg,CWE-MemorySafety,1,0,None,ACCEPT
devign_7612,FFmpeg,CWE-MemorySafety,1,1,CWE-252: Unchecked Dynamic Allocation Return,REJECT
devign_7613,qemu,CWE-MemorySafety,1,0,None,ACCEPT
devign_7614,qemu,CWE-MemorySafety,1,0,None,ACCEPT
devign_7615,FFmpeg,CWE-MemorySafety,0,0,None,ACCEPT
devign_7617,qemu,CWE-MemorySafety,1,0,None,ACCEPT
devign_7618,qemu,CWE-MemorySafety,1,0,None,ACCEPT
devign_7619,FFmpeg,CWE-MemorySafety,1,0,None,ACCEPT
devign_7620,qemu,CWE-MemorySafety,1,0,None,ACCEPT
devign_7621,FFmpeg,CWE-MemorySafety,1,0,None,ACCEPT
devign_7622,qemu,CWE-MemorySafety,1,0,None,ACCEPT
devign_7623,qemu,CWE-MemorySafety,1,0,None,ACCEPT
devign_7624,qemu,CWE-MemorySafety,1,0,None,ACCEPT
devign_7625,FFmpeg,CWE-MemorySafety,1,0,None,ACCEPT
devign_7628,FFmpeg,CWE-MemorySafety,0,0,None,ACCEPT
devign_7629,FFmpeg,CWE-MemorySafety,0,0,None,ACCEPT
devign_7630,FFmpeg,CWE-MemorySafety,0,0,None,ACCEPT
devign_7631,FFmpeg,CWE-MemorySafety,0,0,None,ACCEPT
devign_7633,FFmpeg,CWE-MemorySafety,1,0,None,ACCEPT
devign_7634,FFmpeg,CWE-MemorySafety,1,0,None,ACCEPT
devign_7635,FFmpeg,CWE-MemorySafety,0,0,None,ACCEPT
devign_7636,FFmpeg,CWE-MemorySafety,0,0,None,ACCEPT
devign_7637,FFmpeg,CWE-MemorySafety,0,0,None,ACCEPT
devign_7638,FFmpeg,CWE-MemorySafety,0,0,None,ACCEPT
devign_7639,FFmpeg,CWE-MemorySafety,0,0,None,ACCEPT
devign_7640,FFmpeg,CWE-MemorySafety,0,0,None,ACCEPT
devign_7641,FFmpeg,CWE-MemorySafety,1,1,CWE-252: Unchecked Dynamic Allocation Return,REJECT
devign_7642,FFmpeg,CWE-MemorySafety,1,0,None,ACCEPT
devign_7643,qemu,CWE-MemorySafety,1,0,None,ACCEPT
devign_7644,FFmpeg,CWE-MemorySafety,1,0,None,ACCEPT
devign_7646,FFmpeg,CWE-MemorySafety,1,0,None,ACCEPT
devign_7647,FFmpeg,CWE-MemorySafety,1,0,None,ACCEPT
devign_7648,qemu,CWE-MemorySafety,1,0,None,ACCEPT
devign_7649,FFmpeg,CWE-MemorySafety,1,0,None,ACCEPT
devign_7651,qemu,CWE-MemorySafety,1,0,None,ACCEPT
devign_7652,qemu,CWE-MemorySafety,1,1,CWE-120: Unbounded String Operation | CWE-252: Unchecked Dynamic Allocation Return,REJECT
devign_7653,FFmpeg,CWE-MemorySafety,1,0,None,ACCEPT
devign_7654,qemu,CWE-MemorySafety,1,0,None,ACCEPT
devign_7655,FFmpeg,CWE-MemorySafety,1,0,None,ACCEPT
devign_7656,qemu,CWE-MemorySafety,1,0,None,ACCEPT
devign_7657,FFmpeg,CWE-MemorySafety,1,0,None,ACCEPT
devign_7658,qemu,CWE-MemorySafety,1,0,None,ACCEPT
devign_7660,FFmpeg,CWE-MemorySafety,1,0,None,ACCEPT
devign_7661,FFmpeg,CWE-MemorySafety,1,0,None,ACCEPT
devign_7662,qemu,CWE-MemorySafety,1,0,None,ACCEPT
devign_7663,qemu,CWE-MemorySafety,1,0,None,ACCEPT
devign_7664,FFmpeg,CWE-MemorySafety,1,0,None,ACCEPT
devign_7665,qemu,CWE-MemorySafety,1,0,None,ACCEPT
devign_7666,qemu,CWE-MemorySafety,0,0,None,ACCEPT
devign_7667,qemu,CWE-MemorySafety,0,0,None,ACCEPT
devign_7668,qemu,CWE-MemorySafety,0,0,None,ACCEPT
devign_7670,qemu,CWE-MemorySafety,0,0,None,ACCEPT
devign_7673,qemu,CWE-MemorySafety,0,0,None,ACCEPT
devign_7674,qemu,CWE-MemorySafety,0,0,None,ACCEPT
devign_7675,qemu,CWE-MemorySafety,0,0,None,ACCEPT
devign_7677,qemu,CWE-MemorySafety,0,0,None,ACCEPT
devign_7678,FFmpeg,CWE-MemorySafety,0,0,None,ACCEPT
devign_7679,FFmpeg,CWE-MemorySafety,0,0,None,ACCEPT
devign_7680,qemu,CWE-MemorySafety,0,0,None,ACCEPT
devign_7681,qemu,CWE-MemorySafety,0,0,None,ACCEPT
devign_7682,qemu,CWE-MemorySafety,0,0,None,ACCEPT
devign_7684,qemu,CWE-MemorySafety,0,0,None,ACCEPT
devign_7686,qemu,CWE-MemorySafety,0,0,None,ACCEPT
devign_7687,qemu,CWE-MemorySafety,0,0,None,ACCEPT
devign_7688,FFmpeg,CWE-MemorySafety,0,0,None,ACCEPT
devign_7689,qemu,CWE-MemorySafety,0,0,None,ACCEPT
devign_7690,qemu,CWE-MemorySafety,0,0,None,ACCEPT
devign_7691,qemu,CWE-MemorySafety,0,0,None,ACCEPT
devign_7692,qemu,CWE-MemorySafety,0,0,None,ACCEPT
devign_7693,qemu,CWE-MemorySafety,0,0,None,ACCEPT
devign_7696,qemu,CWE-MemorySafety,0,0,None,ACCEPT
devign_7697,FFmpeg,CWE-MemorySafety,0,0,None,ACCEPT
devign_7698,qemu,CWE-MemorySafety,0,0,None,ACCEPT
devign_7699,qemu,CWE-MemorySafety,0,0,None,ACCEPT
devign_7701,qemu,CWE-MemorySafety,0,0,None,ACCEPT
devign_7702,qemu,CWE-MemorySafety,0,0,None,ACCEPT
devign_7703,qemu,CWE-MemorySafety,0,0,None,ACCEPT
devign_7704,qemu,CWE-MemorySafety,0,0,None,ACCEPT
devign_7706,qemu,CWE-MemorySafety,0,0,None,ACCEPT
devign_7707,qemu,CWE-MemorySafety,0,0,None,ACCEPT
devign_7709,qemu,CWE-MemorySafety,0,0,None,ACCEPT
devign_7711,FFmpeg,CWE-MemorySafety,0,0,None,ACCEPT
devign_7714,FFmpeg,CWE-MemorySafety,0,0,None,ACCEPT
devign_7715,FFmpeg,CWE-MemorySafety,0,0,None,ACCEPT
devign_7716,FFmpeg,CWE-MemorySafety,0,0,None,ACCEPT
devign_7717,FFmpeg,CWE-MemorySafety,0,1,CWE-252: Unchecked Dynamic Allocation Return,REJECT
devign_7718,FFmpeg,CWE-MemorySafety,1,0,None,ACCEPT
devign_7720,FFmpeg,CWE-MemorySafety,1,0,None,ACCEPT
devign_7721,FFmpeg,CWE-MemorySafety,1,0,None,ACCEPT
devign_7723,qemu,CWE-MemorySafety,1,0,None,ACCEPT
devign_7724,FFmpeg,CWE-MemorySafety,1,0,None,ACCEPT
devign_7725,qemu,CWE-MemorySafety,1,0,None,ACCEPT
devign_7726,FFmpeg,CWE-MemorySafety,1,0,None,ACCEPT
devign_7727,FFmpeg,CWE-MemorySafety,1,0,None,ACCEPT
devign_7728,qemu,CWE-MemorySafety,1,0,None,ACCEPT
devign_7729,FFmpeg,CWE-MemorySafety,1,0,None,ACCEPT
devign_7730,FFmpeg,CWE-MemorySafety,1,0,None,ACCEPT
devign_7731,qemu,CWE-MemorySafety,1,0,None,ACCEPT
devign_7732,FFmpeg,CWE-MemorySafety,1,0,None,ACCEPT
devign_7733,FFmpeg,CWE-MemorySafety,1,0,None,ACCEPT
devign_7734,FFmpeg,CWE-MemorySafety,1,0,None,ACCEPT
devign_7736,qemu,CWE-MemorySafety,1,0,None,ACCEPT
devign_7737,FFmpeg,CWE-MemorySafety,1,0,None,ACCEPT
devign_7738,qemu,CWE-MemorySafety,0,0,None,ACCEPT
devign_7739,qemu,CWE-MemorySafety,0,0,None,ACCEPT
devign_7740,FFmpeg,CWE-MemorySafety,0,0,None,ACCEPT
devign_7742,qemu,CWE-MemorySafety,0,0,None,ACCEPT
devign_7743,qemu,CWE-MemorySafety,0,0,None,ACCEPT
devign_7744,qemu,CWE-MemorySafety,0,0,None,ACCEPT
devign_7746,qemu,CWE-MemorySafety,0,0,None,ACCEPT
devign_7747,qemu,CWE-MemorySafety,0,0,None,ACCEPT
devign_7749,qemu,CWE-MemorySafety,0,0,None,ACCEPT
devign_7750,qemu,CWE-MemorySafety,0,0,None,ACCEPT
devign_7751,qemu,CWE-MemorySafety,0,0,None,ACCEPT
devign_7752,qemu,CWE-MemorySafety,0,0,None,ACCEPT
devign_7753,qemu,CWE-MemorySafety,0,0,None,ACCEPT
devign_7754,qemu,CWE-MemorySafety,0,0,None,ACCEPT
devign_7755,qemu,CWE-MemorySafety,0,0,None,ACCEPT
devign_7757,qemu,CWE-MemorySafety,0,0,None,ACCEPT
devign_7758,qemu,CWE-MemorySafety,0,0,None,ACCEPT
devign_7759,qemu,CWE-MemorySafety,1,0,None,ACCEPT
devign_7760,FFmpeg,CWE-MemorySafety,1,0,None,ACCEPT
devign_7761,FFmpeg,CWE-MemorySafety,0,0,None,ACCEPT
devign_7762,qemu,CWE-MemorySafety,1,0,None,ACCEPT
devign_7763,FFmpeg,CWE-MemorySafety,1,0,None,ACCEPT
devign_7764,FFmpeg,CWE-MemorySafety,1,0,None,ACCEPT
devign_7765,qemu,CWE-MemorySafety,1,0,None,ACCEPT
devign_7768,FFmpeg,CWE-MemorySafety,0,0,None,ACCEPT
devign_7769,FFmpeg,CWE-MemorySafety,0,0,None,ACCEPT
devign_7770,FFmpeg,CWE-MemorySafety,0,0,None,ACCEPT
devign_7771,qemu,CWE-MemorySafety,0,0,None,ACCEPT
devign_7772,qemu,CWE-MemorySafety,0,0,None,ACCEPT
devign_7773,qemu,CWE-MemorySafety,0,0,None,ACCEPT
devign_7774,qemu,CWE-MemorySafety,0,0,None,ACCEPT
devign_7775,FFmpeg,CWE-MemorySafety,0,0,None,ACCEPT
devign_7776,FFmpeg,CWE-MemorySafety,0,0,None,ACCEPT
devign_7777,qemu,CWE-MemorySafety,0,0,None,ACCEPT
devign_7779,qemu,CWE-MemorySafety,0,0,None,ACCEPT
devign_7781,qemu,CWE-MemorySafety,0,0,None,ACCEPT
devign_7783,qemu,CWE-MemorySafety,0,0,None,ACCEPT
devign_7786,qemu,CWE-MemorySafety,0,0,None,ACCEPT
devign_7788,FFmpeg,CWE-MemorySafety,0,0,None,ACCEPT
devign_7789,FFmpeg,CWE-MemorySafety,0,0,None,ACCEPT
devign_7790,FFmpeg,CWE-MemorySafety,0,0,None,ACCEPT
devign_7791,FFmpeg,CWE-MemorySafety,0,0,None,ACCEPT
devign_7792,FFmpeg,CWE-MemorySafety,0,0,None,ACCEPT
devign_7793,qemu,CWE-MemorySafety,0,0,None,ACCEPT
devign_7794,qemu,CWE-MemorySafety,0,0,None,ACCEPT
devign_7795,qemu,CWE-MemorySafety,0,0,None,ACCEPT
devign_7796,qemu,CWE-MemorySafety,0,0,None,ACCEPT
devign_7798,qemu,CWE-MemorySafety,0,0,None,ACCEPT
devign_7800,qemu,CWE-MemorySafety,0,1,CWE-120: Unbounded String Operation,REJECT
devign_7801,qemu,CWE-MemorySafety,0,1,CWE-252: Unchecked Dynamic Allocation Return,REJECT
devign_7802,qemu,CWE-MemorySafety,0,0,None,ACCEPT
devign_7803,qemu,CWE-MemorySafety,0,0,None,ACCEPT
devign_7804,qemu,CWE-MemorySafety,0,0,None,ACCEPT
devign_7805,qemu,CWE-MemorySafety,0,0,None,ACCEPT
devign_7806,FFmpeg,CWE-MemorySafety,0,0,None,ACCEPT
devign_7807,qemu,CWE-MemorySafety,1,0,None,ACCEPT
devign_7808,FFmpeg,CWE-MemorySafety,1,0,None,ACCEPT
devign_7809,qemu,CWE-MemorySafety,1,0,None,ACCEPT
devign_7810,qemu,CWE-MemorySafety,1,0,None,ACCEPT
devign_7811,FFmpeg,CWE-MemorySafety,1,0,None,ACCEPT
devign_7812,FFmpeg,CWE-MemorySafety,0,0,None,ACCEPT
devign_7813,FFmpeg,CWE-MemorySafety,0,0,None,ACCEPT
devign_7814,FFmpeg,CWE-MemorySafety,0,0,None,ACCEPT
devign_7815,FFmpeg,CWE-MemorySafety,0,0,None,ACCEPT
devign_7816,qemu,CWE-MemorySafety,0,0,None,ACCEPT
devign_7817,qemu,CWE-MemorySafety,0,0,None,ACCEPT
devign_7818,qemu,CWE-MemorySafety,0,0,None,ACCEPT
devign_7819,qemu,CWE-MemorySafety,0,0,None,ACCEPT
devign_7822,qemu,CWE-MemorySafety,0,1,CWE-120: Unbounded String Operation,REJECT
devign_7823,FFmpeg,CWE-MemorySafety,0,0,None,ACCEPT
devign_7824,qemu,CWE-MemorySafety,0,0,None,ACCEPT
devign_7825,qemu,CWE-MemorySafety,0,0,None,ACCEPT
devign_7826,qemu,CWE-MemorySafety,0,0,None,ACCEPT
devign_7831,qemu,CWE-MemorySafety,0,1,CWE-120: Unbounded String Operation,REJECT
devign_7832,qemu,CWE-MemorySafety,0,0,None,ACCEPT
devign_7833,qemu,CWE-MemorySafety,0,0,None,ACCEPT
devign_7834,qemu,CWE-MemorySafety,0,0,None,ACCEPT
devign_7835,qemu,CWE-MemorySafety,0,0,None,ACCEPT
devign_7836,qemu,CWE-MemorySafety,0,0,None,ACCEPT
devign_7837,qemu,CWE-MemorySafety,0,0,None,ACCEPT
devign_7838,qemu,CWE-MemorySafety,0,0,None,ACCEPT
devign_7839,FFmpeg,CWE-MemorySafety,1,0,None,ACCEPT
devign_7840,FFmpeg,CWE-MemorySafety,1,0,None,ACCEPT
devign_7841,qemu,CWE-MemorySafety,1,0,None,ACCEPT
devign_7842,FFmpeg,CWE-MemorySafety,1,1,CWE-120: Unbounded String Operation,REJECT
devign_7843,FFmpeg,CWE-MemorySafety,1,0,None,ACCEPT
devign_7844,qemu,CWE-MemorySafety,1,0,None,ACCEPT
devign_7845,FFmpeg,CWE-MemorySafety,1,0,None,ACCEPT
devign_7846,qemu,CWE-MemorySafety,1,0,None,ACCEPT
devign_7847,qemu,CWE-MemorySafety,1,0,None,ACCEPT
devign_7848,FFmpeg,CWE-MemorySafety,1,0,None,ACCEPT
devign_7849,FFmpeg,CWE-MemorySafety,1,0,None,ACCEPT
devign_7850,qemu,CWE-MemorySafety,1,0,None,ACCEPT
devign_7851,qemu,CWE-MemorySafety,1,0,None,ACCEPT
devign_7853,qemu,CWE-MemorySafety,1,0,None,ACCEPT
devign_7854,qemu,CWE-MemorySafety,1,0,None,ACCEPT
devign_7855,qemu,CWE-MemorySafety,1,0,None,ACCEPT
devign_7856,FFmpeg,CWE-MemorySafety,1,0,None,ACCEPT
devign_7857,qemu,CWE-MemorySafety,1,0,None,ACCEPT
devign_7858,qemu,CWE-MemorySafety,1,0,None,ACCEPT
devign_7859,FFmpeg,CWE-MemorySafety,1,0,None,ACCEPT
devign_7860,qemu,CWE-MemorySafety,1,0,None,ACCEPT
devign_7861,qemu,CWE-MemorySafety,1,0,None,ACCEPT
devign_7862,FFmpeg,CWE-MemorySafety,0,0,None,ACCEPT
devign_7863,FFmpeg,CWE-MemorySafety,0,0,None,ACCEPT
devign_7866,FFmpeg,CWE-MemorySafety,0,0,None,ACCEPT
devign_7867,qemu,CWE-MemorySafety,0,0,None,ACCEPT
devign_7868,qemu,CWE-MemorySafety,0,0,None,ACCEPT
devign_7869,qemu,CWE-MemorySafety,0,1,CWE-120: Unbounded String Operation,REJECT
devign_7871,qemu,CWE-MemorySafety,0,0,None,ACCEPT
devign_7872,qemu,CWE-MemorySafety,0,0,None,ACCEPT
devign_7873,qemu,CWE-MemorySafety,0,0,None,ACCEPT
devign_7874,qemu,CWE-MemorySafety,0,0,None,ACCEPT
devign_7875,qemu,CWE-MemorySafety,0,0,None,ACCEPT
devign_7876,FFmpeg,CWE-MemorySafety,0,1,CWE-252: Unchecked Dynamic Allocation Return,REJECT
devign_7877,qemu,CWE-MemorySafety,0,0,None,ACCEPT
devign_7879,qemu,CWE-MemorySafety,0,0,None,ACCEPT
devign_7880,qemu,CWE-MemorySafety,0,0,None,ACCEPT
devign_7882,qemu,CWE-MemorySafety,0,0,None,ACCEPT
devign_7883,FFmpeg,CWE-MemorySafety,0,0,None,ACCEPT
devign_7884,FFmpeg,CWE-MemorySafety,0,0,None,ACCEPT
devign_7885,FFmpeg,CWE-MemorySafety,0,0,None,ACCEPT
devign_7886,FFmpeg,CWE-MemorySafety,0,0,None,ACCEPT
devign_7887,FFmpeg,CWE-MemorySafety,0,0,None,ACCEPT
devign_7888,FFmpeg,CWE-MemorySafety,1,0,None,ACCEPT
devign_7889,qemu,CWE-MemorySafety,1,0,None,ACCEPT
devign_7891,qemu,CWE-MemorySafety,1,0,None,ACCEPT
devign_7892,qemu,CWE-MemorySafety,1,0,None,ACCEPT
devign_7893,qemu,CWE-MemorySafety,1,0,None,ACCEPT
devign_7894,FFmpeg,CWE-MemorySafety,1,0,None,ACCEPT
devign_7895,qemu,CWE-MemorySafety,1,0,None,ACCEPT
devign_7896,qemu,CWE-MemorySafety,1,0,None,ACCEPT
devign_7897,FFmpeg,CWE-MemorySafety,1,0,None,ACCEPT
devign_7898,FFmpeg,CWE-MemorySafety,1,0,None,ACCEPT
devign_7899,FFmpeg,CWE-MemorySafety,1,0,None,ACCEPT
devign_7900,qemu,CWE-MemorySafety,1,0,None,ACCEPT
devign_7901,FFmpeg,CWE-MemorySafety,1,0,None,ACCEPT
devign_7902,qemu,CWE-MemorySafety,1,0,None,ACCEPT
devign_7904,FFmpeg,CWE-MemorySafety,1,1,CWE-252: Unchecked Dynamic Allocation Return,REJECT
devign_7906,qemu,CWE-MemorySafety,1,0,None,ACCEPT
devign_7907,qemu,CWE-MemorySafety,0,0,None,ACCEPT
devign_7908,qemu,CWE-MemorySafety,0,0,None,ACCEPT
devign_7909,qemu,CWE-MemorySafety,0,0,None,ACCEPT
devign_7910,qemu,CWE-MemorySafety,0,0,None,ACCEPT
devign_7911,qemu,CWE-MemorySafety,0,0,None,ACCEPT
devign_7912,qemu,CWE-MemorySafety,0,0,None,ACCEPT
devign_7913,qemu,CWE-MemorySafety,0,0,None,ACCEPT
devign_7914,qemu,CWE-MemorySafety,0,0,None,ACCEPT
devign_7917,FFmpeg,CWE-MemorySafety,0,0,None,ACCEPT
devign_7919,qemu,CWE-MemorySafety,0,0,None,ACCEPT
devign_7920,qemu,CWE-MemorySafety,0,1,CWE-252: Unchecked Dynamic Allocation Return,REJECT
devign_7921,qemu,CWE-MemorySafety,0,0,None,ACCEPT
devign_7922,qemu,CWE-MemorySafety,0,0,None,ACCEPT
devign_7923,qemu,CWE-MemorySafety,0,0,None,ACCEPT
devign_7924,FFmpeg,CWE-MemorySafety,0,0,None,ACCEPT
devign_7925,qemu,CWE-MemorySafety,0,0,None,ACCEPT
devign_7926,qemu,CWE-MemorySafety,0,0,None,ACCEPT
devign_7929,qemu,CWE-MemorySafety,1,0,None,ACCEPT
devign_7930,qemu,CWE-MemorySafety,1,0,None,ACCEPT
devign_7931,FFmpeg,CWE-MemorySafety,1,0,None,ACCEPT
devign_7932,FFmpeg,CWE-MemorySafety,1,1,CWE-252: Unchecked Dynamic Allocation Return,REJECT
devign_7933,qemu,CWE-MemorySafety,1,0,None,ACCEPT
devign_7935,qemu,CWE-MemorySafety,1,0,None,ACCEPT
devign_7937,qemu,CWE-MemorySafety,1,0,None,ACCEPT
devign_7939,FFmpeg,CWE-MemorySafety,1,0,None,ACCEPT
devign_7940,qemu,CWE-MemorySafety,1,0,None,ACCEPT
devign_7941,qemu,CWE-MemorySafety,1,0,None,ACCEPT
devign_7942,qemu,CWE-MemorySafety,1,0,None,ACCEPT
devign_7943,qemu,CWE-MemorySafety,1,0,None,ACCEPT
devign_7944,qemu,CWE-MemorySafety,1,0,None,ACCEPT
devign_7945,qemu,CWE-MemorySafety,1,0,None,ACCEPT
devign_7946,qemu,CWE-MemorySafety,1,1,CWE-120: Unbounded String Operation,REJECT
devign_7947,qemu,CWE-MemorySafety,1,0,None,ACCEPT
devign_7948,qemu,CWE-MemorySafety,1,0,None,ACCEPT
devign_7949,FFmpeg,CWE-MemorySafety,1,0,None,ACCEPT
devign_7950,FFmpeg,CWE-MemorySafety,1,0,None,ACCEPT
devign_7951,qemu,CWE-MemorySafety,1,0,None,ACCEPT
devign_7952,qemu,CWE-MemorySafety,1,0,None,ACCEPT
devign_7953,qemu,CWE-MemorySafety,1,0,None,ACCEPT
devign_7954,FFmpeg,CWE-MemorySafety,1,0,None,ACCEPT
devign_7956,qemu,CWE-MemorySafety,1,0,None,ACCEPT
devign_7957,qemu,CWE-MemorySafety,1,0,None,ACCEPT
devign_7958,FFmpeg,CWE-MemorySafety,1,0,None,ACCEPT
devign_7959,qemu,CWE-MemorySafety,1,0,None,ACCEPT
devign_7960,qemu,CWE-MemorySafety,1,0,None,ACCEPT
devign_7961,FFmpeg,CWE-MemorySafety,0,0,None,ACCEPT
devign_7962,FFmpeg,CWE-MemorySafety,0,0,None,ACCEPT
devign_7965,FFmpeg,CWE-MemorySafety,1,0,None,ACCEPT
devign_7966,qemu,CWE-MemorySafety,1,0,None,ACCEPT
devign_7967,FFmpeg,CWE-MemorySafety,1,0,None,ACCEPT
devign_7968,qemu,CWE-MemorySafety,1,0,None,ACCEPT
devign_7969,FFmpeg,CWE-MemorySafety,0,0,None,ACCEPT
devign_7970,FFmpeg,CWE-MemorySafety,1,0,None,ACCEPT
devign_7971,qemu,CWE-MemorySafety,1,0,None,ACCEPT
devign_7973,FFmpeg,CWE-MemorySafety,1,0,None,ACCEPT
devign_7974,qemu,CWE-MemorySafety,1,0,None,ACCEPT
devign_7975,qemu,CWE-MemorySafety,1,0,None,ACCEPT
devign_7976,qemu,CWE-MemorySafety,1,0,None,ACCEPT
devign_7977,qemu,CWE-MemorySafety,0,0,None,ACCEPT
devign_7978,qemu,CWE-MemorySafety,0,1,CWE-252: Unchecked Dynamic Allocation Return,REJECT
devign_7979,FFmpeg,CWE-MemorySafety,0,0,None,ACCEPT
devign_7980,qemu,CWE-MemorySafety,0,0,None,ACCEPT
devign_7981,qemu,CWE-MemorySafety,0,0,None,ACCEPT
devign_7982,qemu,CWE-MemorySafety,0,0,None,ACCEPT
devign_7983,qemu,CWE-MemorySafety,0,0,None,ACCEPT
devign_7984,qemu,CWE-MemorySafety,0,0,None,ACCEPT
devign_7985,qemu,CWE-MemorySafety,0,0,None,ACCEPT
devign_7987,qemu,CWE-MemorySafety,0,0,None,ACCEPT
devign_7988,qemu,CWE-MemorySafety,0,0,None,ACCEPT
devign_7989,FFmpeg,CWE-MemorySafety,0,0,None,ACCEPT
devign_7990,qemu,CWE-MemorySafety,0,0,None,ACCEPT
devign_7992,qemu,CWE-MemorySafety,0,0,None,ACCEPT
devign_7993,qemu,CWE-MemorySafety,0,0,None,ACCEPT
devign_7995,qemu,CWE-MemorySafety,0,0,None,ACCEPT
devign_7996,qemu,CWE-MemorySafety,0,0,None,ACCEPT
devign_7997,qemu,CWE-MemorySafety,0,0,None,ACCEPT
devign_7998,qemu,CWE-MemorySafety,0,0,None,ACCEPT
devign_7999,qemu,CWE-MemorySafety,0,0,None,ACCEPT
devign_8000,qemu,CWE-MemorySafety,0,0,None,ACCEPT
devign_8001,FFmpeg,CWE-MemorySafety,0,0,None,ACCEPT
devign_8002,qemu,CWE-MemorySafety,0,0,None,ACCEPT
devign_8003,qemu,CWE-MemorySafety,0,0,None,ACCEPT
devign_8004,qemu,CWE-MemorySafety,0,0,None,ACCEPT
devign_8005,qemu,CWE-MemorySafety,0,0,None,ACCEPT
devign_8006,qemu,CWE-MemorySafety,0,0,None,ACCEPT
devign_8007,qemu,CWE-MemorySafety,0,0,None,ACCEPT
devign_8008,qemu,CWE-MemorySafety,0,0,None,ACCEPT
devign_8009,qemu,CWE-MemorySafety,0,0,None,ACCEPT
devign_8010,qemu,CWE-MemorySafety,0,0,None,ACCEPT
devign_8011,qemu,CWE-MemorySafety,0,0,None,ACCEPT
devign_8012,qemu,CWE-MemorySafety,1,0,None,ACCEPT
devign_8013,FFmpeg,CWE-MemorySafety,0,0,None,ACCEPT
devign_8014,FFmpeg,CWE-MemorySafety,1,0,None,ACCEPT
devign_8015,FFmpeg,CWE-MemorySafety,1,0,None,ACCEPT
devign_8016,FFmpeg,CWE-MemorySafety,1,0,None,ACCEPT
devign_8017,FFmpeg,CWE-MemorySafety,1,0,None,ACCEPT
devign_8018,FFmpeg,CWE-MemorySafety,1,0,None,ACCEPT
devign_8020,qemu,CWE-MemorySafety,1,0,None,ACCEPT
devign_8021,FFmpeg,CWE-MemorySafety,0,0,None,ACCEPT
devign_8022,FFmpeg,CWE-MemorySafety,0,0,None,ACCEPT
devign_8024,FFmpeg,CWE-MemorySafety,0,0,None,ACCEPT
devign_8025,FFmpeg,CWE-MemorySafety,0,0,None,ACCEPT
devign_8026,FFmpeg,CWE-MemorySafety,0,0,None,ACCEPT
devign_8027,FFmpeg,CWE-MemorySafety,0,0,None,ACCEPT
devign_8028,FFmpeg,CWE-MemorySafety,0,0,None,ACCEPT
devign_8029,FFmpeg,CWE-MemorySafety,0,0,None,ACCEPT
devign_8030,qemu,CWE-MemorySafety,0,0,None,ACCEPT
devign_8032,qemu,CWE-MemorySafety,0,0,None,ACCEPT
devign_8033,qemu,CWE-MemorySafety,0,0,None,ACCEPT
devign_8034,qemu,CWE-MemorySafety,0,0,None,ACCEPT
devign_8036,FFmpeg,CWE-MemorySafety,0,0,None,ACCEPT
devign_8037,qemu,CWE-MemorySafety,0,0,None,ACCEPT
devign_8038,qemu,CWE-MemorySafety,0,0,None,ACCEPT
devign_8039,qemu,CWE-MemorySafety,0,0,None,ACCEPT
devign_8040,qemu,CWE-MemorySafety,0,0,None,ACCEPT
devign_8041,qemu,CWE-MemorySafety,0,1,CWE-252: Unchecked Dynamic Allocation Return,REJECT
devign_8042,qemu,CWE-MemorySafety,0,0,None,ACCEPT
devign_8043,qemu,CWE-MemorySafety,0,0,None,ACCEPT
devign_8045,FFmpeg,CWE-MemorySafety,0,0,None,ACCEPT
devign_8046,qemu,CWE-MemorySafety,0,0,None,ACCEPT
devign_8047,qemu,CWE-MemorySafety,0,0,None,ACCEPT
devign_8048,qemu,CWE-MemorySafety,0,0,None,ACCEPT
devign_8049,qemu,CWE-MemorySafety,0,0,None,ACCEPT
devign_8051,qemu,CWE-MemorySafety,0,0,None,ACCEPT
devign_8052,qemu,CWE-MemorySafety,0,0,None,ACCEPT
devign_8053,qemu,CWE-MemorySafety,0,0,None,ACCEPT
devign_8054,qemu,CWE-MemorySafety,0,0,None,ACCEPT
devign_8055,FFmpeg,CWE-MemorySafety,0,0,None,ACCEPT
devign_8056,qemu,CWE-MemorySafety,0,0,None,ACCEPT
devign_8060,qemu,CWE-MemorySafety,0,0,None,ACCEPT
devign_8061,qemu,CWE-MemorySafety,0,0,None,ACCEPT
devign_8062,qemu,CWE-MemorySafety,0,0,None,ACCEPT
devign_8063,qemu,CWE-MemorySafety,0,0,None,ACCEPT
devign_8064,qemu,CWE-MemorySafety,0,0,None,ACCEPT
devign_8065,qemu,CWE-MemorySafety,0,0,None,ACCEPT
devign_8066,qemu,CWE-MemorySafety,0,0,None,ACCEPT
devign_8067,FFmpeg,CWE-MemorySafety,0,0,None,ACCEPT
devign_8068,qemu,CWE-MemorySafety,0,0,None,ACCEPT
devign_8069,FFmpeg,CWE-MemorySafety,0,0,None,ACCEPT
devign_8070,qemu,CWE-MemorySafety,0,0,None,ACCEPT
devign_8071,qemu,CWE-MemorySafety,0,0,None,ACCEPT
devign_8072,FFmpeg,CWE-MemorySafety,0,0,None,ACCEPT
devign_8074,qemu,CWE-MemorySafety,0,0,None,ACCEPT
devign_8075,qemu,CWE-MemorySafety,0,0,None,ACCEPT
devign_8077,qemu,CWE-MemorySafety,0,0,None,ACCEPT
devign_8078,qemu,CWE-MemorySafety,0,0,None,ACCEPT
devign_8079,qemu,CWE-MemorySafety,0,0,None,ACCEPT
devign_8080,qemu,CWE-MemorySafety,0,0,None,ACCEPT
devign_8081,qemu,CWE-MemorySafety,0,0,None,ACCEPT
devign_8082,qemu,CWE-MemorySafety,0,0,None,ACCEPT
devign_8083,qemu,CWE-MemorySafety,0,0,None,ACCEPT
devign_8084,qemu,CWE-MemorySafety,0,0,None,ACCEPT
devign_8085,qemu,CWE-MemorySafety,0,0,None,ACCEPT
devign_8086,qemu,CWE-MemorySafety,0,0,None,ACCEPT
devign_8087,qemu,CWE-MemorySafety,0,0,None,ACCEPT
devign_8088,qemu,CWE-MemorySafety,0,0,None,ACCEPT
devign_8089,qemu,CWE-MemorySafety,0,0,None,ACCEPT
devign_8091,FFmpeg,CWE-MemorySafety,0,0,None,ACCEPT
devign_8092,FFmpeg,CWE-MemorySafety,0,0,None,ACCEPT
devign_8093,FFmpeg,CWE-MemorySafety,0,0,None,ACCEPT
devign_8094,FFmpeg,CWE-MemorySafety,0,0,None,ACCEPT
devign_8095,qemu,CWE-MemorySafety,0,0,None,ACCEPT
devign_8096,qemu,CWE-MemorySafety,0,0,None,ACCEPT
devign_8097,FFmpeg,CWE-MemorySafety,0,0,None,ACCEPT
devign_8098,qemu,CWE-MemorySafety,0,0,None,ACCEPT
devign_8099,qemu,CWE-MemorySafety,0,0,None,ACCEPT
devign_8101,qemu,CWE-MemorySafety,0,0,None,ACCEPT
devign_8102,qemu,CWE-MemorySafety,0,0,None,ACCEPT
devign_8103,qemu,CWE-MemorySafety,0,0,None,ACCEPT
devign_8106,qemu,CWE-MemorySafety,0,0,None,ACCEPT
devign_8107,qemu,CWE-MemorySafety,0,0,None,ACCEPT
devign_8108,qemu,CWE-MemorySafety,0,0,None,ACCEPT
devign_8109,qemu,CWE-MemorySafety,0,0,None,ACCEPT
devign_8110,qemu,CWE-MemorySafety,0,0,None,ACCEPT
devign_8111,qemu,CWE-MemorySafety,0,0,None,ACCEPT
devign_8112,qemu,CWE-MemorySafety,0,0,None,ACCEPT
devign_8114,qemu,CWE-MemorySafety,0,0,None,ACCEPT
devign_8116,FFmpeg,CWE-MemorySafety,1,0,None,ACCEPT
devign_8117,FFmpeg,CWE-MemorySafety,1,0,None,ACCEPT
devign_8118,qemu,CWE-MemorySafety,1,0,None,ACCEPT
devign_8119,qemu,CWE-MemorySafety,1,0,None,ACCEPT
devign_8121,qemu,CWE-MemorySafety,1,0,None,ACCEPT
devign_8122,qemu,CWE-MemorySafety,1,0,None,ACCEPT
devign_8123,FFmpeg,CWE-MemorySafety,1,0,None,ACCEPT
devign_8124,qemu,CWE-MemorySafety,1,0,None,ACCEPT
devign_8125,qemu,CWE-MemorySafety,1,0,None,ACCEPT
devign_8126,FFmpeg,CWE-MemorySafety,1,0,None,ACCEPT
devign_8127,FFmpeg,CWE-MemorySafety,1,0,None,ACCEPT
devign_8128,FFmpeg,CWE-MemorySafety,1,1,CWE-120: Unbounded String Operation,REJECT
devign_8129,FFmpeg,CWE-MemorySafety,1,0,None,ACCEPT
devign_8130,qemu,CWE-MemorySafety,1,0,None,ACCEPT
devign_8131,FFmpeg,CWE-MemorySafety,0,0,None,ACCEPT
devign_8132,FFmpeg,CWE-MemorySafety,0,0,None,ACCEPT
devign_8133,FFmpeg,CWE-MemorySafety,0,0,None,ACCEPT
devign_8134,FFmpeg,CWE-MemorySafety,0,0,None,ACCEPT
devign_8136,qemu,CWE-MemorySafety,0,0,None,ACCEPT
devign_8137,qemu,CWE-MemorySafety,0,0,None,ACCEPT
devign_8138,qemu,CWE-MemorySafety,0,0,None,ACCEPT
devign_8139,qemu,CWE-MemorySafety,0,0,None,ACCEPT
devign_8140,qemu,CWE-MemorySafety,0,0,None,ACCEPT
devign_8141,FFmpeg,CWE-MemorySafety,0,0,None,ACCEPT
devign_8142,qemu,CWE-MemorySafety,0,0,None,ACCEPT
devign_8144,qemu,CWE-MemorySafety,0,0,None,ACCEPT
devign_8145,qemu,CWE-MemorySafety,0,0,None,ACCEPT
devign_8146,qemu,CWE-MemorySafety,0,0,None,ACCEPT
devign_8147,qemu,CWE-MemorySafety,0,0,None,ACCEPT
devign_8148,qemu,CWE-MemorySafety,0,0,None,ACCEPT
devign_8150,qemu,CWE-MemorySafety,0,0,None,ACCEPT
devign_8151,FFmpeg,CWE-MemorySafety,0,0,None,ACCEPT
devign_8152,FFmpeg,CWE-MemorySafety,0,0,None,ACCEPT
devign_8154,FFmpeg,CWE-MemorySafety,1,1,CWE-252: Unchecked Dynamic Allocation Return,REJECT
devign_8155,FFmpeg,CWE-MemorySafety,1,0,None,ACCEPT
devign_8156,FFmpeg,CWE-MemorySafety,0,0,None,ACCEPT
devign_8157,FFmpeg,CWE-MemorySafety,0,0,None,ACCEPT
devign_8158,qemu,CWE-MemorySafety,1,0,None,ACCEPT
devign_8159,qemu,CWE-MemorySafety,1,0,None,ACCEPT
devign_8162,FFmpeg,CWE-MemorySafety,1,0,None,ACCEPT
devign_8164,FFmpeg,CWE-MemorySafety,1,0,None,ACCEPT
devign_8165,qemu,CWE-MemorySafety,1,0,None,ACCEPT
devign_8166,FFmpeg,CWE-MemorySafety,0,0,None,ACCEPT
devign_8167,FFmpeg,CWE-MemorySafety,1,0,None,ACCEPT
devign_8168,qemu,CWE-MemorySafety,1,0,None,ACCEPT
devign_8169,qemu,CWE-MemorySafety,1,0,None,ACCEPT
devign_8170,qemu,CWE-MemorySafety,1,0,None,ACCEPT
devign_8171,qemu,CWE-MemorySafety,1,0,None,ACCEPT
devign_8172,qemu,CWE-MemorySafety,1,0,None,ACCEPT
devign_8173,qemu,CWE-MemorySafety,1,0,None,ACCEPT
devign_8174,qemu,CWE-MemorySafety,1,0,None,ACCEPT
devign_8175,qemu,CWE-MemorySafety,1,0,None,ACCEPT
devign_8176,qemu,CWE-MemorySafety,1,0,None,ACCEPT
devign_8177,FFmpeg,CWE-MemorySafety,1,0,None,ACCEPT
devign_8178,FFmpeg,CWE-MemorySafety,1,0,None,ACCEPT
devign_8179,FFmpeg,CWE-MemorySafety,0,0,None,ACCEPT
devign_8180,FFmpeg,CWE-MemorySafety,0,1,CWE-252: Unchecked Dynamic Allocation Return,REJECT
devign_8181,FFmpeg,CWE-MemorySafety,0,0,None,ACCEPT
devign_8183,qemu,CWE-MemorySafety,1,0,None,ACCEPT
devign_8184,FFmpeg,CWE-MemorySafety,1,0,None,ACCEPT
devign_8186,FFmpeg,CWE-MemorySafety,1,0,None,ACCEPT
devign_8187,qemu,CWE-MemorySafety,0,0,None,ACCEPT
devign_8188,qemu,CWE-MemorySafety,0,0,None,ACCEPT
devign_8190,qemu,CWE-MemorySafety,0,0,None,ACCEPT
devign_8191,qemu,CWE-MemorySafety,0,0,None,ACCEPT
devign_8193,qemu,CWE-MemorySafety,0,0,None,ACCEPT
devign_8194,qemu,CWE-MemorySafety,0,0,None,ACCEPT
devign_8195,qemu,CWE-MemorySafety,0,0,None,ACCEPT
devign_8196,qemu,CWE-MemorySafety,0,0,None,ACCEPT
devign_8197,qemu,CWE-MemorySafety,0,0,None,ACCEPT
devign_8198,qemu,CWE-MemorySafety,0,0,None,ACCEPT
devign_8199,qemu,CWE-MemorySafety,0,0,None,ACCEPT
devign_8201,qemu,CWE-MemorySafety,0,0,None,ACCEPT
devign_8202,qemu,CWE-MemorySafety,0,0,None,ACCEPT
devign_8203,qemu,CWE-MemorySafety,0,0,None,ACCEPT
devign_8204,qemu,CWE-MemorySafety,0,0,None,ACCEPT
devign_8206,qemu,CWE-MemorySafety,0,0,None,ACCEPT
devign_8207,qemu,CWE-MemorySafety,0,0,None,ACCEPT
devign_8208,qemu,CWE-MemorySafety,0,0,None,ACCEPT
devign_8209,qemu,CWE-MemorySafety,0,0,None,ACCEPT
devign_8210,qemu,CWE-MemorySafety,1,0,None,ACCEPT
devign_8212,qemu,CWE-MemorySafety,1,0,None,ACCEPT
devign_8213,qemu,CWE-MemorySafety,0,0,None,ACCEPT
devign_8214,qemu,CWE-MemorySafety,0,1,CWE-120: Unbounded String Operation,REJECT
devign_8217,qemu,CWE-MemorySafety,0,0,None,ACCEPT
devign_8218,qemu,CWE-MemorySafety,0,0,None,ACCEPT
devign_8219,qemu,CWE-MemorySafety,0,0,None,ACCEPT
devign_8220,qemu,CWE-MemorySafety,0,0,None,ACCEPT
devign_8221,qemu,CWE-MemorySafety,0,0,None,ACCEPT
devign_8222,qemu,CWE-MemorySafety,0,0,None,ACCEPT
devign_8224,qemu,CWE-MemorySafety,0,0,None,ACCEPT
devign_8225,qemu,CWE-MemorySafety,0,0,None,ACCEPT
devign_8226,qemu,CWE-MemorySafety,0,0,None,ACCEPT
devign_8228,qemu,CWE-MemorySafety,0,0,None,ACCEPT
devign_8229,qemu,CWE-MemorySafety,0,0,None,ACCEPT
devign_8230,qemu,CWE-MemorySafety,0,0,None,ACCEPT
devign_8231,qemu,CWE-MemorySafety,0,0,None,ACCEPT
devign_8232,qemu,CWE-MemorySafety,0,0,None,ACCEPT
devign_8233,qemu,CWE-MemorySafety,0,0,None,ACCEPT
devign_8234,qemu,CWE-MemorySafety,0,0,None,ACCEPT
devign_8235,qemu,CWE-MemorySafety,0,0,None,ACCEPT
devign_8236,qemu,CWE-MemorySafety,0,0,None,ACCEPT
devign_8237,qemu,CWE-MemorySafety,0,0,None,ACCEPT
devign_8238,qemu,CWE-MemorySafety,0,0,None,ACCEPT
devign_8239,qemu,CWE-MemorySafety,0,0,None,ACCEPT
devign_8240,qemu,CWE-MemorySafety,0,0,None,ACCEPT
devign_8241,qemu,CWE-MemorySafety,0,0,None,ACCEPT
devign_8242,qemu,CWE-MemorySafety,0,0,None,ACCEPT
devign_8243,qemu,CWE-MemorySafety,0,0,None,ACCEPT
devign_8244,qemu,CWE-MemorySafety,0,0,None,ACCEPT
devign_8245,qemu,CWE-MemorySafety,0,0,None,ACCEPT
devign_8246,qemu,CWE-MemorySafety,0,0,None,ACCEPT
devign_8247,qemu,CWE-MemorySafety,0,0,None,ACCEPT
devign_8248,qemu,CWE-MemorySafety,0,0,None,ACCEPT
devign_8249,qemu,CWE-MemorySafety,0,0,None,ACCEPT
devign_8250,qemu,CWE-MemorySafety,0,0,None,ACCEPT
devign_8252,qemu,CWE-MemorySafety,0,0,None,ACCEPT
devign_8254,qemu,CWE-MemorySafety,0,0,None,ACCEPT
devign_8255,qemu,CWE-MemorySafety,0,0,None,ACCEPT
devign_8256,qemu,CWE-MemorySafety,0,0,None,ACCEPT
devign_8258,FFmpeg,CWE-MemorySafety,0,0,None,ACCEPT
devign_8259,qemu,CWE-MemorySafety,0,0,None,ACCEPT
devign_8260,qemu,CWE-MemorySafety,0,0,None,ACCEPT
devign_8261,qemu,CWE-MemorySafety,0,0,None,ACCEPT
devign_8263,qemu,CWE-MemorySafety,0,0,None,ACCEPT
devign_8264,qemu,CWE-MemorySafety,0,0,None,ACCEPT
devign_8266,FFmpeg,CWE-MemorySafety,0,0,None,ACCEPT
devign_8267,qemu,CWE-MemorySafety,0,0,None,ACCEPT
devign_8268,qemu,CWE-MemorySafety,0,0,None,ACCEPT
devign_8270,qemu,CWE-MemorySafety,0,0,None,ACCEPT
devign_8271,qemu,CWE-MemorySafety,0,0,None,ACCEPT
devign_8272,qemu,CWE-MemorySafety,0,0,None,ACCEPT
devign_8274,qemu,CWE-MemorySafety,0,0,None,ACCEPT
devign_8275,qemu,CWE-MemorySafety,0,0,None,ACCEPT
devign_8276,qemu,CWE-MemorySafety,0,0,None,ACCEPT
devign_8277,qemu,CWE-MemorySafety,0,0,None,ACCEPT
devign_8279,qemu,CWE-MemorySafety,0,0,None,ACCEPT
devign_8280,qemu,CWE-MemorySafety,0,0,None,ACCEPT
devign_8281,FFmpeg,CWE-MemorySafety,0,0,None,ACCEPT
devign_8282,FFmpeg,CWE-MemorySafety,0,0,None,ACCEPT
devign_8283,FFmpeg,CWE-MemorySafety,0,0,None,ACCEPT
devign_8284,FFmpeg,CWE-MemorySafety,0,0,None,ACCEPT
devign_8285,FFmpeg,CWE-MemorySafety,0,0,None,ACCEPT
devign_8286,qemu,CWE-MemorySafety,0,0,None,ACCEPT
devign_8287,FFmpeg,CWE-MemorySafety,0,0,None,ACCEPT
devign_8288,qemu,CWE-MemorySafety,0,0,None,ACCEPT
devign_8289,qemu,CWE-MemorySafety,0,0,None,ACCEPT
devign_8291,qemu,CWE-MemorySafety,0,0,None,ACCEPT
devign_8292,qemu,CWE-MemorySafety,0,0,None,ACCEPT
devign_8293,qemu,CWE-MemorySafety,0,0,None,ACCEPT
devign_8294,qemu,CWE-MemorySafety,0,0,None,ACCEPT
devign_8296,qemu,CWE-MemorySafety,0,0,None,ACCEPT
devign_8297,qemu,CWE-MemorySafety,0,0,None,ACCEPT
devign_8298,qemu,CWE-MemorySafety,0,0,None,ACCEPT
devign_8299,qemu,CWE-MemorySafety,0,0,None,ACCEPT
devign_8300,qemu,CWE-MemorySafety,0,0,None,ACCEPT
devign_8301,qemu,CWE-MemorySafety,0,1,CWE-252: Unchecked Dynamic Allocation Return,REJECT
devign_8302,qemu,CWE-MemorySafety,0,1,CWE-120: Unbounded String Operation,REJECT
devign_8303,qemu,CWE-MemorySafety,0,0,None,ACCEPT
devign_8304,FFmpeg,CWE-MemorySafety,0,0,None,ACCEPT
devign_8305,qemu,CWE-MemorySafety,0,0,None,ACCEPT
devign_8306,qemu,CWE-MemorySafety,0,0,None,ACCEPT
devign_8307,qemu,CWE-MemorySafety,0,0,None,ACCEPT
devign_8308,qemu,CWE-MemorySafety,0,0,None,ACCEPT
devign_8309,qemu,CWE-MemorySafety,0,0,None,ACCEPT
devign_8311,qemu,CWE-MemorySafety,0,0,None,ACCEPT
devign_8312,qemu,CWE-MemorySafety,0,0,None,ACCEPT
devign_8313,qemu,CWE-MemorySafety,1,0,None,ACCEPT
devign_8314,qemu,CWE-MemorySafety,1,0,None,ACCEPT
devign_8316,FFmpeg,CWE-MemorySafety,0,1,CWE-252: Unchecked Dynamic Allocation Return,REJECT
devign_8317,qemu,CWE-MemorySafety,1,0,None,ACCEPT
devign_8318,FFmpeg,CWE-MemorySafety,1,0,None,ACCEPT
devign_8319,qemu,CWE-MemorySafety,1,0,None,ACCEPT
devign_8320,qemu,CWE-MemorySafety,1,0,None,ACCEPT
devign_8321,qemu,CWE-MemorySafety,0,0,None,ACCEPT
devign_8322,qemu,CWE-MemorySafety,0,0,None,ACCEPT
devign_8323,qemu,CWE-MemorySafety,0,0,None,ACCEPT
devign_8326,qemu,CWE-MemorySafety,0,0,None,ACCEPT
devign_8327,qemu,CWE-MemorySafety,0,0,None,ACCEPT
devign_8328,qemu,CWE-MemorySafety,0,0,None,ACCEPT
devign_8329,qemu,CWE-MemorySafety,0,0,None,ACCEPT
devign_8330,qemu,CWE-MemorySafety,0,0,None,ACCEPT
devign_8331,qemu,CWE-MemorySafety,0,0,None,ACCEPT
devign_8332,FFmpeg,CWE-MemorySafety,0,0,None,ACCEPT
devign_8334,qemu,CWE-MemorySafety,0,0,None,ACCEPT
devign_8335,qemu,CWE-MemorySafety,0,0,None,ACCEPT
devign_8336,qemu,CWE-MemorySafety,0,1,CWE-252: Unchecked Dynamic Allocation Return,REJECT
devign_8337,qemu,CWE-MemorySafety,0,0,None,ACCEPT
devign_8338,qemu,CWE-MemorySafety,0,0,None,ACCEPT
devign_8339,qemu,CWE-MemorySafety,0,0,None,ACCEPT
devign_8340,qemu,CWE-MemorySafety,0,0,None,ACCEPT
devign_8341,FFmpeg,CWE-MemorySafety,0,0,None,ACCEPT
devign_8343,qemu,CWE-MemorySafety,0,0,None,ACCEPT
devign_8344,qemu,CWE-MemorySafety,0,0,None,ACCEPT
devign_8345,qemu,CWE-MemorySafety,1,0,None,ACCEPT
devign_8347,qemu,CWE-MemorySafety,1,0,None,ACCEPT
devign_8348,qemu,CWE-MemorySafety,1,0,None,ACCEPT
devign_8349,FFmpeg,CWE-MemorySafety,1,0,None,ACCEPT
devign_8350,FFmpeg,CWE-MemorySafety,0,0,None,ACCEPT
devign_8351,FFmpeg,CWE-MemorySafety,0,0,None,ACCEPT
devign_8353,FFmpeg,CWE-MemorySafety,0,0,None,ACCEPT
devign_8354,FFmpeg,CWE-MemorySafety,0,0,None,ACCEPT
devign_8355,FFmpeg,CWE-MemorySafety,1,1,CWE-252: Unchecked Dynamic Allocation Return,REJECT
devign_8356,qemu,CWE-MemorySafety,1,0,None,ACCEPT
devign_8357,qemu,CWE-MemorySafety,1,0,None,ACCEPT
devign_8358,FFmpeg,CWE-MemorySafety,1,0,None,ACCEPT
devign_8359,FFmpeg,CWE-MemorySafety,0,0,None,ACCEPT
devign_8360,qemu,CWE-MemorySafety,1,0,None,ACCEPT
devign_8361,FFmpeg,CWE-MemorySafety,1,0,None,ACCEPT
devign_8362,FFmpeg,CWE-MemorySafety,0,0,None,ACCEPT
devign_8364,FFmpeg,CWE-MemorySafety,1,0,None,ACCEPT
devign_8365,qemu,CWE-MemorySafety,1,0,None,ACCEPT
devign_8367,FFmpeg,CWE-MemorySafety,1,0,None,ACCEPT
devign_8368,FFmpeg,CWE-MemorySafety,1,0,None,ACCEPT
devign_8370,qemu,CWE-MemorySafety,1,0,None,ACCEPT
devign_8371,FFmpeg,CWE-MemorySafety,1,0,None,ACCEPT
devign_8373,qemu,CWE-MemorySafety,1,0,None,ACCEPT
devign_8374,qemu,CWE-MemorySafety,1,0,None,ACCEPT
devign_8375,qemu,CWE-MemorySafety,1,0,None,ACCEPT
devign_8376,qemu,CWE-MemorySafety,1,0,None,ACCEPT
devign_8377,qemu,CWE-MemorySafety,1,1,CWE-120: Unbounded String Operation,REJECT
devign_8378,FFmpeg,CWE-MemorySafety,0,0,None,ACCEPT
devign_8379,qemu,CWE-MemorySafety,1,0,None,ACCEPT
devign_8380,qemu,CWE-MemorySafety,1,0,None,ACCEPT
devign_8381,qemu,CWE-MemorySafety,1,0,None,ACCEPT
devign_8382,FFmpeg,CWE-MemorySafety,1,0,None,ACCEPT
devign_8384,qemu,CWE-MemorySafety,1,0,None,ACCEPT
devign_8385,FFmpeg,CWE-MemorySafety,1,1,CWE-252: Unchecked Dynamic Allocation Return,REJECT
devign_8386,FFmpeg,CWE-MemorySafety,0,0,None,ACCEPT
devign_8387,FFmpeg,CWE-MemorySafety,0,0,None,ACCEPT
devign_8388,FFmpeg,CWE-MemorySafety,0,0,None,ACCEPT
devign_8389,FFmpeg,CWE-MemorySafety,0,0,None,ACCEPT
devign_8391,FFmpeg,CWE-MemorySafety,0,0,None,ACCEPT
devign_8392,FFmpeg,CWE-MemorySafety,0,0,None,ACCEPT
devign_8393,FFmpeg,CWE-MemorySafety,0,0,None,ACCEPT
devign_8396,FFmpeg,CWE-MemorySafety,0,0,None,ACCEPT
devign_8398,FFmpeg,CWE-MemorySafety,1,0,None,ACCEPT
devign_8399,qemu,CWE-MemorySafety,1,0,None,ACCEPT
devign_8400,qemu,CWE-MemorySafety,1,0,None,ACCEPT
devign_8401,FFmpeg,CWE-MemorySafety,1,0,None,ACCEPT
devign_8403,FFmpeg,CWE-MemorySafety,1,0,None,ACCEPT
devign_8404,FFmpeg,CWE-MemorySafety,1,0,None,ACCEPT
devign_8406,FFmpeg,CWE-MemorySafety,1,0,None,ACCEPT
devign_8408,qemu,CWE-MemorySafety,1,0,None,ACCEPT
devign_8409,qemu,CWE-MemorySafety,1,0,None,ACCEPT
devign_8410,qemu,CWE-MemorySafety,1,0,None,ACCEPT
devign_8411,FFmpeg,CWE-MemorySafety,1,0,None,ACCEPT
devign_8412,FFmpeg,CWE-MemorySafety,0,0,None,ACCEPT
devign_8413,FFmpeg,CWE-MemorySafety,0,0,None,ACCEPT
devign_8416,qemu,CWE-MemorySafety,0,0,None,ACCEPT
devign_8417,qemu,CWE-MemorySafety,0,0,None,ACCEPT
devign_8419,FFmpeg,CWE-MemorySafety,0,0,None,ACCEPT
devign_8420,qemu,CWE-MemorySafety,0,0,None,ACCEPT
devign_8421,qemu,CWE-MemorySafety,0,0,None,ACCEPT
devign_8422,qemu,CWE-MemorySafety,0,0,None,ACCEPT
devign_8423,qemu,CWE-MemorySafety,0,0,None,ACCEPT
devign_8424,qemu,CWE-MemorySafety,0,0,None,ACCEPT
devign_8425,qemu,CWE-MemorySafety,0,0,None,ACCEPT
devign_8427,qemu,CWE-MemorySafety,0,0,None,ACCEPT
devign_8428,FFmpeg,CWE-MemorySafety,0,0,None,ACCEPT
devign_8429,qemu,CWE-MemorySafety,0,0,None,ACCEPT
devign_8430,qemu,CWE-MemorySafety,0,0,None,ACCEPT
devign_8431,qemu,CWE-MemorySafety,0,0,None,ACCEPT
devign_8432,qemu,CWE-MemorySafety,0,0,None,ACCEPT
devign_8433,qemu,CWE-MemorySafety,0,0,None,ACCEPT
devign_8434,FFmpeg,CWE-MemorySafety,0,0,None,ACCEPT
devign_8435,FFmpeg,CWE-MemorySafety,0,0,None,ACCEPT
devign_8437,FFmpeg,CWE-MemorySafety,1,0,None,ACCEPT
devign_8438,qemu,CWE-MemorySafety,1,0,None,ACCEPT
devign_8439,qemu,CWE-MemorySafety,1,0,None,ACCEPT
devign_8440,qemu,CWE-MemorySafety,1,0,None,ACCEPT
devign_8441,qemu,CWE-MemorySafety,1,0,None,ACCEPT
devign_8442,qemu,CWE-MemorySafety,1,0,None,ACCEPT
devign_8443,FFmpeg,CWE-MemorySafety,1,0,None,ACCEPT
devign_8445,FFmpeg,CWE-MemorySafety,0,0,None,ACCEPT
devign_8448,qemu,CWE-MemorySafety,1,1,CWE-252: Unchecked Dynamic Allocation Return,REJECT
devign_8449,FFmpeg,CWE-MemorySafety,1,0,None,ACCEPT
devign_8450,qemu,CWE-MemorySafety,1,0,None,ACCEPT
devign_8451,FFmpeg,CWE-MemorySafety,1,0,None,ACCEPT
devign_8452,FFmpeg,CWE-MemorySafety,1,0,None,ACCEPT
devign_8453,qemu,CWE-MemorySafety,0,0,None,ACCEPT
devign_8455,qemu,CWE-MemorySafety,0,0,None,ACCEPT
devign_8456,qemu,CWE-MemorySafety,0,0,None,ACCEPT
devign_8457,qemu,CWE-MemorySafety,0,0,None,ACCEPT
devign_8458,FFmpeg,CWE-MemorySafety,0,0,None,ACCEPT
devign_8459,qemu,CWE-MemorySafety,0,0,None,ACCEPT
devign_8460,qemu,CWE-MemorySafety,0,0,None,ACCEPT
devign_8461,qemu,CWE-MemorySafety,0,0,None,ACCEPT
devign_8462,qemu,CWE-MemorySafety,0,0,None,ACCEPT
devign_8464,qemu,CWE-MemorySafety,0,0,None,ACCEPT
devign_8467,qemu,CWE-MemorySafety,0,0,None,ACCEPT
devign_8468,qemu,CWE-MemorySafety,0,0,None,ACCEPT
devign_8469,qemu,CWE-MemorySafety,0,0,None,ACCEPT
devign_8470,qemu,CWE-MemorySafety,0,1,CWE-120: Unbounded String Operation,REJECT
devign_8471,qemu,CWE-MemorySafety,0,0,None,ACCEPT
devign_8473,qemu,CWE-MemorySafety,0,0,None,ACCEPT
devign_8474,FFmpeg,CWE-MemorySafety,0,0,None,ACCEPT
devign_8475,FFmpeg,CWE-MemorySafety,0,0,None,ACCEPT
devign_8476,FFmpeg,CWE-MemorySafety,0,0,None,ACCEPT
devign_8477,FFmpeg,CWE-MemorySafety,0,0,None,ACCEPT
devign_8479,FFmpeg,CWE-MemorySafety,0,0,None,ACCEPT
devign_8480,FFmpeg,CWE-MemorySafety,0,0,None,ACCEPT
devign_8481,FFmpeg,CWE-MemorySafety,0,0,None,ACCEPT
devign_8482,FFmpeg,CWE-MemorySafety,0,0,None,ACCEPT
devign_8483,FFmpeg,CWE-MemorySafety,0,0,None,ACCEPT
devign_8485,FFmpeg,CWE-MemorySafety,0,0,None,ACCEPT
devign_8486,FFmpeg,CWE-MemorySafety,0,0,None,ACCEPT
devign_8487,FFmpeg,CWE-MemorySafety,0,1,CWE-252: Unchecked Dynamic Allocation Return,REJECT
devign_8488,FFmpeg,CWE-MemorySafety,0,0,None,ACCEPT
devign_8489,FFmpeg,CWE-MemorySafety,0,0,None,ACCEPT
devign_8490,FFmpeg,CWE-MemorySafety,0,0,None,ACCEPT
devign_8491,FFmpeg,CWE-MemorySafety,0,0,None,ACCEPT
devign_8492,qemu,CWE-MemorySafety,0,0,None,ACCEPT
devign_8494,qemu,CWE-MemorySafety,0,0,None,ACCEPT
devign_8495,qemu,CWE-MemorySafety,0,0,None,ACCEPT
devign_8496,qemu,CWE-MemorySafety,0,1,CWE-252: Unchecked Dynamic Allocation Return,REJECT
devign_8498,qemu,CWE-MemorySafety,0,0,None,ACCEPT
devign_8499,qemu,CWE-MemorySafety,0,0,None,ACCEPT
devign_8500,qemu,CWE-MemorySafety,0,0,None,ACCEPT
devign_8501,FFmpeg,CWE-MemorySafety,0,0,None,ACCEPT
devign_8503,qemu,CWE-MemorySafety,0,0,None,ACCEPT
devign_8504,qemu,CWE-MemorySafety,0,0,None,ACCEPT
devign_8505,qemu,CWE-MemorySafety,0,0,None,ACCEPT
devign_8506,qemu,CWE-MemorySafety,0,0,None,ACCEPT
devign_8508,qemu,CWE-MemorySafety,0,0,None,ACCEPT
devign_8509,qemu,CWE-MemorySafety,0,0,None,ACCEPT
devign_8510,FFmpeg,CWE-MemorySafety,0,0,None,ACCEPT
devign_8511,qemu,CWE-MemorySafety,1,0,None,ACCEPT
devign_8512,qemu,CWE-MemorySafety,1,0,None,ACCEPT
devign_8513,FFmpeg,CWE-MemorySafety,1,0,None,ACCEPT
devign_8514,FFmpeg,CWE-MemorySafety,1,0,None,ACCEPT
devign_8515,FFmpeg,CWE-MemorySafety,1,0,None,ACCEPT
devign_8516,qemu,CWE-MemorySafety,1,0,None,ACCEPT
devign_8517,FFmpeg,CWE-MemorySafety,1,0,None,ACCEPT
devign_8518,qemu,CWE-MemorySafety,1,0,None,ACCEPT
devign_8519,qemu,CWE-MemorySafety,1,0,None,ACCEPT
devign_8520,qemu,CWE-MemorySafety,1,0,None,ACCEPT
devign_8521,qemu,CWE-MemorySafety,1,0,None,ACCEPT
devign_8522,FFmpeg,CWE-MemorySafety,1,1,CWE-252: Unchecked Dynamic Allocation Return,REJECT
devign_8523,qemu,CWE-MemorySafety,1,0,None,ACCEPT
devign_8524,qemu,CWE-MemorySafety,1,0,None,ACCEPT
devign_8525,qemu,CWE-MemorySafety,1,0,None,ACCEPT
devign_8527,FFmpeg,CWE-MemorySafety,1,0,None,ACCEPT
devign_8528,qemu,CWE-MemorySafety,1,0,None,ACCEPT
devign_8529,FFmpeg,CWE-MemorySafety,1,0,None,ACCEPT
devign_8530,FFmpeg,CWE-MemorySafety,1,0,None,ACCEPT
devign_8531,qemu,CWE-MemorySafety,1,0,None,ACCEPT
devign_8532,FFmpeg,CWE-MemorySafety,0,0,None,ACCEPT
devign_8533,FFmpeg,CWE-MemorySafety,0,0,None,ACCEPT
devign_8534,FFmpeg,CWE-MemorySafety,0,0,None,ACCEPT
devign_8535,FFmpeg,CWE-MemorySafety,0,0,None,ACCEPT
devign_8536,FFmpeg,CWE-MemorySafety,0,0,None,ACCEPT
devign_8537,FFmpeg,CWE-MemorySafety,0,0,None,ACCEPT
devign_8538,FFmpeg,CWE-MemorySafety,0,0,None,ACCEPT
devign_8539,FFmpeg,CWE-MemorySafety,0,0,None,ACCEPT
devign_8540,FFmpeg,CWE-MemorySafety,0,0,None,ACCEPT
devign_8541,FFmpeg,CWE-MemorySafety,0,0,None,ACCEPT
devign_8542,FFmpeg,CWE-MemorySafety,0,0,None,ACCEPT
devign_8543,FFmpeg,CWE-MemorySafety,0,0,None,ACCEPT
devign_8544,FFmpeg,CWE-MemorySafety,0,0,None,ACCEPT
devign_8546,FFmpeg,CWE-MemorySafety,1,0,None,ACCEPT
devign_8547,FFmpeg,CWE-MemorySafety,1,0,None,ACCEPT
devign_8548,qemu,CWE-MemorySafety,1,0,None,ACCEPT
devign_8549,qemu,CWE-MemorySafety,1,0,None,ACCEPT
devign_8550,FFmpeg,CWE-MemorySafety,1,0,None,ACCEPT
devign_8551,qemu,CWE-MemorySafety,1,0,None,ACCEPT
devign_8553,qemu,CWE-MemorySafety,1,0,None,ACCEPT
devign_8554,qemu,CWE-MemorySafety,1,0,None,ACCEPT
devign_8556,qemu,CWE-MemorySafety,1,0,None,ACCEPT
devign_8557,FFmpeg,CWE-MemorySafety,0,0,None,ACCEPT
devign_8558,qemu,CWE-MemorySafety,1,0,None,ACCEPT
devign_8561,qemu,CWE-MemorySafety,1,0,None,ACCEPT
devign_8562,qemu,CWE-MemorySafety,1,0,None,ACCEPT
devign_8563,qemu,CWE-MemorySafety,1,0,None,ACCEPT
devign_8564,FFmpeg,CWE-MemorySafety,0,0,None,ACCEPT
devign_8565,FFmpeg,CWE-MemorySafety,0,0,None,ACCEPT
devign_8566,FFmpeg,CWE-MemorySafety,0,0,None,ACCEPT
devign_8568,FFmpeg,CWE-MemorySafety,0,0,None,ACCEPT
devign_8569,qemu,CWE-MemorySafety,1,0,None,ACCEPT
devign_8571,FFmpeg,CWE-MemorySafety,1,1,CWE-252: Unchecked Dynamic Allocation Return,REJECT
devign_8572,qemu,CWE-MemorySafety,1,0,None,ACCEPT
devign_8573,FFmpeg,CWE-MemorySafety,0,0,None,ACCEPT
devign_8574,FFmpeg,CWE-MemorySafety,0,0,None,ACCEPT
devign_8576,qemu,CWE-MemorySafety,1,0,None,ACCEPT
devign_8577,qemu,CWE-MemorySafety,1,0,None,ACCEPT
devign_8578,FFmpeg,CWE-MemorySafety,1,0,None,ACCEPT
devign_8580,qemu,CWE-MemorySafety,1,0,None,ACCEPT
devign_8581,qemu,CWE-MemorySafety,1,0,None,ACCEPT
devign_8582,qemu,CWE-MemorySafety,1,0,None,ACCEPT
devign_8583,qemu,CWE-MemorySafety,1,0,None,ACCEPT
devign_8584,qemu,CWE-MemorySafety,1,0,None,ACCEPT
devign_8585,qemu,CWE-MemorySafety,1,0,None,ACCEPT
devign_8586,qemu,CWE-MemorySafety,1,0,None,ACCEPT
devign_8587,qemu,CWE-MemorySafety,1,0,None,ACCEPT
devign_8588,qemu,CWE-MemorySafety,1,0,None,ACCEPT
devign_8590,FFmpeg,CWE-MemorySafety,1,0,None,ACCEPT
devign_8591,qemu,CWE-MemorySafety,1,0,None,ACCEPT
devign_8592,qemu,CWE-MemorySafety,1,0,None,ACCEPT
devign_8593,FFmpeg,CWE-MemorySafety,1,0,None,ACCEPT
devign_8595,FFmpeg,CWE-MemorySafety,1,1,CWE-252: Unchecked Dynamic Allocation Return,REJECT
devign_8596,FFmpeg,CWE-MemorySafety,1,0,None,ACCEPT
devign_8597,qemu,CWE-MemorySafety,1,0,None,ACCEPT
devign_8598,qemu,CWE-MemorySafety,0,0,None,ACCEPT
devign_8599,qemu,CWE-MemorySafety,0,0,None,ACCEPT
devign_8600,qemu,CWE-MemorySafety,0,0,None,ACCEPT
devign_8601,qemu,CWE-MemorySafety,0,0,None,ACCEPT
devign_8602,qemu,CWE-MemorySafety,0,0,None,ACCEPT
devign_8603,qemu,CWE-MemorySafety,0,0,None,ACCEPT
devign_8604,FFmpeg,CWE-MemorySafety,0,0,None,ACCEPT
devign_8605,qemu,CWE-MemorySafety,0,0,None,ACCEPT
devign_8606,qemu,CWE-MemorySafety,0,0,None,ACCEPT
devign_8607,qemu,CWE-MemorySafety,0,0,None,ACCEPT
devign_8608,qemu,CWE-MemorySafety,0,0,None,ACCEPT
devign_8609,qemu,CWE-MemorySafety,0,0,None,ACCEPT
devign_8610,qemu,CWE-MemorySafety,0,0,None,ACCEPT
devign_8611,qemu,CWE-MemorySafety,0,0,None,ACCEPT
devign_8612,qemu,CWE-MemorySafety,0,0,None,ACCEPT
devign_8614,qemu,CWE-MemorySafety,0,0,None,ACCEPT
devign_8615,FFmpeg,CWE-MemorySafety,0,0,None,ACCEPT
devign_8616,qemu,CWE-MemorySafety,0,0,None,ACCEPT
devign_8617,qemu,CWE-MemorySafety,0,0,None,ACCEPT
devign_8618,qemu,CWE-MemorySafety,1,0,None,ACCEPT
devign_8619,qemu,CWE-MemorySafety,1,0,None,ACCEPT
devign_8620,qemu,CWE-MemorySafety,1,0,None,ACCEPT
devign_8621,FFmpeg,CWE-MemorySafety,1,0,None,ACCEPT
devign_8622,qemu,CWE-MemorySafety,1,0,None,ACCEPT
devign_8623,FFmpeg,CWE-MemorySafety,1,0,None,ACCEPT
devign_8625,FFmpeg,CWE-MemorySafety,0,0,None,ACCEPT
devign_8626,FFmpeg,CWE-MemorySafety,1,0,None,ACCEPT
devign_8627,qemu,CWE-MemorySafety,1,0,None,ACCEPT
devign_8628,qemu,CWE-MemorySafety,1,0,None,ACCEPT
devign_8629,FFmpeg,CWE-MemorySafety,1,0,None,ACCEPT
devign_8630,FFmpeg,CWE-MemorySafety,1,0,None,ACCEPT
devign_8632,qemu,CWE-MemorySafety,1,0,None,ACCEPT
devign_8633,FFmpeg,CWE-MemorySafety,0,0,None,ACCEPT
devign_8635,FFmpeg,CWE-MemorySafety,0,0,None,ACCEPT
devign_8637,FFmpeg,CWE-MemorySafety,0,0,None,ACCEPT
devign_8638,FFmpeg,CWE-MemorySafety,0,0,None,ACCEPT
devign_8640,FFmpeg,CWE-MemorySafety,1,0,None,ACCEPT
devign_8642,qemu,CWE-MemorySafety,1,1,CWE-252: Unchecked Dynamic Allocation Return,REJECT
devign_8643,qemu,CWE-MemorySafety,1,0,None,ACCEPT
devign_8644,FFmpeg,CWE-MemorySafety,0,0,None,ACCEPT
devign_8646,FFmpeg,CWE-MemorySafety,0,0,None,ACCEPT
devign_8647,FFmpeg,CWE-MemorySafety,0,0,None,ACCEPT
devign_8648,FFmpeg,CWE-MemorySafety,0,0,None,ACCEPT
devign_8649,FFmpeg,CWE-MemorySafety,0,0,None,ACCEPT
devign_8650,FFmpeg,CWE-MemorySafety,1,0,None,ACCEPT
devign_8651,FFmpeg,CWE-MemorySafety,1,0,None,ACCEPT
devign_8652,qemu,CWE-MemorySafety,1,0,None,ACCEPT
devign_8654,FFmpeg,CWE-MemorySafety,0,0,None,ACCEPT
devign_8656,qemu,CWE-MemorySafety,1,0,None,ACCEPT
devign_8657,qemu,CWE-MemorySafety,1,0,None,ACCEPT
devign_8658,FFmpeg,CWE-MemorySafety,1,1,CWE-252: Unchecked Dynamic Allocation Return,REJECT
devign_8659,FFmpeg,CWE-MemorySafety,1,0,None,ACCEPT
devign_8660,qemu,CWE-MemorySafety,1,0,None,ACCEPT
devign_8662,FFmpeg,CWE-MemorySafety,1,0,None,ACCEPT
devign_8663,qemu,CWE-MemorySafety,1,0,None,ACCEPT
devign_8664,FFmpeg,CWE-MemorySafety,0,0,None,ACCEPT
devign_8665,FFmpeg,CWE-MemorySafety,0,0,None,ACCEPT
devign_8666,FFmpeg,CWE-MemorySafety,0,0,None,ACCEPT
devign_8667,FFmpeg,CWE-MemorySafety,1,0,None,ACCEPT
devign_8669,qemu,CWE-MemorySafety,1,0,None,ACCEPT
devign_8670,qemu,CWE-MemorySafety,1,0,None,ACCEPT
devign_8671,qemu,CWE-MemorySafety,1,0,None,ACCEPT
devign_8672,FFmpeg,CWE-MemorySafety,1,0,None,ACCEPT
devign_8675,qemu,CWE-MemorySafety,1,0,None,ACCEPT
devign_8677,FFmpeg,CWE-MemorySafety,0,0,None,ACCEPT
devign_8678,FFmpeg,CWE-MemorySafety,0,0,None,ACCEPT
devign_8679,FFmpeg,CWE-MemorySafety,0,0,None,ACCEPT
devign_8680,qemu,CWE-MemorySafety,1,0,None,ACCEPT
devign_8681,qemu,CWE-MemorySafety,1,0,None,ACCEPT
devign_8682,qemu,CWE-MemorySafety,1,0,None,ACCEPT
devign_8683,qemu,CWE-MemorySafety,1,0,None,ACCEPT
devign_8684,FFmpeg,CWE-MemorySafety,0,0,None,ACCEPT
devign_8685,FFmpeg,CWE-MemorySafety,0,0,None,ACCEPT
devign_8686,qemu,CWE-MemorySafety,1,0,None,ACCEPT
devign_8687,qemu,CWE-MemorySafety,1,0,None,ACCEPT
devign_8688,FFmpeg,CWE-MemorySafety,1,0,None,ACCEPT
devign_8690,FFmpeg,CWE-MemorySafety,1,0,None,ACCEPT
devign_8691,qemu,CWE-MemorySafety,1,0,None,ACCEPT
devign_8692,qemu,CWE-MemorySafety,1,0,None,ACCEPT
devign_8693,FFmpeg,CWE-MemorySafety,1,0,None,ACCEPT
devign_8694,qemu,CWE-MemorySafety,1,0,None,ACCEPT
devign_8696,FFmpeg,CWE-MemorySafety,1,0,None,ACCEPT
devign_8697,FFmpeg,CWE-MemorySafety,1,0,None,ACCEPT
devign_8699,FFmpeg,CWE-MemorySafety,1,0,None,ACCEPT
devign_8700,qemu,CWE-MemorySafety,1,0,None,ACCEPT
devign_8701,qemu,CWE-MemorySafety,1,0,None,ACCEPT
devign_8702,FFmpeg,CWE-MemorySafety,1,0,None,ACCEPT
devign_8703,FFmpeg,CWE-MemorySafety,0,0,None,ACCEPT
devign_8704,FFmpeg,CWE-MemorySafety,1,0,None,ACCEPT
devign_8705,FFmpeg,CWE-MemorySafety,1,0,None,ACCEPT
devign_8706,qemu,CWE-MemorySafety,1,0,None,ACCEPT
devign_8708,qemu,CWE-MemorySafety,1,0,None,ACCEPT
devign_8709,FFmpeg,CWE-MemorySafety,1,0,None,ACCEPT
devign_8710,qemu,CWE-MemorySafety,1,0,None,ACCEPT
devign_8711,qemu,CWE-MemorySafety,1,1,CWE-120: Unbounded String Operation,REJECT
devign_8712,FFmpeg,CWE-MemorySafety,1,0,None,ACCEPT
devign_8713,FFmpeg,CWE-MemorySafety,1,1,CWE-252: Unchecked Dynamic Allocation Return,REJECT
devign_8714,FFmpeg,CWE-MemorySafety,1,0,None,ACCEPT
devign_8715,qemu,CWE-MemorySafety,1,0,None,ACCEPT
devign_8717,qemu,CWE-MemorySafety,1,0,None,ACCEPT
devign_8719,qemu,CWE-MemorySafety,1,0,None,ACCEPT
devign_8720,FFmpeg,CWE-MemorySafety,1,0,None,ACCEPT
devign_8721,qemu,CWE-MemorySafety,1,0,None,ACCEPT
devign_8722,FFmpeg,CWE-MemorySafety,1,0,None,ACCEPT
devign_8723,FFmpeg,CWE-MemorySafety,1,0,None,ACCEPT
devign_8725,FFmpeg,CWE-MemorySafety,0,0,None,ACCEPT
devign_8727,qemu,CWE-MemorySafety,1,0,None,ACCEPT
devign_8728,qemu,CWE-MemorySafety,1,0,None,ACCEPT
devign_8729,qemu,CWE-MemorySafety,1,0,None,ACCEPT
devign_8730,qemu,CWE-MemorySafety,1,0,None,ACCEPT
devign_8732,qemu,CWE-MemorySafety,0,0,None,ACCEPT
devign_8733,qemu,CWE-MemorySafety,0,0,None,ACCEPT
devign_8734,FFmpeg,CWE-MemorySafety,0,0,None,ACCEPT
devign_8735,qemu,CWE-MemorySafety,0,0,None,ACCEPT
devign_8736,qemu,CWE-MemorySafety,0,0,None,ACCEPT
devign_8737,qemu,CWE-MemorySafety,0,0,None,ACCEPT
devign_8738,qemu,CWE-MemorySafety,0,0,None,ACCEPT
devign_8739,qemu,CWE-MemorySafety,0,0,None,ACCEPT
devign_8740,qemu,CWE-MemorySafety,0,0,None,ACCEPT
devign_8742,qemu,CWE-MemorySafety,0,0,None,ACCEPT
devign_8743,qemu,CWE-MemorySafety,0,0,None,ACCEPT
devign_8744,FFmpeg,CWE-MemorySafety,0,0,None,ACCEPT
devign_8745,qemu,CWE-MemorySafety,0,0,None,ACCEPT
devign_8747,qemu,CWE-MemorySafety,0,0,None,ACCEPT
devign_8748,qemu,CWE-MemorySafety,0,0,None,ACCEPT
devign_8749,qemu,CWE-MemorySafety,0,0,None,ACCEPT
devign_8750,qemu,CWE-MemorySafety,0,0,None,ACCEPT
devign_8751,qemu,CWE-MemorySafety,0,0,None,ACCEPT
devign_8752,qemu,CWE-MemorySafety,1,0,None,ACCEPT
devign_8753,FFmpeg,CWE-MemorySafety,1,0,None,ACCEPT
devign_8754,FFmpeg,CWE-MemorySafety,1,0,None,ACCEPT
devign_8755,qemu,CWE-MemorySafety,1,0,None,ACCEPT
devign_8756,qemu,CWE-MemorySafety,1,0,None,ACCEPT
devign_8758,qemu,CWE-MemorySafety,1,0,None,ACCEPT
devign_8761,FFmpeg,CWE-MemorySafety,1,0,None,ACCEPT
devign_8762,qemu,CWE-MemorySafety,1,0,None,ACCEPT
devign_8763,FFmpeg,CWE-MemorySafety,1,0,None,ACCEPT
devign_8764,FFmpeg,CWE-MemorySafety,0,0,None,ACCEPT
devign_8765,FFmpeg,CWE-MemorySafety,0,1,CWE-252: Unchecked Dynamic Allocation Return,REJECT
devign_8766,FFmpeg,CWE-MemorySafety,0,0,None,ACCEPT
devign_8767,FFmpeg,CWE-MemorySafety,0,0,None,ACCEPT
devign_8768,qemu,CWE-MemorySafety,0,0,None,ACCEPT
devign_8769,qemu,CWE-MemorySafety,0,0,None,ACCEPT
devign_8770,qemu,CWE-MemorySafety,0,0,None,ACCEPT
devign_8771,qemu,CWE-MemorySafety,0,0,None,ACCEPT
devign_8772,qemu,CWE-MemorySafety,0,0,None,ACCEPT
devign_8773,qemu,CWE-MemorySafety,0,0,None,ACCEPT
devign_8774,qemu,CWE-MemorySafety,0,0,None,ACCEPT
devign_8775,qemu,CWE-MemorySafety,0,0,None,ACCEPT
devign_8777,qemu,CWE-MemorySafety,0,0,None,ACCEPT
devign_8778,qemu,CWE-MemorySafety,0,0,None,ACCEPT
devign_8779,qemu,CWE-MemorySafety,0,0,None,ACCEPT
devign_8780,qemu,CWE-MemorySafety,0,0,None,ACCEPT
devign_8782,qemu,CWE-MemorySafety,0,0,None,ACCEPT
devign_8783,qemu,CWE-MemorySafety,0,1,CWE-252: Unchecked Dynamic Allocation Return,REJECT
devign_8785,FFmpeg,CWE-MemorySafety,0,0,None,ACCEPT
devign_8789,qemu,CWE-MemorySafety,0,0,None,ACCEPT
devign_8790,qemu,CWE-MemorySafety,0,0,None,ACCEPT
devign_8791,qemu,CWE-MemorySafety,0,0,None,ACCEPT
devign_8792,qemu,CWE-MemorySafety,0,0,None,ACCEPT
devign_8793,qemu,CWE-MemorySafety,0,0,None,ACCEPT
devign_8794,qemu,CWE-MemorySafety,0,0,None,ACCEPT
devign_8795,qemu,CWE-MemorySafety,0,0,None,ACCEPT
devign_8796,qemu,CWE-MemorySafety,0,0,None,ACCEPT
devign_8797,qemu,CWE-MemorySafety,0,0,None,ACCEPT
devign_8798,qemu,CWE-MemorySafety,0,1,CWE-252: Unchecked Dynamic Allocation Return,REJECT
devign_8799,qemu,CWE-MemorySafety,0,0,None,ACCEPT
devign_8800,qemu,CWE-MemorySafety,1,0,None,ACCEPT
devign_8802,qemu,CWE-MemorySafety,1,0,None,ACCEPT
devign_8804,qemu,CWE-MemorySafety,1,0,None,ACCEPT
devign_8807,qemu,CWE-MemorySafety,1,0,None,ACCEPT
devign_8809,qemu,CWE-MemorySafety,1,0,None,ACCEPT
devign_8811,qemu,CWE-MemorySafety,1,0,None,ACCEPT
devign_8814,qemu,CWE-MemorySafety,0,0,None,ACCEPT
devign_8815,qemu,CWE-MemorySafety,0,0,None,ACCEPT
devign_8816,FFmpeg,CWE-MemorySafety,0,0,None,ACCEPT
devign_8817,FFmpeg,CWE-MemorySafety,0,0,None,ACCEPT
devign_8818,qemu,CWE-MemorySafety,0,0,None,ACCEPT
devign_8819,qemu,CWE-MemorySafety,0,0,None,ACCEPT
devign_8821,qemu,CWE-MemorySafety,0,0,None,ACCEPT
devign_8822,qemu,CWE-MemorySafety,0,0,None,ACCEPT
devign_8824,qemu,CWE-MemorySafety,0,0,None,ACCEPT
devign_8827,qemu,CWE-MemorySafety,0,0,None,ACCEPT
devign_8828,FFmpeg,CWE-MemorySafety,0,0,None,ACCEPT
devign_8830,qemu,CWE-MemorySafety,0,0,None,ACCEPT
devign_8831,FFmpeg,CWE-MemorySafety,0,0,None,ACCEPT
devign_8832,qemu,CWE-MemorySafety,0,0,None,ACCEPT
devign_8833,qemu,CWE-MemorySafety,0,0,None,ACCEPT
devign_8834,qemu,CWE-MemorySafety,0,0,None,ACCEPT
devign_8835,qemu,CWE-MemorySafety,0,0,None,ACCEPT
devign_8837,qemu,CWE-MemorySafety,0,0,None,ACCEPT
devign_8838,qemu,CWE-MemorySafety,0,0,None,ACCEPT
devign_8839,qemu,CWE-MemorySafety,0,0,None,ACCEPT
devign_8840,qemu,CWE-MemorySafety,0,0,None,ACCEPT
devign_8841,FFmpeg,CWE-MemorySafety,0,0,None,ACCEPT
devign_8843,qemu,CWE-MemorySafety,0,0,None,ACCEPT
devign_8844,qemu,CWE-MemorySafety,0,0,None,ACCEPT
devign_8845,qemu,CWE-MemorySafety,0,0,None,ACCEPT
devign_8846,qemu,CWE-MemorySafety,0,0,None,ACCEPT
devign_8847,qemu,CWE-MemorySafety,0,0,None,ACCEPT
devign_8848,FFmpeg,CWE-MemorySafety,0,0,None,ACCEPT
devign_8849,FFmpeg,CWE-MemorySafety,0,0,None,ACCEPT
devign_8850,FFmpeg,CWE-MemorySafety,0,0,None,ACCEPT
devign_8851,FFmpeg,CWE-MemorySafety,0,0,None,ACCEPT
devign_8853,FFmpeg,CWE-MemorySafety,0,0,None,ACCEPT
devign_8854,FFmpeg,CWE-MemorySafety,0,0,None,ACCEPT
devign_8856,FFmpeg,CWE-MemorySafety,0,0,None,ACCEPT
devign_8858,FFmpeg,CWE-MemorySafety,0,1,CWE-252: Unchecked Dynamic Allocation Return,REJECT
devign_8859,FFmpeg,CWE-MemorySafety,1,0,None,ACCEPT
devign_8860,qemu,CWE-MemorySafety,1,0,None,ACCEPT
devign_8861,FFmpeg,CWE-MemorySafety,1,0,None,ACCEPT
devign_8862,FFmpeg,CWE-MemorySafety,0,0,None,ACCEPT
devign_8863,qemu,CWE-MemorySafety,1,0,None,ACCEPT
devign_8864,qemu,CWE-MemorySafety,1,0,None,ACCEPT
devign_8865,FFmpeg,CWE-MemorySafety,0,0,None,ACCEPT
devign_8866,FFmpeg,CWE-MemorySafety,0,1,CWE-120: Unbounded String Operation,REJECT
devign_8867,qemu,CWE-MemorySafety,1,0,None,ACCEPT
devign_8868,FFmpeg,CWE-MemorySafety,1,0,None,ACCEPT
devign_8869,FFmpeg,CWE-MemorySafety,1,0,None,ACCEPT
devign_8870,FFmpeg,CWE-MemorySafety,1,0,None,ACCEPT
devign_8871,FFmpeg,CWE-MemorySafety,1,1,CWE-252: Unchecked Dynamic Allocation Return,REJECT
devign_8873,qemu,CWE-MemorySafety,1,0,None,ACCEPT
devign_8874,FFmpeg,CWE-MemorySafety,1,0,None,ACCEPT
devign_8875,qemu,CWE-MemorySafety,1,0,None,ACCEPT
devign_8876,FFmpeg,CWE-MemorySafety,1,1,CWE-252: Unchecked Dynamic Allocation Return,REJECT
devign_8877,FFmpeg,CWE-MemorySafety,0,0,None,ACCEPT
devign_8878,qemu,CWE-MemorySafety,1,0,None,ACCEPT
devign_8879,qemu,CWE-MemorySafety,1,0,None,ACCEPT
devign_8880,qemu,CWE-MemorySafety,1,0,None,ACCEPT
devign_8881,FFmpeg,CWE-MemorySafety,1,0,None,ACCEPT
devign_8882,FFmpeg,CWE-MemorySafety,1,0,None,ACCEPT
devign_8883,FFmpeg,CWE-MemorySafety,1,0,None,ACCEPT
devign_8886,FFmpeg,CWE-MemorySafety,0,0,None,ACCEPT
devign_8887,FFmpeg,CWE-MemorySafety,0,0,None,ACCEPT
devign_8888,FFmpeg,CWE-MemorySafety,0,0,None,ACCEPT
devign_8889,FFmpeg,CWE-MemorySafety,0,0,None,ACCEPT
devign_8891,FFmpeg,CWE-MemorySafety,1,0,None,ACCEPT
devign_8895,qemu,CWE-MemorySafety,1,0,None,ACCEPT
devign_8896,FFmpeg,CWE-MemorySafety,1,0,None,ACCEPT
devign_8897,qemu,CWE-MemorySafety,1,0,None,ACCEPT
devign_8899,FFmpeg,CWE-MemorySafety,0,0,None,ACCEPT
devign_8900,FFmpeg,CWE-MemorySafety,0,0,None,ACCEPT
devign_8901,FFmpeg,CWE-MemorySafety,0,0,None,ACCEPT
devign_8902,FFmpeg,CWE-MemorySafety,0,0,None,ACCEPT
devign_8904,FFmpeg,CWE-MemorySafety,0,0,None,ACCEPT
devign_8905,FFmpeg,CWE-MemorySafety,0,1,CWE-252: Unchecked Dynamic Allocation Return,REJECT
devign_8906,FFmpeg,CWE-MemorySafety,0,0,None,ACCEPT
devign_8907,qemu,CWE-MemorySafety,1,0,None,ACCEPT
devign_8908,FFmpeg,CWE-MemorySafety,1,0,None,ACCEPT
devign_8909,qemu,CWE-MemorySafety,1,0,None,ACCEPT
devign_8911,qemu,CWE-MemorySafety,1,0,None,ACCEPT
devign_8912,FFmpeg,CWE-MemorySafety,1,0,None,ACCEPT
devign_8913,qemu,CWE-MemorySafety,1,0,None,ACCEPT
devign_8914,qemu,CWE-MemorySafety,1,0,None,ACCEPT
devign_8915,FFmpeg,CWE-MemorySafety,1,0,None,ACCEPT
devign_8916,FFmpeg,CWE-MemorySafety,1,0,None,ACCEPT
devign_8917,qemu,CWE-MemorySafety,1,0,None,ACCEPT
devign_8918,FFmpeg,CWE-MemorySafety,0,0,None,ACCEPT
devign_8919,FFmpeg,CWE-MemorySafety,0,0,None,ACCEPT
devign_8920,FFmpeg,CWE-MemorySafety,0,0,None,ACCEPT
devign_8921,FFmpeg,CWE-MemorySafety,1,0,None,ACCEPT
devign_8922,qemu,CWE-MemorySafety,1,0,None,ACCEPT
devign_8925,FFmpeg,CWE-MemorySafety,1,0,None,ACCEPT
devign_8928,qemu,CWE-MemorySafety,1,0,None,ACCEPT
devign_8930,FFmpeg,CWE-MemorySafety,1,0,None,ACCEPT
devign_8931,qemu,CWE-MemorySafety,1,0,None,ACCEPT
devign_8932,FFmpeg,CWE-MemorySafety,1,0,None,ACCEPT
devign_8935,qemu,CWE-MemorySafety,0,0,None,ACCEPT
devign_8936,qemu,CWE-MemorySafety,0,0,None,ACCEPT
devign_8938,FFmpeg,CWE-MemorySafety,0,0,None,ACCEPT
devign_8939,qemu,CWE-MemorySafety,0,0,None,ACCEPT
devign_8940,qemu,CWE-MemorySafety,0,0,None,ACCEPT
devign_8942,qemu,CWE-MemorySafety,0,0,None,ACCEPT
devign_8944,qemu,CWE-MemorySafety,0,0,None,ACCEPT
devign_8946,qemu,CWE-MemorySafety,0,1,CWE-120: Unbounded String Operation,REJECT
devign_8947,qemu,CWE-MemorySafety,0,0,None,ACCEPT
devign_8948,qemu,CWE-MemorySafety,0,0,None,ACCEPT
devign_8951,qemu,CWE-MemorySafety,0,0,None,ACCEPT
devign_8953,qemu,CWE-MemorySafety,0,0,None,ACCEPT
devign_8954,qemu,CWE-MemorySafety,0,0,None,ACCEPT
devign_8955,qemu,CWE-MemorySafety,0,0,None,ACCEPT
devign_8956,qemu,CWE-MemorySafety,0,0,None,ACCEPT
devign_8957,qemu,CWE-MemorySafety,0,0,None,ACCEPT
devign_8958,FFmpeg,CWE-MemorySafety,0,0,None,ACCEPT
devign_8959,FFmpeg,CWE-MemorySafety,0,0,None,ACCEPT
devign_8960,FFmpeg,CWE-MemorySafety,0,0,None,ACCEPT
devign_8961,qemu,CWE-MemorySafety,1,0,None,ACCEPT
devign_8962,FFmpeg,CWE-MemorySafety,1,1,CWE-252: Unchecked Dynamic Allocation Return,REJECT
devign_8963,qemu,CWE-MemorySafety,1,0,None,ACCEPT
devign_8964,FFmpeg,CWE-MemorySafety,1,0,None,ACCEPT
devign_8966,qemu,CWE-MemorySafety,0,0,None,ACCEPT
devign_8967,qemu,CWE-MemorySafety,0,0,None,ACCEPT
devign_8968,qemu,CWE-MemorySafety,0,0,None,ACCEPT
devign_8969,qemu,CWE-MemorySafety,0,0,None,ACCEPT
devign_8971,FFmpeg,CWE-MemorySafety,0,0,None,ACCEPT
devign_8972,qemu,CWE-MemorySafety,0,0,None,ACCEPT
devign_8976,qemu,CWE-MemorySafety,0,0,None,ACCEPT
devign_8977,qemu,CWE-MemorySafety,0,0,None,ACCEPT
devign_8978,qemu,CWE-MemorySafety,0,0,None,ACCEPT
devign_8979,qemu,CWE-MemorySafety,0,0,None,ACCEPT
devign_8980,qemu,CWE-MemorySafety,0,0,None,ACCEPT
devign_8982,FFmpeg,CWE-MemorySafety,0,0,None,ACCEPT
devign_8983,qemu,CWE-MemorySafety,0,0,None,ACCEPT
devign_8984,qemu,CWE-MemorySafety,0,0,None,ACCEPT
devign_8985,qemu,CWE-MemorySafety,0,0,None,ACCEPT
devign_8986,qemu,CWE-MemorySafety,0,0,None,ACCEPT
devign_8987,qemu,CWE-MemorySafety,0,0,None,ACCEPT
devign_8988,qemu,CWE-MemorySafety,1,0,None,ACCEPT
devign_8989,qemu,CWE-MemorySafety,1,0,None,ACCEPT
devign_8990,qemu,CWE-MemorySafety,1,0,None,ACCEPT
devign_8991,qemu,CWE-MemorySafety,1,0,None,ACCEPT
devign_8992,qemu,CWE-MemorySafety,1,0,None,ACCEPT
devign_8994,FFmpeg,CWE-MemorySafety,1,0,None,ACCEPT
devign_8995,FFmpeg,CWE-MemorySafety,1,0,None,ACCEPT
devign_8996,FFmpeg,CWE-MemorySafety,1,0,None,ACCEPT
devign_8997,FFmpeg,CWE-MemorySafety,1,0,None,ACCEPT
devign_8998,qemu,CWE-MemorySafety,1,0,None,ACCEPT
devign_8999,qemu,CWE-MemorySafety,1,0,None,ACCEPT
devign_9000,FFmpeg,CWE-MemorySafety,0,0,None,ACCEPT
devign_9001,FFmpeg,CWE-MemorySafety,0,0,None,ACCEPT
devign_9002,FFmpeg,CWE-MemorySafety,0,0,None,ACCEPT
devign_9003,qemu,CWE-MemorySafety,1,0,None,ACCEPT
devign_9005,FFmpeg,CWE-MemorySafety,1,0,None,ACCEPT
devign_9006,FFmpeg,CWE-MemorySafety,1,0,None,ACCEPT
devign_9009,qemu,CWE-MemorySafety,1,0,None,ACCEPT
devign_9010,qemu,CWE-MemorySafety,1,0,None,ACCEPT
devign_9011,qemu,CWE-MemorySafety,1,0,None,ACCEPT
devign_9014,qemu,CWE-MemorySafety,1,0,None,ACCEPT
devign_9015,qemu,CWE-MemorySafety,1,0,None,ACCEPT
devign_9017,FFmpeg,CWE-MemorySafety,1,0,None,ACCEPT
devign_9018,qemu,CWE-MemorySafety,1,0,None,ACCEPT
devign_9019,FFmpeg,CWE-MemorySafety,1,0,None,ACCEPT
devign_9020,FFmpeg,CWE-MemorySafety,0,0,None,ACCEPT
devign_9021,FFmpeg,CWE-MemorySafety,0,0,None,ACCEPT
devign_9022,FFmpeg,CWE-MemorySafety,1,0,None,ACCEPT
devign_9023,qemu,CWE-MemorySafety,1,0,None,ACCEPT
devign_9024,qemu,CWE-MemorySafety,1,0,None,ACCEPT
devign_9025,qemu,CWE-MemorySafety,1,0,None,ACCEPT
devign_9026,qemu,CWE-MemorySafety,1,0,None,ACCEPT
devign_9027,qemu,CWE-MemorySafety,1,0,None,ACCEPT
devign_9029,FFmpeg,CWE-MemorySafety,1,0,None,ACCEPT
devign_9030,qemu,CWE-MemorySafety,1,0,None,ACCEPT
devign_9031,FFmpeg,CWE-MemorySafety,1,0,None,ACCEPT
devign_9032,qemu,CWE-MemorySafety,1,0,None,ACCEPT
devign_9033,FFmpeg,CWE-MemorySafety,1,0,None,ACCEPT
devign_9034,FFmpeg,CWE-MemorySafety,1,0,None,ACCEPT
devign_9035,qemu,CWE-MemorySafety,1,0,None,ACCEPT
devign_9036,FFmpeg,CWE-MemorySafety,1,1,CWE-252: Unchecked Dynamic Allocation Return,REJECT
devign_9037,qemu,CWE-MemorySafety,1,0,None,ACCEPT
devign_9038,qemu,CWE-MemorySafety,1,0,None,ACCEPT
devign_9039,FFmpeg,CWE-MemorySafety,1,0,None,ACCEPT
devign_9042,FFmpeg,CWE-MemorySafety,0,0,None,ACCEPT
devign_9043,FFmpeg,CWE-MemorySafety,0,0,None,ACCEPT
devign_9044,qemu,CWE-MemorySafety,1,0,None,ACCEPT
devign_9045,qemu,CWE-MemorySafety,1,0,None,ACCEPT
devign_9046,qemu,CWE-MemorySafety,1,0,None,ACCEPT
devign_9047,FFmpeg,CWE-MemorySafety,1,0,None,ACCEPT
devign_9048,qemu,CWE-MemorySafety,1,0,None,ACCEPT
devign_9049,qemu,CWE-MemorySafety,0,0,None,ACCEPT
devign_9050,qemu,CWE-MemorySafety,0,0,None,ACCEPT
devign_9051,qemu,CWE-MemorySafety,0,0,None,ACCEPT
devign_9052,qemu,CWE-MemorySafety,0,0,None,ACCEPT
devign_9053,qemu,CWE-MemorySafety,0,0,None,ACCEPT
devign_9054,qemu,CWE-MemorySafety,0,0,None,ACCEPT
devign_9056,qemu,CWE-MemorySafety,0,0,None,ACCEPT
devign_9057,qemu,CWE-MemorySafety,0,0,None,ACCEPT
devign_9058,FFmpeg,CWE-MemorySafety,0,0,None,ACCEPT
devign_9059,qemu,CWE-MemorySafety,0,0,None,ACCEPT
devign_9060,qemu,CWE-MemorySafety,0,0,None,ACCEPT
devign_9061,qemu,CWE-MemorySafety,0,0,None,ACCEPT
devign_9062,qemu,CWE-MemorySafety,0,0,None,ACCEPT
devign_9063,qemu,CWE-MemorySafety,0,0,None,ACCEPT
devign_9065,FFmpeg,CWE-MemorySafety,0,0,None,ACCEPT
devign_9067,FFmpeg,CWE-MemorySafety,0,0,None,ACCEPT
devign_9068,FFmpeg,CWE-MemorySafety,0,0,None,ACCEPT
devign_9070,FFmpeg,CWE-MemorySafety,1,0,None,ACCEPT
devign_9071,FFmpeg,CWE-MemorySafety,1,0,None,ACCEPT
devign_9072,qemu,CWE-MemorySafety,1,0,None,ACCEPT
devign_9074,FFmpeg,CWE-MemorySafety,1,0,None,ACCEPT
devign_9075,FFmpeg,CWE-MemorySafety,1,0,None,ACCEPT
devign_9077,qemu,CWE-MemorySafety,1,0,None,ACCEPT
devign_9079,FFmpeg,CWE-MemorySafety,1,0,None,ACCEPT
devign_9080,FFmpeg,CWE-MemorySafety,0,0,None,ACCEPT
devign_9081,qemu,CWE-MemorySafety,1,0,None,ACCEPT
devign_9082,FFmpeg,CWE-MemorySafety,1,0,None,ACCEPT
devign_9083,qemu,CWE-MemorySafety,0,0,None,ACCEPT
devign_9084,qemu,CWE-MemorySafety,0,0,None,ACCEPT
devign_9085,qemu,CWE-MemorySafety,0,0,None,ACCEPT
devign_9086,qemu,CWE-MemorySafety,0,0,None,ACCEPT
devign_9087,qemu,CWE-MemorySafety,0,0,None,ACCEPT
devign_9088,qemu,CWE-MemorySafety,0,0,None,ACCEPT
devign_9090,qemu,CWE-MemorySafety,0,0,None,ACCEPT
devign_9091,FFmpeg,CWE-MemorySafety,0,0,None,ACCEPT
devign_9092,qemu,CWE-MemorySafety,0,0,None,ACCEPT
devign_9093,qemu,CWE-MemorySafety,0,0,None,ACCEPT
devign_9094,qemu,CWE-MemorySafety,0,0,None,ACCEPT
devign_9095,qemu,CWE-MemorySafety,0,0,None,ACCEPT
devign_9096,qemu,CWE-MemorySafety,0,0,None,ACCEPT
devign_9097,qemu,CWE-MemorySafety,0,0,None,ACCEPT
devign_9098,qemu,CWE-MemorySafety,0,0,None,ACCEPT
devign_9099,FFmpeg,CWE-MemorySafety,0,0,None,ACCEPT
devign_9100,qemu,CWE-MemorySafety,0,0,None,ACCEPT
devign_9101,qemu,CWE-MemorySafety,0,0,None,ACCEPT
devign_9102,qemu,CWE-MemorySafety,0,0,None,ACCEPT
devign_9104,FFmpeg,CWE-MemorySafety,1,0,None,ACCEPT
devign_9105,FFmpeg,CWE-MemorySafety,1,1,CWE-252: Unchecked Dynamic Allocation Return,REJECT
devign_9107,FFmpeg,CWE-MemorySafety,1,0,None,ACCEPT
devign_9108,qemu,CWE-MemorySafety,1,0,None,ACCEPT
devign_9109,FFmpeg,CWE-MemorySafety,1,0,None,ACCEPT
devign_9110,FFmpeg,CWE-MemorySafety,0,0,None,ACCEPT
devign_9111,qemu,CWE-MemorySafety,1,0,None,ACCEPT
devign_9113,FFmpeg,CWE-MemorySafety,1,0,None,ACCEPT
devign_9114,qemu,CWE-MemorySafety,1,0,None,ACCEPT
devign_9115,FFmpeg,CWE-MemorySafety,1,0,None,ACCEPT
devign_9118,FFmpeg,CWE-MemorySafety,1,0,None,ACCEPT
devign_9119,qemu,CWE-MemorySafety,1,0,None,ACCEPT
devign_9122,FFmpeg,CWE-MemorySafety,1,0,None,ACCEPT
devign_9123,qemu,CWE-MemorySafety,1,0,None,ACCEPT
devign_9124,FFmpeg,CWE-MemorySafety,1,0,None,ACCEPT
devign_9125,FFmpeg,CWE-MemorySafety,0,0,None,ACCEPT
devign_9126,FFmpeg,CWE-MemorySafety,0,0,None,ACCEPT
devign_9127,qemu,CWE-MemorySafety,1,0,None,ACCEPT
devign_9128,FFmpeg,CWE-MemorySafety,0,0,None,ACCEPT
devign_9131,qemu,CWE-MemorySafety,1,0,None,ACCEPT
devign_9132,qemu,CWE-MemorySafety,1,0,None,ACCEPT
devign_9133,qemu,CWE-MemorySafety,1,0,None,ACCEPT
devign_9134,FFmpeg,CWE-MemorySafety,1,0,None,ACCEPT
devign_9135,FFmpeg,CWE-MemorySafety,1,0,None,ACCEPT
devign_9136,FFmpeg,CWE-MemorySafety,0,0,None,ACCEPT
devign_9138,qemu,CWE-MemorySafety,1,0,None,ACCEPT
devign_9139,qemu,CWE-MemorySafety,1,0,None,ACCEPT
devign_9140,qemu,CWE-MemorySafety,1,0,None,ACCEPT
devign_9141,qemu,CWE-MemorySafety,1,0,None,ACCEPT
devign_9142,FFmpeg,CWE-MemorySafety,1,0,None,ACCEPT
devign_9143,FFmpeg,CWE-MemorySafety,0,0,None,ACCEPT
devign_9144,qemu,CWE-MemorySafety,1,0,None,ACCEPT
devign_9145,qemu,CWE-MemorySafety,1,0,None,ACCEPT
devign_9146,FFmpeg,CWE-MemorySafety,1,1,CWE-252: Unchecked Dynamic Allocation Return,REJECT
devign_9148,qemu,CWE-MemorySafety,1,0,None,ACCEPT
devign_9149,qemu,CWE-MemorySafety,1,0,None,ACCEPT
devign_9150,FFmpeg,CWE-MemorySafety,1,0,None,ACCEPT
devign_9151,FFmpeg,CWE-MemorySafety,0,1,CWE-252: Unchecked Dynamic Allocation Return,REJECT
devign_9153,qemu,CWE-MemorySafety,1,0,None,ACCEPT
devign_9154,FFmpeg,CWE-MemorySafety,1,0,None,ACCEPT
devign_9156,qemu,CWE-MemorySafety,1,0,None,ACCEPT
devign_9157,qemu,CWE-MemorySafety,1,0,None,ACCEPT
devign_9158,FFmpeg,CWE-MemorySafety,0,0,None,ACCEPT
devign_9160,FFmpeg,CWE-MemorySafety,1,0,None,ACCEPT
devign_9161,qemu,CWE-MemorySafety,1,0,None,ACCEPT
devign_9162,qemu,CWE-MemorySafety,0,0,None,ACCEPT
devign_9164,qemu,CWE-MemorySafety,0,0,None,ACCEPT
devign_9165,qemu,CWE-MemorySafety,0,0,None,ACCEPT
devign_9166,FFmpeg,CWE-MemorySafety,0,0,None,ACCEPT
devign_9167,qemu,CWE-MemorySafety,0,0,None,ACCEPT
devign_9168,qemu,CWE-MemorySafety,0,0,None,ACCEPT
devign_9169,qemu,CWE-MemorySafety,0,0,None,ACCEPT
devign_9170,qemu,CWE-MemorySafety,0,0,None,ACCEPT
devign_9171,qemu,CWE-MemorySafety,0,0,None,ACCEPT
devign_9173,qemu,CWE-MemorySafety,0,0,None,ACCEPT
devign_9174,qemu,CWE-MemorySafety,0,0,None,ACCEPT
devign_9175,qemu,CWE-MemorySafety,0,0,None,ACCEPT
devign_9176,FFmpeg,CWE-MemorySafety,0,0,None,ACCEPT
devign_9178,qemu,CWE-MemorySafety,0,0,None,ACCEPT
devign_9179,FFmpeg,CWE-MemorySafety,0,0,None,ACCEPT
devign_9180,FFmpeg,CWE-MemorySafety,0,0,None,ACCEPT
devign_9181,FFmpeg,CWE-MemorySafety,0,0,None,ACCEPT
devign_9182,FFmpeg,CWE-MemorySafety,0,1,CWE-252: Unchecked Dynamic Allocation Return,REJECT
devign_9183,FFmpeg,CWE-MemorySafety,0,0,None,ACCEPT
devign_9184,FFmpeg,CWE-MemorySafety,0,0,None,ACCEPT
devign_9185,FFmpeg,CWE-MemorySafety,0,0,None,ACCEPT
devign_9186,FFmpeg,CWE-MemorySafety,0,0,None,ACCEPT
devign_9187,FFmpeg,CWE-MemorySafety,0,0,None,ACCEPT
devign_9188,FFmpeg,CWE-MemorySafety,0,0,None,ACCEPT
devign_9190,FFmpeg,CWE-MemorySafety,1,0,None,ACCEPT
devign_9191,FFmpeg,CWE-MemorySafety,1,0,None,ACCEPT
devign_9192,FFmpeg,CWE-MemorySafety,1,0,None,ACCEPT
devign_9193,FFmpeg,CWE-MemorySafety,1,1,CWE-252: Unchecked Dynamic Allocation Return,REJECT
devign_9194,qemu,CWE-MemorySafety,1,0,None,ACCEPT
devign_9195,FFmpeg,CWE-MemorySafety,0,0,None,ACCEPT
devign_9196,FFmpeg,CWE-MemorySafety,0,0,None,ACCEPT
devign_9197,FFmpeg,CWE-MemorySafety,0,0,None,ACCEPT
devign_9198,FFmpeg,CWE-MemorySafety,0,0,None,ACCEPT
devign_9199,FFmpeg,CWE-MemorySafety,0,0,None,ACCEPT
devign_9200,FFmpeg,CWE-MemorySafety,0,0,None,ACCEPT
devign_9201,qemu,CWE-MemorySafety,1,0,None,ACCEPT
devign_9202,FFmpeg,CWE-MemorySafety,1,0,None,ACCEPT
devign_9203,FFmpeg,CWE-MemorySafety,1,0,None,ACCEPT
devign_9205,qemu,CWE-MemorySafety,1,0,None,ACCEPT
devign_9206,qemu,CWE-MemorySafety,1,0,None,ACCEPT
devign_9207,qemu,CWE-MemorySafety,1,0,None,ACCEPT
devign_9209,FFmpeg,CWE-MemorySafety,1,0,None,ACCEPT
devign_9210,FFmpeg,CWE-MemorySafety,1,0,None,ACCEPT
devign_9211,qemu,CWE-MemorySafety,1,0,None,ACCEPT
devign_9212,FFmpeg,CWE-MemorySafety,1,0,None,ACCEPT
devign_9213,qemu,CWE-MemorySafety,1,0,None,ACCEPT
devign_9215,FFmpeg,CWE-MemorySafety,0,0,None,ACCEPT
devign_9216,FFmpeg,CWE-MemorySafety,0,0,None,ACCEPT
devign_9217,FFmpeg,CWE-MemorySafety,0,0,None,ACCEPT
devign_9218,FFmpeg,CWE-MemorySafety,0,0,None,ACCEPT
devign_9219,qemu,CWE-MemorySafety,1,0,None,ACCEPT
devign_9220,qemu,CWE-MemorySafety,1,0,None,ACCEPT
devign_9221,qemu,CWE-MemorySafety,1,0,None,ACCEPT
devign_9225,FFmpeg,CWE-MemorySafety,0,0,None,ACCEPT
devign_9226,FFmpeg,CWE-MemorySafety,0,0,None,ACCEPT
devign_9228,qemu,CWE-MemorySafety,1,0,None,ACCEPT
devign_9230,FFmpeg,CWE-MemorySafety,1,1,CWE-252: Unchecked Dynamic Allocation Return,REJECT
devign_9231,qemu,CWE-MemorySafety,1,0,None,ACCEPT
devign_9233,FFmpeg,CWE-MemorySafety,1,0,None,ACCEPT
devign_9234,qemu,CWE-MemorySafety,1,0,None,ACCEPT
devign_9235,qemu,CWE-MemorySafety,1,0,None,ACCEPT
devign_9237,qemu,CWE-MemorySafety,1,0,None,ACCEPT
devign_9238,FFmpeg,CWE-MemorySafety,1,0,None,ACCEPT
devign_9240,FFmpeg,CWE-MemorySafety,0,0,None,ACCEPT
devign_9241,FFmpeg,CWE-MemorySafety,0,0,None,ACCEPT
devign_9243,qemu,CWE-MemorySafety,1,0,None,ACCEPT
devign_9246,qemu,CWE-MemorySafety,1,0,None,ACCEPT
devign_9247,FFmpeg,CWE-MemorySafety,1,0,None,ACCEPT
devign_9248,FFmpeg,CWE-MemorySafety,1,0,None,ACCEPT
devign_9249,FFmpeg,CWE-MemorySafety,1,0,None,ACCEPT
devign_9250,FFmpeg,CWE-MemorySafety,1,0,None,ACCEPT
devign_9253,qemu,CWE-MemorySafety,1,0,None,ACCEPT
devign_9255,qemu,CWE-MemorySafety,1,0,None,ACCEPT
devign_9256,qemu,CWE-MemorySafety,1,0,None,ACCEPT
devign_9257,qemu,CWE-MemorySafety,1,0,None,ACCEPT
devign_9258,qemu,CWE-MemorySafety,1,0,None,ACCEPT
devign_9259,qemu,CWE-MemorySafety,1,0,None,ACCEPT
devign_9260,qemu,CWE-MemorySafety,1,0,None,ACCEPT
devign_9261,FFmpeg,CWE-MemorySafety,1,0,None,ACCEPT
devign_9262,FFmpeg,CWE-MemorySafety,0,0,None,ACCEPT
devign_9263,FFmpeg,CWE-MemorySafety,1,0,None,ACCEPT
devign_9264,qemu,CWE-MemorySafety,1,0,None,ACCEPT
devign_9265,qemu,CWE-MemorySafety,1,0,None,ACCEPT
devign_9266,qemu,CWE-MemorySafety,1,0,None,ACCEPT
devign_9267,FFmpeg,CWE-MemorySafety,1,0,None,ACCEPT
devign_9268,FFmpeg,CWE-MemorySafety,0,0,None,ACCEPT
devign_9269,FFmpeg,CWE-MemorySafety,0,0,None,ACCEPT
devign_9270,FFmpeg,CWE-MemorySafety,1,0,None,ACCEPT
devign_9271,FFmpeg,CWE-MemorySafety,1,0,None,ACCEPT
devign_9272,qemu,CWE-MemorySafety,1,0,None,ACCEPT
devign_9273,qemu,CWE-MemorySafety,1,0,None,ACCEPT
devign_9274,qemu,CWE-MemorySafety,1,0,None,ACCEPT
devign_9276,qemu,CWE-MemorySafety,1,0,None,ACCEPT
devign_9278,qemu,CWE-MemorySafety,1,0,None,ACCEPT
devign_9279,FFmpeg,CWE-MemorySafety,1,0,None,ACCEPT
devign_9280,FFmpeg,CWE-MemorySafety,1,0,None,ACCEPT
devign_9281,FFmpeg,CWE-MemorySafety,0,0,None,ACCEPT
devign_9282,FFmpeg,CWE-MemorySafety,0,0,None,ACCEPT
devign_9283,FFmpeg,CWE-MemorySafety,1,0,None,ACCEPT
devign_9284,qemu,CWE-MemorySafety,1,0,None,ACCEPT
devign_9285,qemu,CWE-MemorySafety,1,0,None,ACCEPT
devign_9286,qemu,CWE-MemorySafety,1,0,None,ACCEPT
devign_9288,qemu,CWE-MemorySafety,1,0,None,ACCEPT
devign_9289,FFmpeg,CWE-MemorySafety,1,0,None,ACCEPT
devign_9290,qemu,CWE-MemorySafety,1,0,None,ACCEPT
devign_9291,FFmpeg,CWE-MemorySafety,0,0,None,ACCEPT
devign_9292,FFmpeg,CWE-MemorySafety,0,1,CWE-252: Unchecked Dynamic Allocation Return,REJECT
devign_9293,FFmpeg,CWE-MemorySafety,1,0,None,ACCEPT
devign_9294,qemu,CWE-MemorySafety,1,0,None,ACCEPT
devign_9295,FFmpeg,CWE-MemorySafety,1,0,None,ACCEPT
devign_9297,FFmpeg,CWE-MemorySafety,0,0,None,ACCEPT
devign_9298,FFmpeg,CWE-MemorySafety,0,0,None,ACCEPT
devign_9299,FFmpeg,CWE-MemorySafety,0,0,None,ACCEPT
devign_9300,FFmpeg,CWE-MemorySafety,0,0,None,ACCEPT
devign_9301,FFmpeg,CWE-MemorySafety,0,0,None,ACCEPT
devign_9303,qemu,CWE-MemorySafety,1,0,None,ACCEPT
devign_9304,FFmpeg,CWE-MemorySafety,1,0,None,ACCEPT
devign_9305,FFmpeg,CWE-MemorySafety,0,0,None,ACCEPT
devign_9306,FFmpeg,CWE-MemorySafety,1,0,None,ACCEPT
devign_9308,FFmpeg,CWE-MemorySafety,1,0,None,ACCEPT
devign_9310,qemu,CWE-MemorySafety,1,0,None,ACCEPT
devign_9311,FFmpeg,CWE-MemorySafety,1,0,None,ACCEPT
devign_9312,qemu,CWE-MemorySafety,1,0,None,ACCEPT
devign_9313,FFmpeg,CWE-MemorySafety,1,0,None,ACCEPT
devign_9314,FFmpeg,CWE-MemorySafety,1,0,None,ACCEPT
devign_9316,FFmpeg,CWE-MemorySafety,0,0,None,ACCEPT
devign_9317,FFmpeg,CWE-MemorySafety,0,0,None,ACCEPT
devign_9318,qemu,CWE-MemorySafety,0,0,None,ACCEPT
devign_9319,FFmpeg,CWE-MemorySafety,0,0,None,ACCEPT
devign_9321,qemu,CWE-MemorySafety,0,0,None,ACCEPT
devign_9322,qemu,CWE-MemorySafety,0,0,None,ACCEPT
devign_9323,qemu,CWE-MemorySafety,0,0,None,ACCEPT
devign_9324,qemu,CWE-MemorySafety,0,0,None,ACCEPT
devign_9325,qemu,CWE-MemorySafety,0,0,None,ACCEPT
devign_9326,qemu,CWE-MemorySafety,0,0,None,ACCEPT
devign_9327,qemu,CWE-MemorySafety,0,0,None,ACCEPT
devign_9328,FFmpeg,CWE-MemorySafety,0,0,None,ACCEPT
devign_9329,qemu,CWE-MemorySafety,0,0,None,ACCEPT
devign_9330,qemu,CWE-MemorySafety,0,0,None,ACCEPT
devign_9332,qemu,CWE-MemorySafety,0,0,None,ACCEPT
devign_9333,qemu,CWE-MemorySafety,0,0,None,ACCEPT
devign_9334,qemu,CWE-MemorySafety,0,0,None,ACCEPT
devign_9335,qemu,CWE-MemorySafety,0,0,None,ACCEPT
devign_9336,qemu,CWE-MemorySafety,0,0,None,ACCEPT
devign_9337,qemu,CWE-MemorySafety,0,0,None,ACCEPT
devign_9338,qemu,CWE-MemorySafety,0,0,None,ACCEPT
devign_9340,qemu,CWE-MemorySafety,0,0,None,ACCEPT
devign_9341,qemu,CWE-MemorySafety,0,0,None,ACCEPT
devign_9342,qemu,CWE-MemorySafety,0,0,None,ACCEPT
devign_9343,qemu,CWE-MemorySafety,0,0,None,ACCEPT
devign_9344,qemu,CWE-MemorySafety,0,0,None,ACCEPT
devign_9345,qemu,CWE-MemorySafety,0,0,None,ACCEPT
devign_9346,qemu,CWE-MemorySafety,0,0,None,ACCEPT
devign_9347,FFmpeg,CWE-MemorySafety,0,0,None,ACCEPT
devign_9349,qemu,CWE-MemorySafety,0,0,None,ACCEPT
devign_9350,qemu,CWE-MemorySafety,0,0,None,ACCEPT
devign_9351,qemu,CWE-MemorySafety,0,0,None,ACCEPT
devign_9352,qemu,CWE-MemorySafety,0,0,None,ACCEPT
devign_9353,qemu,CWE-MemorySafety,0,0,None,ACCEPT
devign_9355,FFmpeg,CWE-MemorySafety,0,0,None,ACCEPT
devign_9357,FFmpeg,CWE-MemorySafety,0,0,None,ACCEPT
devign_9358,qemu,CWE-MemorySafety,1,0,None,ACCEPT
devign_9359,qemu,CWE-MemorySafety,1,0,None,ACCEPT
devign_9361,FFmpeg,CWE-MemorySafety,1,0,None,ACCEPT
devign_9362,qemu,CWE-MemorySafety,1,0,None,ACCEPT
devign_9363,FFmpeg,CWE-MemorySafety,0,0,None,ACCEPT
devign_9364,FFmpeg,CWE-MemorySafety,0,0,None,ACCEPT
devign_9366,FFmpeg,CWE-MemorySafety,1,0,None,ACCEPT
devign_9368,qemu,CWE-MemorySafety,1,0,None,ACCEPT
devign_9370,qemu,CWE-MemorySafety,1,0,None,ACCEPT
devign_9371,qemu,CWE-MemorySafety,1,0,None,ACCEPT
devign_9373,FFmpeg,CWE-MemorySafety,0,0,None,ACCEPT
devign_9374,FFmpeg,CWE-MemorySafety,0,0,None,ACCEPT
devign_9375,qemu,CWE-MemorySafety,0,0,None,ACCEPT
devign_9377,qemu,CWE-MemorySafety,0,0,None,ACCEPT
devign_9378,qemu,CWE-MemorySafety,0,0,None,ACCEPT
devign_9379,qemu,CWE-MemorySafety,0,0,None,ACCEPT
devign_9380,qemu,CWE-MemorySafety,0,0,None,ACCEPT
devign_9381,qemu,CWE-MemorySafety,0,0,None,ACCEPT
devign_9382,qemu,CWE-MemorySafety,0,0,None,ACCEPT
devign_9383,qemu,CWE-MemorySafety,0,0,None,ACCEPT
devign_9384,FFmpeg,CWE-MemorySafety,0,0,None,ACCEPT
devign_9386,qemu,CWE-MemorySafety,0,0,None,ACCEPT
devign_9388,qemu,CWE-MemorySafety,0,0,None,ACCEPT
devign_9391,qemu,CWE-MemorySafety,0,0,None,ACCEPT
devign_9392,qemu,CWE-MemorySafety,0,0,None,ACCEPT
devign_9393,qemu,CWE-MemorySafety,0,0,None,ACCEPT
devign_9394,qemu,CWE-MemorySafety,0,0,None,ACCEPT
devign_9395,qemu,CWE-MemorySafety,1,0,None,ACCEPT
devign_9396,FFmpeg,CWE-MemorySafety,1,0,None,ACCEPT
devign_9399,qemu,CWE-MemorySafety,1,0,None,ACCEPT
devign_9400,FFmpeg,CWE-MemorySafety,1,0,None,ACCEPT
devign_9401,qemu,CWE-MemorySafety,1,0,None,ACCEPT
devign_9402,FFmpeg,CWE-MemorySafety,1,0,None,ACCEPT
devign_9404,FFmpeg,CWE-MemorySafety,1,0,None,ACCEPT
devign_9406,FFmpeg,CWE-MemorySafety,0,1,CWE-252: Unchecked Dynamic Allocation Return,REJECT
devign_9407,FFmpeg,CWE-MemorySafety,0,0,None,ACCEPT
devign_9408,FFmpeg,CWE-MemorySafety,1,0,None,ACCEPT
devign_9409,qemu,CWE-MemorySafety,1,0,None,ACCEPT
devign_9410,qemu,CWE-MemorySafety,1,0,None,ACCEPT
devign_9411,qemu,CWE-MemorySafety,1,0,None,ACCEPT
devign_9412,FFmpeg,CWE-MemorySafety,1,0,None,ACCEPT
devign_9416,qemu,CWE-MemorySafety,1,0,None,ACCEPT
devign_9419,FFmpeg,CWE-MemorySafety,1,0,None,ACCEPT
devign_9420,qemu,CWE-MemorySafety,1,0,None,ACCEPT
devign_9421,qemu,CWE-MemorySafety,1,0,None,ACCEPT
devign_9422,qemu,CWE-MemorySafety,1,0,None,ACCEPT
devign_9423,FFmpeg,CWE-MemorySafety,0,0,None,ACCEPT
devign_9424,FFmpeg,CWE-MemorySafety,0,0,None,ACCEPT
devign_9425,FFmpeg,CWE-MemorySafety,0,0,None,ACCEPT
devign_9426,FFmpeg,CWE-MemorySafety,0,0,None,ACCEPT
devign_9427,FFmpeg,CWE-MemorySafety,1,1,CWE-252: Unchecked Dynamic Allocation Return,REJECT
devign_9428,FFmpeg,CWE-MemorySafety,1,0,None,ACCEPT
devign_9429,qemu,CWE-MemorySafety,1,0,None,ACCEPT
devign_9430,FFmpeg,CWE-MemorySafety,1,0,None,ACCEPT
devign_9431,qemu,CWE-MemorySafety,1,1,CWE-252: Unchecked Dynamic Allocation Return,REJECT
devign_9432,qemu,CWE-MemorySafety,1,0,None,ACCEPT
devign_9433,qemu,CWE-MemorySafety,1,0,None,ACCEPT
devign_9434,qemu,CWE-MemorySafety,1,1,CWE-252: Unchecked Dynamic Allocation Return,REJECT
devign_9435,FFmpeg,CWE-MemorySafety,1,0,None,ACCEPT
devign_9436,qemu,CWE-MemorySafety,1,0,None,ACCEPT
devign_9437,qemu,CWE-MemorySafety,1,0,None,ACCEPT
devign_9438,FFmpeg,CWE-MemorySafety,1,0,None,ACCEPT
devign_9440,qemu,CWE-MemorySafety,1,0,None,ACCEPT
devign_9441,FFmpeg,CWE-MemorySafety,1,0,None,ACCEPT
devign_9442,qemu,CWE-MemorySafety,1,0,None,ACCEPT
devign_9444,FFmpeg,CWE-MemorySafety,1,0,None,ACCEPT
devign_9445,qemu,CWE-MemorySafety,1,0,None,ACCEPT
devign_9446,FFmpeg,CWE-MemorySafety,0,1,CWE-252: Unchecked Dynamic Allocation Return,REJECT
devign_9447,FFmpeg,CWE-MemorySafety,0,0,None,ACCEPT
devign_9448,qemu,CWE-MemorySafety,0,0,None,ACCEPT
devign_9449,qemu,CWE-MemorySafety,0,0,None,ACCEPT
devign_9450,qemu,CWE-MemorySafety,0,0,None,ACCEPT
devign_9452,qemu,CWE-MemorySafety,0,0,None,ACCEPT
devign_9453,FFmpeg,CWE-MemorySafety,0,0,None,ACCEPT
devign_9454,qemu,CWE-MemorySafety,0,0,None,ACCEPT
devign_9455,qemu,CWE-MemorySafety,0,0,None,ACCEPT
devign_9457,qemu,CWE-MemorySafety,0,0,None,ACCEPT
devign_9458,qemu,CWE-MemorySafety,0,0,None,ACCEPT
devign_9460,qemu,CWE-MemorySafety,0,0,None,ACCEPT
devign_9461,qemu,CWE-MemorySafety,0,0,None,ACCEPT
devign_9462,qemu,CWE-MemorySafety,0,0,None,ACCEPT
devign_9463,qemu,CWE-MemorySafety,0,0,None,ACCEPT
devign_9464,FFmpeg,CWE-MemorySafety,0,0,None,ACCEPT
devign_9465,qemu,CWE-MemorySafety,0,0,None,ACCEPT
devign_9466,qemu,CWE-MemorySafety,0,0,None,ACCEPT
devign_9467,qemu,CWE-MemorySafety,0,0,None,ACCEPT
devign_9468,qemu,CWE-MemorySafety,0,0,None,ACCEPT
devign_9469,qemu,CWE-MemorySafety,0,0,None,ACCEPT
devign_9470,qemu,CWE-MemorySafety,1,0,None,ACCEPT
devign_9471,FFmpeg,CWE-MemorySafety,0,0,None,ACCEPT
devign_9472,FFmpeg,CWE-MemorySafety,1,0,None,ACCEPT
devign_9473,qemu,CWE-MemorySafety,1,0,None,ACCEPT
devign_9474,qemu,CWE-MemorySafety,1,0,None,ACCEPT
devign_9475,qemu,CWE-MemorySafety,1,0,None,ACCEPT
devign_9476,FFmpeg,CWE-MemorySafety,0,0,None,ACCEPT
devign_9477,FFmpeg,CWE-MemorySafety,0,0,None,ACCEPT
devign_9478,FFmpeg,CWE-MemorySafety,0,0,None,ACCEPT
devign_9479,FFmpeg,CWE-MemorySafety,0,0,None,ACCEPT
devign_9480,FFmpeg,CWE-MemorySafety,0,1,CWE-252: Unchecked Dynamic Allocation Return,REJECT
devign_9481,FFmpeg,CWE-MemorySafety,0,0,None,ACCEPT
devign_9482,FFmpeg,CWE-MemorySafety,0,0,None,ACCEPT
devign_9484,FFmpeg,CWE-MemorySafety,1,0,None,ACCEPT
devign_9485,FFmpeg,CWE-MemorySafety,1,0,None,ACCEPT
devign_9486,qemu,CWE-MemorySafety,1,0,None,ACCEPT
devign_9487,qemu,CWE-MemorySafety,1,0,None,ACCEPT
devign_9488,FFmpeg,CWE-MemorySafety,1,0,None,ACCEPT
devign_9490,qemu,CWE-MemorySafety,1,0,None,ACCEPT
devign_9491,qemu,CWE-MemorySafety,1,0,None,ACCEPT
devign_9492,qemu,CWE-MemorySafety,1,0,None,ACCEPT
devign_9493,FFmpeg,CWE-MemorySafety,1,0,None,ACCEPT
devign_9494,qemu,CWE-MemorySafety,1,0,None,ACCEPT
devign_9495,qemu,CWE-MemorySafety,1,0,None,ACCEPT
devign_9496,qemu,CWE-MemorySafety,1,0,None,ACCEPT
devign_9497,qemu,CWE-MemorySafety,1,1,CWE-252: Unchecked Dynamic Allocation Return,REJECT
devign_9498,qemu,CWE-MemorySafety,1,0,None,ACCEPT
devign_9499,qemu,CWE-MemorySafety,1,0,None,ACCEPT
devign_9500,qemu,CWE-MemorySafety,1,0,None,ACCEPT
devign_9501,qemu,CWE-MemorySafety,1,0,None,ACCEPT
devign_9502,qemu,CWE-MemorySafety,1,0,None,ACCEPT
devign_9503,qemu,CWE-MemorySafety,1,1,CWE-120: Unbounded String Operation,REJECT
devign_9504,qemu,CWE-MemorySafety,1,0,None,ACCEPT
devign_9505,FFmpeg,CWE-MemorySafety,0,0,None,ACCEPT
devign_9506,FFmpeg,CWE-MemorySafety,0,0,None,ACCEPT
devign_9507,FFmpeg,CWE-MemorySafety,0,0,None,ACCEPT
devign_9508,FFmpeg,CWE-MemorySafety,0,0,None,ACCEPT
devign_9510,qemu,CWE-MemorySafety,0,0,None,ACCEPT
devign_9511,qemu,CWE-MemorySafety,0,0,None,ACCEPT
devign_9513,qemu,CWE-MemorySafety,0,1,CWE-120: Unbounded String Operation,REJECT
devign_9514,qemu,CWE-MemorySafety,0,0,None,ACCEPT
devign_9515,FFmpeg,CWE-MemorySafety,0,0,None,ACCEPT
devign_9516,qemu,CWE-MemorySafety,0,0,None,ACCEPT
devign_9517,qemu,CWE-MemorySafety,0,0,None,ACCEPT
devign_9518,qemu,CWE-MemorySafety,0,0,None,ACCEPT
devign_9519,qemu,CWE-MemorySafety,0,0,None,ACCEPT
devign_9520,qemu,CWE-MemorySafety,0,0,None,ACCEPT
devign_9521,qemu,CWE-MemorySafety,0,0,None,ACCEPT
devign_9522,FFmpeg,CWE-MemorySafety,0,0,None,ACCEPT
devign_9523,qemu,CWE-MemorySafety,0,0,None,ACCEPT
devign_9524,qemu,CWE-MemorySafety,0,0,None,ACCEPT
devign_9525,qemu,CWE-MemorySafety,0,0,None,ACCEPT
devign_9526,qemu,CWE-MemorySafety,0,0,None,ACCEPT
devign_9528,qemu,CWE-MemorySafety,0,0,None,ACCEPT
devign_9529,FFmpeg,CWE-MemorySafety,0,0,None,ACCEPT
devign_9530,FFmpeg,CWE-MemorySafety,0,0,None,ACCEPT
devign_9531,qemu,CWE-MemorySafety,1,0,None,ACCEPT
devign_9532,FFmpeg,CWE-MemorySafety,1,0,None,ACCEPT
devign_9533,FFmpeg,CWE-MemorySafety,1,1,CWE-252: Unchecked Dynamic Allocation Return,REJECT
devign_9534,qemu,CWE-MemorySafety,1,0,None,ACCEPT
devign_9535,FFmpeg,CWE-MemorySafety,1,0,None,ACCEPT
devign_9536,FFmpeg,CWE-MemorySafety,0,0,None,ACCEPT
devign_9537,FFmpeg,CWE-MemorySafety,0,0,None,ACCEPT
devign_9539,FFmpeg,CWE-MemorySafety,0,0,None,ACCEPT
devign_9540,FFmpeg,CWE-MemorySafety,0,0,None,ACCEPT
devign_9541,FFmpeg,CWE-MemorySafety,1,0,None,ACCEPT
devign_9543,FFmpeg,CWE-MemorySafety,1,0,None,ACCEPT
devign_9544,FFmpeg,CWE-MemorySafety,1,0,None,ACCEPT
devign_9546,FFmpeg,CWE-MemorySafety,1,0,None,ACCEPT
devign_9547,FFmpeg,CWE-MemorySafety,0,1,CWE-252: Unchecked Dynamic Allocation Return,REJECT
devign_9548,FFmpeg,CWE-MemorySafety,0,0,None,ACCEPT
devign_9549,FFmpeg,CWE-MemorySafety,0,0,None,ACCEPT
devign_9550,FFmpeg,CWE-MemorySafety,1,0,None,ACCEPT
devign_9551,qemu,CWE-MemorySafety,1,0,None,ACCEPT
devign_9553,FFmpeg,CWE-MemorySafety,1,0,None,ACCEPT
devign_9554,FFmpeg,CWE-MemorySafety,1,1,CWE-252: Unchecked Dynamic Allocation Return,REJECT
devign_9555,qemu,CWE-MemorySafety,1,0,None,ACCEPT
devign_9556,FFmpeg,CWE-MemorySafety,1,0,None,ACCEPT
devign_9557,qemu,CWE-MemorySafety,1,0,None,ACCEPT
devign_9559,FFmpeg,CWE-MemorySafety,0,0,None,ACCEPT
devign_9560,FFmpeg,CWE-MemorySafety,0,1,CWE-252: Unchecked Dynamic Allocation Return,REJECT
devign_9561,FFmpeg,CWE-MemorySafety,0,0,None,ACCEPT
devign_9562,qemu,CWE-MemorySafety,0,0,None,ACCEPT
devign_9563,FFmpeg,CWE-MemorySafety,0,1,CWE-120: Unbounded String Operation | CWE-252: Unchecked Dynamic Allocation Return,REJECT
devign_9564,FFmpeg,CWE-MemorySafety,0,0,None,ACCEPT
devign_9565,qemu,CWE-MemorySafety,0,0,None,ACCEPT
devign_9566,qemu,CWE-MemorySafety,0,0,None,ACCEPT
devign_9567,qemu,CWE-MemorySafety,0,0,None,ACCEPT
devign_9568,qemu,CWE-MemorySafety,0,0,None,ACCEPT
devign_9570,qemu,CWE-MemorySafety,0,0,None,ACCEPT
devign_9571,qemu,CWE-MemorySafety,0,0,None,ACCEPT
devign_9572,qemu,CWE-MemorySafety,0,0,None,ACCEPT
devign_9573,FFmpeg,CWE-MemorySafety,0,1,CWE-252: Unchecked Dynamic Allocation Return,REJECT
devign_9576,qemu,CWE-MemorySafety,0,0,None,ACCEPT
devign_9577,qemu,CWE-MemorySafety,0,0,None,ACCEPT
devign_9578,qemu,CWE-MemorySafety,0,0,None,ACCEPT
devign_9579,qemu,CWE-MemorySafety,0,0,None,ACCEPT
devign_9580,qemu,CWE-MemorySafety,0,0,None,ACCEPT
devign_9581,qemu,CWE-MemorySafety,0,0,None,ACCEPT
devign_9582,FFmpeg,CWE-MemorySafety,0,1,CWE-252: Unchecked Dynamic Allocation Return,REJECT
devign_9583,qemu,CWE-MemorySafety,0,0,None,ACCEPT
devign_9584,qemu,CWE-MemorySafety,0,0,None,ACCEPT
devign_9585,qemu,CWE-MemorySafety,1,0,None,ACCEPT
devign_9586,FFmpeg,CWE-MemorySafety,1,0,None,ACCEPT
devign_9587,qemu,CWE-MemorySafety,1,0,None,ACCEPT
devign_9588,qemu,CWE-MemorySafety,1,0,None,ACCEPT
devign_9590,FFmpeg,CWE-MemorySafety,1,0,None,ACCEPT
devign_9591,qemu,CWE-MemorySafety,1,0,None,ACCEPT
devign_9592,qemu,CWE-MemorySafety,1,0,None,ACCEPT
devign_9593,qemu,CWE-MemorySafety,1,1,CWE-252: Unchecked Dynamic Allocation Return,REJECT
devign_9594,FFmpeg,CWE-MemorySafety,1,1,CWE-252: Unchecked Dynamic Allocation Return,REJECT
devign_9595,FFmpeg,CWE-MemorySafety,1,0,None,ACCEPT
devign_9596,FFmpeg,CWE-MemorySafety,1,0,None,ACCEPT
devign_9597,qemu,CWE-MemorySafety,1,0,None,ACCEPT
devign_9598,qemu,CWE-MemorySafety,0,0,None,ACCEPT
devign_9599,FFmpeg,CWE-MemorySafety,0,0,None,ACCEPT
devign_9600,qemu,CWE-MemorySafety,0,0,None,ACCEPT
devign_9601,qemu,CWE-MemorySafety,0,0,None,ACCEPT
devign_9602,qemu,CWE-MemorySafety,0,0,None,ACCEPT
devign_9604,qemu,CWE-MemorySafety,0,0,None,ACCEPT
devign_9605,qemu,CWE-MemorySafety,0,0,None,ACCEPT
devign_9606,qemu,CWE-MemorySafety,0,0,None,ACCEPT
devign_9608,qemu,CWE-MemorySafety,0,0,None,ACCEPT
devign_9609,qemu,CWE-MemorySafety,0,0,None,ACCEPT
devign_9611,qemu,CWE-MemorySafety,0,0,None,ACCEPT
devign_9612,qemu,CWE-MemorySafety,0,0,None,ACCEPT
devign_9614,FFmpeg,CWE-MemorySafety,0,0,None,ACCEPT
devign_9615,qemu,CWE-MemorySafety,0,0,None,ACCEPT
devign_9616,qemu,CWE-MemorySafety,0,0,None,ACCEPT
devign_9617,qemu,CWE-MemorySafety,0,0,None,ACCEPT
devign_9620,FFmpeg,CWE-MemorySafety,0,0,None,ACCEPT
devign_9621,FFmpeg,CWE-MemorySafety,0,0,None,ACCEPT
devign_9622,qemu,CWE-MemorySafety,1,0,None,ACCEPT
devign_9625,FFmpeg,CWE-MemorySafety,1,0,None,ACCEPT
devign_9626,qemu,CWE-MemorySafety,1,0,None,ACCEPT
devign_9627,qemu,CWE-MemorySafety,1,0,None,ACCEPT
devign_9628,qemu,CWE-MemorySafety,1,0,None,ACCEPT
devign_9629,qemu,CWE-MemorySafety,1,0,None,ACCEPT
devign_9631,FFmpeg,CWE-MemorySafety,0,0,None,ACCEPT
devign_9632,qemu,CWE-MemorySafety,1,0,None,ACCEPT
devign_9633,qemu,CWE-MemorySafety,1,0,None,ACCEPT
devign_9634,qemu,CWE-MemorySafety,1,0,None,ACCEPT
devign_9635,qemu,CWE-MemorySafety,1,0,None,ACCEPT
devign_9636,qemu,CWE-MemorySafety,1,0,None,ACCEPT
devign_9637,FFmpeg,CWE-MemorySafety,1,0,None,ACCEPT
devign_9638,FFmpeg,CWE-MemorySafety,0,0,None,ACCEPT
devign_9639,FFmpeg,CWE-MemorySafety,0,0,None,ACCEPT
devign_9640,FFmpeg,CWE-MemorySafety,0,0,None,ACCEPT
devign_9641,FFmpeg,CWE-MemorySafety,0,0,None,ACCEPT
devign_9642,FFmpeg,CWE-MemorySafety,0,0,None,ACCEPT
devign_9643,FFmpeg,CWE-MemorySafety,0,0,None,ACCEPT
devign_9645,FFmpeg,CWE-MemorySafety,0,0,None,ACCEPT
devign_9648,FFmpeg,CWE-MemorySafety,0,0,None,ACCEPT
devign_9649,qemu,CWE-MemorySafety,0,0,None,ACCEPT
devign_9650,FFmpeg,CWE-MemorySafety,0,0,None,ACCEPT
devign_9651,qemu,CWE-MemorySafety,0,0,None,ACCEPT
devign_9652,qemu,CWE-MemorySafety,0,0,None,ACCEPT
devign_9653,qemu,CWE-MemorySafety,0,0,None,ACCEPT
devign_9654,qemu,CWE-MemorySafety,0,0,None,ACCEPT
devign_9655,qemu,CWE-MemorySafety,0,0,None,ACCEPT
devign_9657,qemu,CWE-MemorySafety,0,0,None,ACCEPT
devign_9658,qemu,CWE-MemorySafety,0,0,None,ACCEPT
devign_9659,FFmpeg,CWE-MemorySafety,0,0,None,ACCEPT
devign_9661,qemu,CWE-MemorySafety,0,0,None,ACCEPT
devign_9662,qemu,CWE-MemorySafety,0,0,None,ACCEPT
devign_9663,qemu,CWE-MemorySafety,0,0,None,ACCEPT
devign_9664,qemu,CWE-MemorySafety,0,0,None,ACCEPT
devign_9665,qemu,CWE-MemorySafety,0,0,None,ACCEPT
devign_9666,qemu,CWE-MemorySafety,0,0,None,ACCEPT
devign_9667,FFmpeg,CWE-MemorySafety,0,1,CWE-120: Unbounded String Operation | CWE-252: Unchecked Dynamic Allocation Return,REJECT
devign_9668,qemu,CWE-MemorySafety,0,0,None,ACCEPT
devign_9669,qemu,CWE-MemorySafety,0,0,None,ACCEPT
devign_9670,qemu,CWE-MemorySafety,0,0,None,ACCEPT
devign_9671,qemu,CWE-MemorySafety,0,0,None,ACCEPT
devign_9672,qemu,CWE-MemorySafety,0,0,None,ACCEPT
devign_9673,qemu,CWE-MemorySafety,0,0,None,ACCEPT
devign_9674,qemu,CWE-MemorySafety,0,0,None,ACCEPT
devign_9676,FFmpeg,CWE-MemorySafety,0,0,None,ACCEPT
devign_9677,qemu,CWE-MemorySafety,0,0,None,ACCEPT
devign_9678,qemu,CWE-MemorySafety,0,0,None,ACCEPT
devign_9679,qemu,CWE-MemorySafety,1,0,None,ACCEPT
devign_9680,FFmpeg,CWE-MemorySafety,1,0,None,ACCEPT
devign_9681,qemu,CWE-MemorySafety,1,0,None,ACCEPT
devign_9682,qemu,CWE-MemorySafety,1,0,None,ACCEPT
devign_9684,qemu,CWE-MemorySafety,1,0,None,ACCEPT
devign_9685,FFmpeg,CWE-MemorySafety,1,1,CWE-120: Unbounded String Operation,REJECT
devign_9687,FFmpeg,CWE-MemorySafety,1,0,None,ACCEPT
devign_9688,qemu,CWE-MemorySafety,1,0,None,ACCEPT
devign_9689,FFmpeg,CWE-MemorySafety,1,0,None,ACCEPT
devign_9690,qemu,CWE-MemorySafety,1,0,None,ACCEPT
devign_9692,qemu,CWE-MemorySafety,1,0,None,ACCEPT
devign_9694,FFmpeg,CWE-MemorySafety,1,0,None,ACCEPT
devign_9695,FFmpeg,CWE-MemorySafety,1,0,None,ACCEPT
devign_9696,FFmpeg,CWE-MemorySafety,1,0,None,ACCEPT
devign_9697,qemu,CWE-MemorySafety,1,0,None,ACCEPT
devign_9699,qemu,CWE-MemorySafety,1,0,None,ACCEPT
devign_9700,FFmpeg,CWE-MemorySafety,1,0,None,ACCEPT
devign_9701,FFmpeg,CWE-MemorySafety,0,0,None,ACCEPT
devign_9702,FFmpeg,CWE-MemorySafety,1,0,None,ACCEPT
devign_9703,qemu,CWE-MemorySafety,1,0,None,ACCEPT
devign_9704,qemu,CWE-MemorySafety,1,1,CWE-252: Unchecked Dynamic Allocation Return,REJECT
devign_9705,qemu,CWE-MemorySafety,1,0,None,ACCEPT
devign_9706,qemu,CWE-MemorySafety,1,0,None,ACCEPT
devign_9708,qemu,CWE-MemorySafety,1,0,None,ACCEPT
devign_9709,qemu,CWE-MemorySafety,1,0,None,ACCEPT
devign_9710,FFmpeg,CWE-MemorySafety,0,0,None,ACCEPT
devign_9713,FFmpeg,CWE-MemorySafety,0,0,None,ACCEPT
devign_9714,FFmpeg,CWE-MemorySafety,0,0,None,ACCEPT
devign_9715,qemu,CWE-MemorySafety,0,0,None,ACCEPT
devign_9716,qemu,CWE-MemorySafety,0,0,None,ACCEPT
devign_9717,qemu,CWE-MemorySafety,0,0,None,ACCEPT
devign_9718,qemu,CWE-MemorySafety,0,0,None,ACCEPT
devign_9719,qemu,CWE-MemorySafety,0,0,None,ACCEPT
devign_9720,qemu,CWE-MemorySafety,0,0,None,ACCEPT
devign_9722,qemu,CWE-MemorySafety,0,0,None,ACCEPT
devign_9723,qemu,CWE-MemorySafety,0,0,None,ACCEPT
devign_9724,qemu,CWE-MemorySafety,0,0,None,ACCEPT
devign_9725,qemu,CWE-MemorySafety,0,0,None,ACCEPT
devign_9726,qemu,CWE-MemorySafety,0,0,None,ACCEPT
devign_9727,qemu,CWE-MemorySafety,0,0,None,ACCEPT
devign_9728,qemu,CWE-MemorySafety,0,0,None,ACCEPT
devign_9729,qemu,CWE-MemorySafety,0,0,None,ACCEPT
devign_9731,FFmpeg,CWE-MemorySafety,0,0,None,ACCEPT
devign_9732,qemu,CWE-MemorySafety,0,0,None,ACCEPT
devign_9733,qemu,CWE-MemorySafety,0,0,None,ACCEPT
devign_9734,qemu,CWE-MemorySafety,0,0,None,ACCEPT
devign_9736,qemu,CWE-MemorySafety,0,0,None,ACCEPT
devign_9737,qemu,CWE-MemorySafety,0,0,None,ACCEPT
devign_9738,qemu,CWE-MemorySafety,0,0,None,ACCEPT
devign_9739,FFmpeg,CWE-MemorySafety,0,0,None,ACCEPT
devign_9740,qemu,CWE-MemorySafety,0,0,None,ACCEPT
devign_9741,qemu,CWE-MemorySafety,0,0,None,ACCEPT
devign_9742,qemu,CWE-MemorySafety,0,0,None,ACCEPT
devign_9743,qemu,CWE-MemorySafety,0,0,None,ACCEPT
devign_9744,qemu,CWE-MemorySafety,0,0,None,ACCEPT
devign_9745,qemu,CWE-MemorySafety,0,0,None,ACCEPT
devign_9746,qemu,CWE-MemorySafety,0,0,None,ACCEPT
devign_9747,qemu,CWE-MemorySafety,0,0,None,ACCEPT
devign_9748,FFmpeg,CWE-MemorySafety,0,0,None,ACCEPT
devign_9749,qemu,CWE-MemorySafety,1,0,None,ACCEPT
devign_9751,FFmpeg,CWE-MemorySafety,1,0,None,ACCEPT
devign_9753,qemu,CWE-MemorySafety,1,0,None,ACCEPT
devign_9756,qemu,CWE-MemorySafety,1,0,None,ACCEPT
devign_9757,qemu,CWE-MemorySafety,1,0,None,ACCEPT
devign_9758,qemu,CWE-MemorySafety,1,0,None,ACCEPT
devign_9759,qemu,CWE-MemorySafety,1,0,None,ACCEPT
devign_9760,FFmpeg,CWE-MemorySafety,1,1,CWE-252: Unchecked Dynamic Allocation Return,REJECT
devign_9761,FFmpeg,CWE-MemorySafety,1,0,None,ACCEPT
devign_9762,qemu,CWE-MemorySafety,1,0,None,ACCEPT
devign_9763,qemu,CWE-MemorySafety,1,0,None,ACCEPT
devign_9764,FFmpeg,CWE-MemorySafety,1,0,None,ACCEPT
devign_9765,FFmpeg,CWE-MemorySafety,1,0,None,ACCEPT
devign_9766,FFmpeg,CWE-MemorySafety,1,1,CWE-252: Unchecked Dynamic Allocation Return,REJECT
devign_9768,qemu,CWE-MemorySafety,1,0,None,ACCEPT
devign_9769,qemu,CWE-MemorySafety,1,0,None,ACCEPT
devign_9772,FFmpeg,CWE-MemorySafety,1,0,None,ACCEPT
devign_9774,FFmpeg,CWE-MemorySafety,1,0,None,ACCEPT
devign_9775,FFmpeg,CWE-MemorySafety,1,0,None,ACCEPT
devign_9776,FFmpeg,CWE-MemorySafety,0,0,None,ACCEPT
devign_9777,FFmpeg,CWE-MemorySafety,0,1,CWE-252: Unchecked Dynamic Allocation Return,REJECT
devign_9778,FFmpeg,CWE-MemorySafety,0,0,None,ACCEPT
devign_9779,FFmpeg,CWE-MemorySafety,0,0,None,ACCEPT
devign_9780,FFmpeg,CWE-MemorySafety,1,0,None,ACCEPT
devign_9782,FFmpeg,CWE-MemorySafety,0,0,None,ACCEPT
devign_9783,FFmpeg,CWE-MemorySafety,0,0,None,ACCEPT
devign_9784,FFmpeg,CWE-MemorySafety,1,0,None,ACCEPT
devign_9785,qemu,CWE-MemorySafety,1,0,None,ACCEPT
devign_9786,qemu,CWE-MemorySafety,1,0,None,ACCEPT
devign_9787,FFmpeg,CWE-MemorySafety,1,0,None,ACCEPT
devign_9789,FFmpeg,CWE-MemorySafety,1,0,None,ACCEPT
devign_9790,FFmpeg,CWE-MemorySafety,1,0,None,ACCEPT
devign_9791,qemu,CWE-MemorySafety,1,0,None,ACCEPT
devign_9792,FFmpeg,CWE-MemorySafety,1,0,None,ACCEPT
devign_9793,qemu,CWE-MemorySafety,1,0,None,ACCEPT
devign_9794,FFmpeg,CWE-MemorySafety,1,0,None,ACCEPT
devign_9795,qemu,CWE-MemorySafety,1,0,None,ACCEPT
devign_9796,qemu,CWE-MemorySafety,1,0,None,ACCEPT
devign_9797,qemu,CWE-MemorySafety,1,0,None,ACCEPT
devign_9798,FFmpeg,CWE-MemorySafety,1,0,None,ACCEPT
devign_9799,FFmpeg,CWE-MemorySafety,1,0,None,ACCEPT
devign_9800,FFmpeg,CWE-MemorySafety,1,0,None,ACCEPT
devign_9801,FFmpeg,CWE-MemorySafety,0,0,None,ACCEPT
devign_9802,FFmpeg,CWE-MemorySafety,0,0,None,ACCEPT
devign_9803,FFmpeg,CWE-MemorySafety,1,0,None,ACCEPT
devign_9804,FFmpeg,CWE-MemorySafety,1,0,None,ACCEPT
devign_9805,qemu,CWE-MemorySafety,1,0,None,ACCEPT
devign_9807,qemu,CWE-MemorySafety,1,0,None,ACCEPT
devign_9808,FFmpeg,CWE-MemorySafety,1,0,None,ACCEPT
devign_9811,qemu,CWE-MemorySafety,1,0,None,ACCEPT
devign_9812,qemu,CWE-MemorySafety,1,0,None,ACCEPT
devign_9813,qemu,CWE-MemorySafety,1,0,None,ACCEPT
devign_9814,qemu,CWE-MemorySafety,1,0,None,ACCEPT
devign_9815,FFmpeg,CWE-MemorySafety,1,1,CWE-120: Unbounded String Operation | CWE-252: Unchecked Dynamic Allocation Return,REJECT
devign_9816,FFmpeg,CWE-MemorySafety,1,0,None,ACCEPT
devign_9817,qemu,CWE-MemorySafety,1,0,None,ACCEPT
devign_9819,FFmpeg,CWE-MemorySafety,1,0,None,ACCEPT
devign_9820,FFmpeg,CWE-MemorySafety,1,0,None,ACCEPT
devign_9821,qemu,CWE-MemorySafety,1,0,None,ACCEPT
devign_9822,qemu,CWE-MemorySafety,1,0,None,ACCEPT
devign_9823,FFmpeg,CWE-MemorySafety,1,1,CWE-252: Unchecked Dynamic Allocation Return,REJECT
devign_9824,FFmpeg,CWE-MemorySafety,1,0,None,ACCEPT
devign_9825,qemu,CWE-MemorySafety,1,0,None,ACCEPT
devign_9826,qemu,CWE-MemorySafety,1,0,None,ACCEPT
devign_9827,FFmpeg,CWE-MemorySafety,1,0,None,ACCEPT
devign_9829,FFmpeg,CWE-MemorySafety,0,0,None,ACCEPT
devign_9830,FFmpeg,CWE-MemorySafety,1,0,None,ACCEPT
devign_9832,FFmpeg,CWE-MemorySafety,1,0,None,ACCEPT
devign_9833,qemu,CWE-MemorySafety,1,0,None,ACCEPT
devign_9834,qemu,CWE-MemorySafety,1,0,None,ACCEPT
devign_9835,qemu,CWE-MemorySafety,1,0,None,ACCEPT
devign_9836,qemu,CWE-MemorySafety,1,0,None,ACCEPT
devign_9837,qemu,CWE-MemorySafety,1,0,None,ACCEPT
devign_9839,qemu,CWE-MemorySafety,1,0,None,ACCEPT
devign_9840,FFmpeg,CWE-MemorySafety,1,0,None,ACCEPT
devign_9841,qemu,CWE-MemorySafety,1,0,None,ACCEPT
devign_9842,qemu,CWE-MemorySafety,1,0,None,ACCEPT
devign_9843,qemu,CWE-MemorySafety,1,0,None,ACCEPT
devign_9844,qemu,CWE-MemorySafety,1,0,None,ACCEPT
devign_9845,FFmpeg,CWE-MemorySafety,1,0,None,ACCEPT
devign_9847,qemu,CWE-MemorySafety,1,1,CWE-120: Unbounded String Operation,REJECT
devign_9848,FFmpeg,CWE-MemorySafety,1,0,None,ACCEPT
devign_9849,qemu,CWE-MemorySafety,1,1,CWE-252: Unchecked Dynamic Allocation Return,REJECT
devign_9850,qemu,CWE-MemorySafety,1,0,None,ACCEPT
devign_9851,qemu,CWE-MemorySafety,1,0,None,ACCEPT
devign_9852,qemu,CWE-MemorySafety,1,0,None,ACCEPT
devign_9853,qemu,CWE-MemorySafety,1,0,None,ACCEPT
devign_9854,FFmpeg,CWE-MemorySafety,1,0,None,ACCEPT
devign_9855,FFmpeg,CWE-MemorySafety,1,0,None,ACCEPT
devign_9856,FFmpeg,CWE-MemorySafety,1,0,None,ACCEPT
devign_9857,FFmpeg,CWE-MemorySafety,1,0,None,ACCEPT
devign_9858,qemu,CWE-MemorySafety,1,0,None,ACCEPT
devign_9860,qemu,CWE-MemorySafety,1,0,None,ACCEPT
devign_9861,qemu,CWE-MemorySafety,1,0,None,ACCEPT
devign_9862,FFmpeg,CWE-MemorySafety,1,0,None,ACCEPT
devign_9863,FFmpeg,CWE-MemorySafety,1,0,None,ACCEPT
devign_9864,FFmpeg,CWE-MemorySafety,1,0,None,ACCEPT
devign_9865,FFmpeg,CWE-MemorySafety,0,0,None,ACCEPT
devign_9866,FFmpeg,CWE-MemorySafety,0,0,None,ACCEPT
devign_9867,FFmpeg,CWE-MemorySafety,0,0,None,ACCEPT
devign_9868,FFmpeg,CWE-MemorySafety,0,0,None,ACCEPT
devign_9870,qemu,CWE-MemorySafety,0,0,None,ACCEPT
devign_9872,qemu,CWE-MemorySafety,0,0,None,ACCEPT
devign_9874,qemu,CWE-MemorySafety,0,0,None,ACCEPT
devign_9875,qemu,CWE-MemorySafety,0,0,None,ACCEPT
devign_9876,qemu,CWE-MemorySafety,0,0,None,ACCEPT
devign_9877,qemu,CWE-MemorySafety,0,0,None,ACCEPT
devign_9878,qemu,CWE-MemorySafety,0,0,None,ACCEPT
devign_9879,qemu,CWE-MemorySafety,0,0,None,ACCEPT
devign_9881,qemu,CWE-MemorySafety,0,1,CWE-252: Unchecked Dynamic Allocation Return,REJECT
devign_9882,FFmpeg,CWE-MemorySafety,0,0,None,ACCEPT
devign_9883,qemu,CWE-MemorySafety,0,0,None,ACCEPT
devign_9884,qemu,CWE-MemorySafety,0,0,None,ACCEPT
devign_9886,qemu,CWE-MemorySafety,0,0,None,ACCEPT
devign_9887,qemu,CWE-MemorySafety,0,0,None,ACCEPT
devign_9888,FFmpeg,CWE-MemorySafety,0,0,None,ACCEPT
devign_9889,qemu,CWE-MemorySafety,0,0,None,ACCEPT
devign_9890,qemu,CWE-MemorySafety,0,0,None,ACCEPT
devign_9891,qemu,CWE-MemorySafety,0,0,None,ACCEPT
devign_9892,FFmpeg,CWE-MemorySafety,0,0,None,ACCEPT
devign_9894,FFmpeg,CWE-MemorySafety,0,0,None,ACCEPT
devign_9895,FFmpeg,CWE-MemorySafety,1,0,None,ACCEPT
devign_9896,FFmpeg,CWE-MemorySafety,1,0,None,ACCEPT
devign_9897,qemu,CWE-MemorySafety,1,0,None,ACCEPT
devign_9898,FFmpeg,CWE-MemorySafety,1,0,None,ACCEPT
devign_9900,qemu,CWE-MemorySafety,1,0,None,ACCEPT
devign_9901,FFmpeg,CWE-MemorySafety,0,0,None,ACCEPT
devign_9902,qemu,CWE-MemorySafety,1,0,None,ACCEPT
devign_9903,qemu,CWE-MemorySafety,1,0,None,ACCEPT
devign_9905,qemu,CWE-MemorySafety,1,0,None,ACCEPT
devign_9906,qemu,CWE-MemorySafety,1,0,None,ACCEPT
devign_9907,qemu,CWE-MemorySafety,1,0,None,ACCEPT
devign_9908,FFmpeg,CWE-MemorySafety,1,0,None,ACCEPT
devign_9909,FFmpeg,CWE-MemorySafety,0,0,None,ACCEPT
devign_9910,FFmpeg,CWE-MemorySafety,0,0,None,ACCEPT
devign_9911,FFmpeg,CWE-MemorySafety,0,0,None,ACCEPT
devign_9912,FFmpeg,CWE-MemorySafety,0,0,None,ACCEPT
devign_9913,FFmpeg,CWE-MemorySafety,0,1,CWE-252: Unchecked Dynamic Allocation Return,REJECT
devign_9914,FFmpeg,CWE-MemorySafety,0,0,None,ACCEPT
devign_9915,FFmpeg,CWE-MemorySafety,0,0,None,ACCEPT
devign_9916,FFmpeg,CWE-MemorySafety,0,0,None,ACCEPT
devign_9917,FFmpeg,CWE-MemorySafety,0,1,CWE-252: Unchecked Dynamic Allocation Return,REJECT
devign_9918,FFmpeg,CWE-MemorySafety,0,0,None,ACCEPT
devign_9919,qemu,CWE-MemorySafety,0,0,None,ACCEPT
devign_9921,qemu,CWE-MemorySafety,0,0,None,ACCEPT
devign_9922,qemu,CWE-MemorySafety,0,0,None,ACCEPT
devign_9923,qemu,CWE-MemorySafety,0,0,None,ACCEPT
devign_9924,qemu,CWE-MemorySafety,0,0,None,ACCEPT
devign_9925,FFmpeg,CWE-MemorySafety,0,0,None,ACCEPT
devign_9926,qemu,CWE-MemorySafety,0,0,None,ACCEPT
devign_9929,FFmpeg,CWE-MemorySafety,0,1,CWE-252: Unchecked Dynamic Allocation Return,REJECT
devign_9930,qemu,CWE-MemorySafety,1,0,None,ACCEPT
devign_9931,qemu,CWE-MemorySafety,1,0,None,ACCEPT
devign_9932,qemu,CWE-MemorySafety,1,0,None,ACCEPT
devign_9933,FFmpeg,CWE-MemorySafety,1,1,CWE-252: Unchecked Dynamic Allocation Return,REJECT
devign_9934,qemu,CWE-MemorySafety,1,0,None,ACCEPT
devign_9936,FFmpeg,CWE-MemorySafety,0,0,None,ACCEPT
devign_9937,FFmpeg,CWE-MemorySafety,0,0,None,ACCEPT
devign_9938,FFmpeg,CWE-MemorySafety,0,0,None,ACCEPT
devign_9939,FFmpeg,CWE-MemorySafety,0,0,None,ACCEPT
devign_9940,qemu,CWE-MemorySafety,1,0,None,ACCEPT
devign_9941,FFmpeg,CWE-MemorySafety,1,0,None,ACCEPT
devign_9942,qemu,CWE-MemorySafety,1,0,None,ACCEPT
devign_9943,qemu,CWE-MemorySafety,1,0,None,ACCEPT
devign_9944,FFmpeg,CWE-MemorySafety,1,0,None,ACCEPT
devign_9945,qemu,CWE-MemorySafety,1,0,None,ACCEPT
devign_9946,qemu,CWE-MemorySafety,1,0,None,ACCEPT
devign_9947,FFmpeg,CWE-MemorySafety,1,0,None,ACCEPT
devign_9948,FFmpeg,CWE-MemorySafety,0,0,None,ACCEPT
devign_9949,FFmpeg,CWE-MemorySafety,0,0,None,ACCEPT
devign_9950,FFmpeg,CWE-MemorySafety,0,0,None,ACCEPT
devign_9952,FFmpeg,CWE-MemorySafety,0,0,None,ACCEPT
devign_9953,FFmpeg,CWE-MemorySafety,0,0,None,ACCEPT
devign_9955,FFmpeg,CWE-MemorySafety,1,0,None,ACCEPT
devign_9956,qemu,CWE-MemorySafety,1,0,None,ACCEPT
devign_9957,qemu,CWE-MemorySafety,1,0,None,ACCEPT
devign_9959,qemu,CWE-MemorySafety,1,1,CWE-252: Unchecked Dynamic Allocation Return,REJECT
devign_9960,qemu,CWE-MemorySafety,1,0,None,ACCEPT
devign_9961,qemu,CWE-MemorySafety,1,0,None,ACCEPT
devign_9962,qemu,CWE-MemorySafety,1,0,None,ACCEPT
devign_9964,FFmpeg,CWE-MemorySafety,0,0,None,ACCEPT
devign_9965,FFmpeg,CWE-MemorySafety,0,0,None,ACCEPT
devign_9966,qemu,CWE-MemorySafety,0,0,None,ACCEPT
devign_9967,qemu,CWE-MemorySafety,0,0,None,ACCEPT
devign_9968,qemu,CWE-MemorySafety,0,0,None,ACCEPT
devign_9969,qemu,CWE-MemorySafety,0,0,None,ACCEPT
devign_9970,FFmpeg,CWE-MemorySafety,0,1,CWE-252: Unchecked Dynamic Allocation Return,REJECT
devign_9971,qemu,CWE-MemorySafety,0,0,None,ACCEPT
devign_9973,qemu,CWE-MemorySafety,0,0,None,ACCEPT
devign_9974,qemu,CWE-MemorySafety,0,0,None,ACCEPT
devign_9975,qemu,CWE-MemorySafety,0,0,None,ACCEPT
devign_9976,qemu,CWE-MemorySafety,0,0,None,ACCEPT
devign_9977,qemu,CWE-MemorySafety,0,0,None,ACCEPT
devign_9978,qemu,CWE-MemorySafety,0,0,None,ACCEPT
devign_9979,FFmpeg,CWE-MemorySafety,0,0,None,ACCEPT
devign_9980,qemu,CWE-MemorySafety,0,0,None,ACCEPT
devign_9981,qemu,CWE-MemorySafety,1,0,None,ACCEPT
devign_9982,qemu,CWE-MemorySafety,1,0,None,ACCEPT
devign_9984,qemu,CWE-MemorySafety,1,0,None,ACCEPT
devign_9985,FFmpeg,CWE-MemorySafety,1,0,None,ACCEPT
devign_9986,qemu,CWE-MemorySafety,1,0,None,ACCEPT
devign_9987,FFmpeg,CWE-MemorySafety,1,0,None,ACCEPT
devign_9988,FFmpeg,CWE-MemorySafety,0,0,None,ACCEPT
devign_9989,FFmpeg,CWE-MemorySafety,0,1,CWE-252: Unchecked Dynamic Allocation Return,REJECT
devign_9990,FFmpeg,CWE-MemorySafety,0,0,None,ACCEPT
devign_9991,FFmpeg,CWE-MemorySafety,0,1,CWE-252: Unchecked Dynamic Allocation Return,REJECT
devign_9992,qemu,CWE-MemorySafety,0,0,None,ACCEPT
devign_9993,qemu,CWE-MemorySafety,0,0,None,ACCEPT
devign_9994,qemu,CWE-MemorySafety,0,0,None,ACCEPT
devign_9995,qemu,CWE-MemorySafety,0,0,None,ACCEPT
devign_9996,qemu,CWE-MemorySafety,0,0,None,ACCEPT
devign_9997,qemu,CWE-MemorySafety,0,1,CWE-252: Unchecked Dynamic Allocation Return,REJECT
devign_9998,qemu,CWE-MemorySafety,0,0,None,ACCEPT
devign_9999,qemu,CWE-MemorySafety,0,0,None,ACCEPT
devign_10000,qemu,CWE-MemorySafety,0,0,None,ACCEPT
